,0,1,2,3,4,5,6,7,8,9,10,11,12,13,14,15,16,17,18,19,20,21,22,23,24,25,26,27,28,29,30,31,32,33,34,35,36,37,38,39,40,41,42,43,44,45,46,47,48,49,50,51,52,53,54,55,56,57,58,59,60,61,62,63,64,65,66,67,68,69,70,71,72,73,74,75,76,77,78,79,80,81,82,83,84,85,86,87,88,89,90,91,92,93,94,95,96,97,98,99
2018-12-02,-0.4256574,0.38997984,0.49128497,0.9273923,0.27452525,-1.8001682,2.821088,3.187292,-0.64191836,-1.7319338,-2.2427769,0.18163547,2.3815374,0.43523267,1.3522983,0.79670995,0.8434757,-2.5745735,-0.16678791,-0.22823018,0.95506394,-1.2252825,0.30518928,-0.23929343,-1.7190421,0.09760075,1.5591168,-0.037683353,-1.1355476,0.48692578,1.3570684,0.36192223,-0.2501013,2.9309778,-0.9691642,4.206718,1.1087306,-0.12348058,1.8806218,1.9433202,0.16105676,-1.3953056,0.64139646,1.2366477,-2.0173442,-1.7876861,-1.0487541,1.3888835,0.753128,-1.9720665,-0.35520127,-0.09956961,0.68432957,-0.26197445,-1.3654121,-0.30507705,1.3252882,0.21911547,-0.27559832,-0.81576365,1.7392308,-2.1413639,-1.5107273,-1.1691719,-1.6117036,3.7093344,1.356203,-1.799863,0.047368776,-1.7843858,0.8571732,0.59945613,-0.20137617,3.3960576,-2.9418514,-1.925904,0.0055384496,-0.6192843,-0.52580965,-0.65457535,0.14708635,-0.53130126,-0.76506454,-3.0724344,-0.20602661,0.2773399,-1.2803173,0.40491885,1.0706517,2.4044695,-0.85029817,0.800184,0.4677834,-1.6736951,0.7432305,-0.7801736,2.714438,0.1520897,0.7114414,-0.3927943
2018-12-03,-0.30917865,0.47838917,0.6819068,0.65950954,0.24973252,-1.8384125,2.6211834,3.3890011,-0.8364384,-1.6705793,-2.5060046,0.15873553,2.45784,0.3303615,1.3834246,0.7008234,0.57861847,-2.2252023,-0.16889872,0.05671087,0.85913634,-0.9586049,0.011181092,-0.30320767,-1.6325316,0.11531168,1.5752672,-0.009226423,-1.2026521,0.2974851,1.5735382,0.26037434,-0.3592146,3.0491326,-0.91054654,4.2004046,0.758352,-0.10991057,1.9434493,2.0246549,0.12071964,-1.2767563,0.92199904,1.153635,-1.8362584,-1.6563461,-0.92623955,1.2161807,1.0466355,-1.564237,-0.42340633,-0.017481953,0.64870447,-0.17860785,-1.2895389,-0.5051937,1.1433702,0.34859332,0.048528988,-0.5354383,1.4767938,-2.0012233,-1.2697653,-1.035696,-1.5766008,3.6940026,1.3915296,-1.7149462,0.053963978,-1.9807003,0.98140234,0.43153703,-0.41506276,3.3877754,-2.7028344,-1.7497053,0.21761878,-0.8565962,-0.2810605,-0.6519662,0.024527187,-0.5442076,-0.7587758,-3.1639638,-0.38976225,0.14506419,-1.3993207,0.4729743,1.2433131,2.6664364,-1.060054,0.8826418,0.5159983,-1.6461287,0.49555945,-0.8964904,2.6794078,0.05701056,0.6568163,-0.37879837
2018-12-04,-0.16434328,0.40975523,0.7022356,0.6593787,0.11444892,-1.9038086,2.647403,3.2891638,-0.7324084,-1.6715103,-2.3908691,0.15680577,2.3302338,0.52973974,1.3461732,0.6050792,0.443346,-2.2015846,-0.15787888,0.049949616,0.80825883,-0.93677664,0.19425505,-0.29343352,-1.5081294,0.20209867,1.5990127,0.037927408,-1.1639348,0.34315857,1.5755142,0.25982752,-0.45950666,3.0550783,-0.8202573,4.061655,0.7846844,0.1070591,1.8658919,2.0856557,0.06197373,-1.3852886,0.97187376,1.0975807,-1.7930593,-1.7208124,-0.8244469,1.2483039,1.0604341,-1.6370711,-0.43825772,-0.062074468,0.72266024,-0.27398708,-1.4354577,-0.5416893,1.3748792,0.2303256,-0.024813661,-0.4224467,1.4688985,-2.0248687,-1.2296517,-0.8049019,-1.5384501,3.6226034,1.331286,-1.7570328,0.0764922,-1.9563665,0.9525376,0.3622004,-0.5417131,3.1286042,-2.824625,-1.7929888,0.24696663,-0.88279116,-0.27075174,-0.66656244,0.15108854,-0.4498976,-0.7233282,-3.094177,-0.38999224,0.10498648,-1.3691155,0.42575663,1.2205138,2.681433,-1.0875481,0.89177305,0.5168918,-1.6432965,0.8047493,-0.8228695,2.4238534,-0.10354751,0.5641916,-0.3445824
2018-12-06,-0.1405158,0.5769445,0.75475526,0.67198956,0.07707156,-1.9481819,2.5065536,3.4798744,-0.9194036,-1.8205397,-2.5525455,0.19851133,2.275687,0.4605614,1.295897,0.57971156,0.5199463,-2.0336223,-0.07654943,0.11939558,0.7361998,-0.86458826,-0.18506613,-0.29911685,-1.5659444,0.10631126,1.3901653,0.083252504,-1.2235341,0.32585144,1.5112029,0.40928286,-0.5083994,3.0943565,-0.7943454,4.2106676,0.7751632,0.0012848789,1.9398228,1.9773861,-0.0039603105,-1.313656,0.9999861,1.0316421,-1.7853179,-1.5537808,-0.8150717,1.250436,1.072573,-1.6278819,-0.4907082,0.0956674,0.73858434,-0.13626827,-1.2207485,-0.5111601,1.1362082,0.30314574,0.02492325,-0.4775353,1.52321,-1.9137146,-1.2447304,-0.84853977,-1.7258748,3.6562726,1.3759488,-1.6103064,-0.20459363,-2.0402634,1.0320245,0.50272137,-0.49018967,3.5276859,-2.46408,-1.6560485,0.3669378,-0.8885691,-0.2654288,-0.7257948,-0.16906847,-0.5080399,-0.7564123,-3.0640147,-0.4568507,0.2226657,-1.3607005,0.3242981,1.2064565,2.7681134,-1.044457,1.0023983,0.39834464,-1.8999482,0.54755044,-0.8783041,2.707218,-0.022240724,0.72324336,-0.33059612
2018-12-09,-0.32389915,0.583918,0.6803135,0.65446484,0.32154092,-1.7017523,2.6616342,3.2509754,-0.81295174,-1.7957934,-2.5169735,0.025682766,2.476068,0.21227181,1.4172859,0.70122886,0.73429054,-2.3697872,-0.1384045,-0.07153862,0.9524382,-1.0207249,-0.046201758,-0.34377337,-1.7042234,0.082024574,1.4929702,-0.060053598,-1.2343912,0.32219937,1.4464335,0.32343057,-0.33675674,2.907356,-0.8541834,4.4248815,0.80034083,-0.20011406,2.000441,2.0485134,0.046580367,-1.2750672,0.7941073,1.2452449,-1.8881527,-1.6201899,-0.9107825,1.4028834,0.9722155,-1.5715568,-0.4631189,0.041040264,0.6120507,-0.15826534,-1.2457259,-0.3192324,1.1784708,0.250081,-0.0061507546,-0.6662985,1.6645169,-1.9677043,-1.3898858,-1.0823878,-1.608884,3.686757,1.3690113,-1.6789415,0.02997159,-1.8217248,1.0015914,0.48546037,-0.28168547,3.4836795,-2.7649693,-1.7798145,0.20826863,-0.61334443,-0.21462844,-0.5925107,0.03362164,-0.6587729,-0.77387816,-3.240688,-0.38315713,0.19018218,-1.3733588,0.5135145,1.1476564,2.525145,-0.9442376,0.9505469,0.43845338,-1.6049125,0.41758502,-0.9648026,2.7015216,0.13844156,0.7383631,-0.39842764
2018-12-10,-0.24617116,0.4701634,0.62246644,0.86155635,0.1871706,-1.9861107,2.674578,3.2376003,-0.6989868,-1.7958896,-2.3304102,0.10701547,2.2476618,0.52265286,1.2823311,0.6575159,0.5436991,-2.3308463,-0.12778904,-0.013525043,0.87379545,-1.0503695,0.14534703,-0.25136557,-1.5366193,0.18666263,1.5608616,0.046878066,-1.1893182,0.4124077,1.4798478,0.3647612,-0.4056217,3.0673316,-0.8335768,4.0709405,0.97874683,0.019378321,1.8667079,1.9967637,0.028364453,-1.3804082,0.85972035,1.1178949,-1.833647,-1.6645751,-0.93755764,1.3236976,0.9341787,-1.7358863,-0.43134585,-0.118870586,0.7224074,-0.17645217,-1.3874611,-0.46162492,1.363517,0.24300836,-0.12066832,-0.5595567,1.6653485,-2.051958,-1.3531499,-0.89594877,-1.6217805,3.5275342,1.3679944,-1.7184129,0.023583816,-1.9034367,0.99171805,0.5052508,-0.383453,3.2991612,-2.7517393,-1.6582263,0.16667102,-0.81767315,-0.29862055,-0.67097133,0.07252388,-0.392466,-0.77182156,-2.9747782,-0.356527,0.13170093,-1.3537583,0.36619252,1.2043129,2.5221055,-1.04445,0.83682483,0.52742857,-1.787255,0.82774943,-0.7585262,2.5906477,0.015613038,0.694092,-0.36808178
2018-12-11,-0.30358905,0.5534471,0.61698246,0.761469,0.22339949,-1.761505,2.704239,3.2676258,-0.8228572,-1.8535894,-2.3994982,0.08797869,2.303225,0.37126744,1.3310835,0.7069703,0.69466156,-2.3777392,-0.042139206,-0.109288976,0.9177771,-1.1651195,0.052246094,-0.34726036,-1.72079,0.13477838,1.3753746,-0.07107773,-1.20751,0.40447024,1.4485502,0.39746234,-0.37890202,2.9454834,-0.759888,4.440912,0.94586015,-0.10098924,1.9012421,2.0895445,-0.030020658,-1.4083207,0.7539674,1.1473266,-1.9675838,-1.6714612,-0.81920993,1.4692303,0.9140772,-1.7986978,-0.56519526,0.0028565763,0.7033994,-0.206451,-1.1858648,-0.33820105,1.2786504,0.09480658,-0.09665145,-0.7072164,1.6980302,-2.0317395,-1.5091891,-0.94120336,-1.7324286,3.6922731,1.4362922,-1.6884416,-0.10029981,-1.9313082,1.0171611,0.6221348,-0.27224624,3.5661454,-2.7970958,-1.768176,0.17898299,-0.44631162,-0.34786183,-0.6825056,-0.0051789954,-0.62678087,-0.8132749,-3.1500795,-0.3647342,0.2542129,-1.2900236,0.39599207,1.0873429,2.50078,-0.75977486,0.8990061,0.3960487,-1.7416862,0.62747055,-0.9484296,2.7266812,0.10440866,0.7562751,-0.43748593
2018-12-12,-0.2731627,0.46469286,0.61048007,0.77082586,0.27048495,-1.8719895,2.6325498,3.3245444,-0.63605547,-1.8563464,-2.4556754,0.07857971,2.3660781,0.41682324,1.2196298,0.5731992,0.5322132,-2.3588905,-0.18430887,0.044452023,0.81956625,-1.008017,0.021932809,-0.254953,-1.5324211,0.25312126,1.690102,0.062871076,-1.1710069,0.41911077,1.5606719,0.32509506,-0.45992646,3.1406925,-0.93681884,4.065273,0.98748183,-0.032885984,1.9234515,1.8792186,0.17485775,-1.3321422,0.8612266,1.2625412,-1.8192574,-1.6372346,-1.0479183,1.311291,0.89170736,-1.6574692,-0.36928126,-0.15097441,0.7116633,-0.11262231,-1.3685037,-0.58780116,1.3296489,0.3617686,-0.128931,-0.6081852,1.684804,-2.00343,-1.3337818,-0.92108184,-1.6585394,3.550203,1.4101532,-1.8076115,-0.03269849,-1.8670868,0.8281188,0.41548315,-0.35516697,3.368139,-2.7065074,-1.6208743,0.027074417,-0.84064656,-0.29477352,-0.65274197,0.090393126,-0.32613617,-0.7441467,-3.0837018,-0.33662868,0.12250036,-1.4270277,0.3630582,1.1491103,2.5728495,-1.1443411,0.9026238,0.45344514,-1.7921807,0.69046134,-0.6852941,2.6729913,0.10605729,0.77460265,-0.3404077
2018-12-13,-0.1858847,0.45022815,0.6996977,0.66431653,0.03576922,-1.8059098,2.6610157,3.1609614,-0.69673634,-1.7964845,-2.3681798,0.10975003,2.2823386,0.5135214,1.2945063,0.57523084,0.5294782,-2.2272446,-0.10403653,-0.058795433,0.8041262,-0.95749015,0.12012061,-0.31823376,-1.5219766,0.15492427,1.4979231,0.0031113,-1.1334311,0.3842718,1.4694163,0.31551057,-0.54697186,2.9530754,-0.7855288,4.1580987,0.81115115,0.0745207,1.9075555,1.9708812,0.02925092,-1.4048926,0.8983326,1.0507523,-1.7814832,-1.7126242,-0.7625737,1.3590063,0.9434649,-1.7321899,-0.4564418,0.00014693863,0.78712153,-0.3057319,-1.4002548,-0.47953033,1.3936112,0.13495871,-0.093840316,-0.5232884,1.5950345,-1.9563755,-1.3759868,-0.87583804,-1.6099238,3.60253,1.3097142,-1.7318281,-0.05959382,-1.8535441,0.9089879,0.4227346,-0.45261663,3.1435602,-2.7836425,-1.8063633,0.19739349,-0.7155403,-0.2879968,-0.602266,0.11814982,-0.47748217,-0.707449,-3.0892081,-0.36057207,0.17300753,-1.3539367,0.38804856,1.0767016,2.5885677,-0.97436804,0.97668195,0.3636478,-1.7509298,0.8389219,-0.78036183,2.5128493,-0.04486832,0.6684931,-0.29142424
2018-12-16,-0.28330734,0.47718337,0.81063473,0.62909186,0.17569438,-1.9467801,2.7085545,3.2000194,-0.74978703,-1.7795277,-2.4583654,0.084391825,2.3312364,0.34336278,1.3186864,0.6041844,0.4435324,-2.3090367,-0.11325461,0.0010635151,0.91181064,-0.9222508,0.08215623,-0.2387894,-1.522783,0.16259696,1.6516405,0.008580376,-1.1973187,0.2951873,1.5740651,0.2531318,-0.49272454,3.035157,-0.7794351,4.2031446,0.7422212,-0.0455989,1.9106094,1.9898651,0.0158545,-1.2777402,0.96154696,1.129247,-1.7010915,-1.6632203,-0.80642545,1.3224902,1.069595,-1.5169187,-0.3455513,-0.048390817,0.64940506,-0.12932952,-1.3923832,-0.5016919,1.3686737,0.31277224,0.00058282923,-0.58006525,1.565636,-1.9558706,-1.3242742,-0.8080929,-1.5724818,3.5592804,1.4041523,-1.719892,0.16417673,-1.8824334,1.04205,0.2809765,-0.51529735,3.1650412,-2.7152328,-1.678945,0.27134755,-0.9431163,-0.062085208,-0.5627568,0.0870968,-0.41346136,-0.75924665,-3.1082442,-0.2579487,0.07309044,-1.4873451,0.5395153,1.1893746,2.6552773,-1.0905316,0.97387964,0.54361343,-1.5518672,0.67600185,-0.87490875,2.5248115,-0.045645144,0.6862072,-0.3812724
2018-12-18,-0.3689359,0.36428875,0.6023492,0.76276904,0.12884098,-1.7710601,2.835427,3.0479722,-0.6644515,-1.7807201,-2.23411,0.10700387,2.288777,0.40482882,1.3436476,0.6982931,0.64196056,-2.529677,-0.0921203,-0.2351062,0.93897855,-1.1293454,0.3037233,-0.26371244,-1.6626178,0.1603315,1.5402539,-0.08824692,-1.138335,0.40844008,1.4716616,0.3093105,-0.4284888,2.9138396,-0.79007393,4.2805524,0.9096273,-0.042886052,1.8513516,2.0118518,0.08759493,-1.3868693,0.72220397,1.1794875,-1.8550558,-1.79697,-0.79281837,1.4372485,0.91902614,-1.8374863,-0.40410843,-0.06621561,0.68846005,-0.32707572,-1.3862903,-0.40681893,1.4751849,0.08260997,-0.16915476,-0.70358473,1.6388943,-2.0671418,-1.5206475,-0.9421892,-1.5999004,3.6273026,1.3820926,-1.7857021,0.11273594,-1.8066579,0.90131474,0.45953494,-0.3331885,3.1774936,-2.9581325,-1.8463551,0.111970335,-0.5423457,-0.30053788,-0.5871441,0.20004477,-0.5040169,-0.8033272,-3.142286,-0.21524234,0.17512447,-1.336928,0.46712548,1.0537292,2.4217563,-0.82335836,0.8817252,0.44965702,-1.5652121,0.8283363,-0.83541536,2.592544,0.023318421,0.66452926,-0.4068588
2018-12-19,-0.30892313,0.4819451,0.74382025,0.5638703,0.34997612,-1.7639546,2.640906,3.3435063,-0.7202648,-1.7350668,-2.604292,0.047602378,2.5421119,0.26616445,1.3424035,0.5751467,0.554786,-2.341135,-0.2041052,0.0632399,0.87788033,-0.91554576,-0.013803435,-0.29752487,-1.5769207,0.15339215,1.7656498,-0.024531377,-1.2034755,0.30953434,1.5937214,0.19053335,-0.4087243,3.024274,-0.93382615,4.240353,0.7795123,-0.15573,2.007805,1.9867929,0.16547011,-1.2742265,0.9351543,1.2596066,-1.8087118,-1.6352552,-0.9879008,1.2833836,0.9711718,-1.4231749,-0.33987445,-0.0764267,0.60773057,-0.09883873,-1.3697127,-0.5432188,1.2360299,0.4138955,0.019264763,-0.6028266,1.580867,-1.9563401,-1.2719934,-0.9760276,-1.5562656,3.6824555,1.3991889,-1.8203058,0.1270515,-1.8527157,0.9005693,0.2509204,-0.4115461,3.308226,-2.7631972,-1.7731309,0.12930241,-0.900448,-0.16523911,-0.57379895,0.11637742,-0.44863692,-0.6699732,-3.2434568,-0.31558445,0.10750372,-1.5098217,0.56788826,1.149735,2.6910875,-1.1621356,0.9870693,0.49058205,-1.5074873,0.49072394,-0.8244805,2.593013,0.07471371,0.72827137,-0.37673253
2018-12-20,-0.2856819,0.6064283,0.7603807,0.5669868,0.33295885,-1.6818463,2.697436,3.2158608,-0.7515728,-1.7874303,-2.552596,0.020407213,2.548454,0.12717082,1.4303348,0.7288558,0.66833466,-2.4028974,-0.17290398,-0.046065114,0.9565421,-1.0500638,0.019727128,-0.2785771,-1.6734214,0.11064101,1.5715948,-0.009895809,-1.204906,0.2983261,1.5035647,0.29901975,-0.40418053,2.9392345,-0.8854591,4.3796144,0.7715597,-0.1581481,2.0176713,2.0261354,0.04247756,-1.2638005,0.81990504,1.3524084,-1.8685951,-1.6263522,-0.8952506,1.4017198,1.0031877,-1.5366558,-0.41425595,0.0002935323,0.61361927,-0.13066965,-1.3581539,-0.29675418,1.2611585,0.3012839,-0.031683236,-0.65654296,1.6406814,-1.9459953,-1.3537285,-1.0220197,-1.577481,3.704056,1.3351816,-1.7143087,0.105595216,-1.793047,0.997081,0.39850676,-0.36552757,3.3852482,-2.833185,-1.8389528,0.17804301,-0.71530455,-0.118834816,-0.5643702,0.13698341,-0.6550258,-0.7582977,-3.2933629,-0.31136814,0.16683722,-1.4433459,0.5426495,1.1363032,2.5612469,-0.99906456,1.0126741,0.42142838,-1.4943097,0.408651,-1.0184985,2.590169,0.10677913,0.7026024,-0.35789487
2019-01-03,-0.4032788,0.44316795,0.5620038,1.010414,0.26475254,-2.042828,2.8196242,3.237926,-0.67712647,-1.7888597,-2.2107053,0.18333519,2.199361,0.49428803,1.264665,0.84140205,0.6415723,-2.5515323,-0.08431983,-0.13892849,1.003462,-1.291986,0.32121426,-0.1824802,-1.6651335,0.21272074,1.5521064,0.01409851,-1.1783992,0.47745907,1.4558138,0.38708764,-0.302251,3.1009805,-0.86233926,4.1475143,1.1632351,-0.019198848,1.7657361,1.9983599,0.017055126,-1.3734226,0.71411896,1.1740813,-1.9393363,-1.7492107,-0.9974183,1.4211636,0.8640055,-1.9576433,-0.38904288,-0.19228657,0.70625657,-0.11712709,-1.329757,-0.33495057,1.4082187,0.23907445,-0.2549717,-0.802435,1.7559174,-2.1916444,-1.5034331,-0.936833,-1.6885513,3.567346,1.4629624,-1.740848,0.10442864,-1.928345,1.0332898,0.6485587,-0.28662705,3.415432,-2.8218143,-1.6578985,0.070201434,-0.7303689,-0.4045532,-0.69510686,0.0924279,-0.42320314,-0.86837924,-2.926286,-0.18023112,0.17707856,-1.3075294,0.34914118,1.2012936,2.4405375,-0.859493,0.7175016,0.5979637,-1.7612423,0.83830935,-0.83485746,2.6852634,0.10288573,0.70128393,-0.47307938
2019-01-06,-0.22324464,0.5634601,0.7513924,0.72429985,0.21064804,-1.9325801,2.6605687,3.1880238,-0.710541,-1.7305698,-2.4407494,0.100189656,2.439771,0.30610272,1.367013,0.7293725,0.55494344,-2.245763,-0.22393128,0.03922422,0.8890192,-0.977106,0.11200973,-0.20035085,-1.4979186,0.105115496,1.5743691,0.12948672,-1.1755246,0.31010628,1.4867264,0.33477992,-0.41535914,3.0374894,-0.90614504,4.0345407,0.788074,0.008846041,1.9703566,1.9402909,0.006026031,-1.2561978,0.93951434,1.2327342,-1.7812217,-1.6142826,-0.9364149,1.244993,1.009312,-1.6044464,-0.3893991,-0.042460714,0.6869651,-0.17932895,-1.4916438,-0.37256208,1.3042543,0.3333701,-0.07388549,-0.49432313,1.5898441,-1.936863,-1.2575709,-0.9883557,-1.5074971,3.5376873,1.2600842,-1.6523012,0.091270946,-1.813737,1.0179845,0.38944155,-0.49200496,3.1820815,-2.7457387,-1.7298009,0.21370311,-1.0102576,-0.15327705,-0.5819259,0.13402165,-0.5063121,-0.7473937,-3.077694,-0.34670982,0.09624433,-1.4204246,0.4384882,1.2941829,2.534299,-1.1607153,0.93334746,0.4963881,-1.6944426,0.6317931,-0.87683755,2.493441,0.0050247,0.6412223,-0.2673678
2019-01-08,-0.19352795,0.47342664,0.86008835,0.6043116,0.0826732,-2.0409017,2.6686928,3.2510962,-0.8535259,-1.6984608,-2.4365814,0.16321932,2.2771695,0.33312145,1.3205489,0.5983402,0.28692698,-2.185086,-0.11806012,0.11914795,0.8436905,-0.9007573,0.10686298,-0.17178468,-1.4406087,0.20692958,1.5453016,0.09990171,-1.2222375,0.22497925,1.7053286,0.2984855,-0.53787726,3.150506,-0.671487,4.110643,0.60248977,0.11388603,1.8818552,2.1265316,-0.07384266,-1.2567708,1.1078045,1.1387058,-1.6513838,-1.6208458,-0.68831575,1.2166206,1.2590295,-1.4634944,-0.46284413,-0.01765315,0.60412866,-0.19577105,-1.4271158,-0.63598853,1.4826751,0.21650155,0.07854343,-0.34251055,1.3857744,-1.904159,-1.2313343,-0.5832055,-1.54453,3.5092173,1.4065549,-1.6681465,0.16603835,-2.0003364,1.096762,0.20161434,-0.72199446,3.0923944,-2.713498,-1.6078002,0.39431167,-1.0067452,0.059695713,-0.63597435,0.07480781,-0.41072053,-0.81860405,-3.1393917,-0.3389106,-1.6067139e-05,-1.4455684,0.4937406,1.395188,2.6681936,-1.1095005,0.9634482,0.5719589,-1.5762863,0.70287025,-0.9562202,2.3871207,-0.18699348,0.56496894,-0.42010188
2019-01-09,-0.24313918,0.50585485,0.6878943,0.86608946,0.124686554,-2.047309,2.7153795,3.1399724,-0.70037574,-1.882676,-2.3179538,0.050018236,2.1573431,0.39997417,1.1811668,0.6403922,0.39306015,-2.298612,-0.07678725,-0.012494014,0.82339925,-1.0561154,0.12728254,-0.152154,-1.4346527,0.2237988,1.5248573,0.13006297,-1.146965,0.36680454,1.5911982,0.3994963,-0.5107503,3.1286528,-0.6721517,4.032602,0.88377434,0.101393886,1.8477124,1.9852637,-0.08219127,-1.3210887,0.9288477,1.1537763,-1.7364342,-1.579038,-0.8050785,1.3302411,0.9836287,-1.6699775,-0.5116372,-0.1322176,0.7319792,-0.2464111,-1.3987416,-0.5442263,1.4621397,0.10123706,-0.16233918,-0.5138523,1.6461585,-1.9293236,-1.4231863,-0.6760806,-1.6838007,3.348377,1.389433,-1.6345223,-0.029453807,-1.9186584,1.0118496,0.4281508,-0.49264368,3.2254612,-2.6670454,-1.4411731,0.17235892,-0.79746747,-0.10920466,-0.6309185,0.05063515,-0.3243049,-0.8499465,-3.0048308,-0.3161858,0.043838967,-1.4138747,0.32229957,1.3307697,2.3489242,-0.9860613,0.8504598,0.47514516,-1.8308191,0.8448449,-0.77299356,2.5628355,-0.018815752,0.6978219,-0.3825035
2019-01-10,-0.21293,0.54339784,0.7289516,0.7165548,0.101212874,-1.8399925,2.6876428,3.165841,-0.7218297,-1.9722071,-2.4262452,-0.030209243,2.165195,0.41717374,1.2124426,0.5744761,0.48763797,-2.3107612,0.015970534,-0.10765226,0.8119903,-0.99744225,0.0032349727,-0.30070478,-1.5630656,0.19256428,1.4824675,-0.008765854,-1.1592898,0.40117723,1.5202179,0.34590605,-0.56994516,2.9748185,-0.6277177,4.321067,0.88003737,0.019051336,1.8607222,2.0177255,-0.08169849,-1.3619149,0.84495157,1.084116,-1.7700475,-1.5945771,-0.70442486,1.5010397,0.9219077,-1.6532309,-0.5278784,-0.048250556,0.77994627,-0.23289767,-1.2752255,-0.4230916,1.35709,0.044472046,-0.15185569,-0.6521143,1.7225277,-1.9322515,-1.4694589,-0.727893,-1.7800441,3.4800246,1.3952377,-1.6552246,-0.12001284,-1.8913782,0.9984935,0.48776484,-0.3693926,3.3566566,-2.642695,-1.5506114,0.20871766,-0.5613036,-0.16349809,-0.59472543,0.014147452,-0.44441614,-0.78976625,-3.1007323,-0.31770524,0.14281115,-1.4044867,0.34930223,1.0918753,2.4459848,-0.8387975,0.95081973,0.3564687,-1.7764298,0.744999,-0.8177639,2.622724,0.018398631,0.7625467,-0.39355168
2019-01-13,-0.18864329,0.5091511,0.69071424,0.6263876,0.22583532,-1.7748537,2.6123736,3.2497053,-0.7027241,-1.7905751,-2.491642,0.0077382466,2.3925352,0.4204866,1.3852023,0.6062695,0.56123495,-2.2704594,-0.14044274,-0.008858291,0.8485381,-0.90010035,-0.002426981,-0.3619897,-1.5901482,0.17140661,1.6277275,-0.021446176,-1.1887523,0.35708237,1.4980938,0.26096523,-0.454057,2.9658346,-0.86504203,4.1931214,0.825136,-0.07706441,1.9356593,2.0158424,0.098678924,-1.352717,0.8538498,1.1422744,-1.790498,-1.6564653,-0.89928085,1.3525556,0.9863413,-1.5234593,-0.3920143,-0.063543834,0.71260124,-0.16778679,-1.3625896,-0.4199555,1.2227354,0.31943205,-0.003280647,-0.5313412,1.6131699,-2.004256,-1.251999,-0.9972622,-1.5846008,3.6222167,1.3093728,-1.7368438,0.053701073,-1.8627161,0.97039413,0.44216913,-0.3471494,3.3014166,-2.7481952,-1.7613411,0.21660377,-0.7765356,-0.22813962,-0.613006,0.10396308,-0.5054181,-0.71111387,-3.1279936,-0.42097852,0.13990094,-1.418797,0.45819566,1.0853019,2.6401107,-1.1041185,0.9283505,0.4755199,-1.6191664,0.6217442,-0.819433,2.580154,0.04087141,0.6837537,-0.3202577
2019-01-15,-0.39009416,0.41017237,0.5346602,0.99805087,0.16949487,-1.9488112,2.835557,3.0614715,-0.5511192,-1.8682799,-2.1850557,0.1515879,2.244118,0.329733,1.2265897,0.77797294,0.66640407,-2.5531263,-0.16403335,-0.22365142,0.86372143,-1.1520352,0.23985538,-0.06285259,-1.5601811,0.20205946,1.5749953,0.16045287,-1.0770453,0.47549862,1.4586805,0.44966233,-0.42057332,3.0978065,-0.89230675,3.9509802,1.0666399,0.0024428752,1.8308815,1.7706032,0.13974708,-1.2630571,0.6830847,1.3385546,-1.8076949,-1.6889778,-1.0219439,1.3593663,0.8280271,-1.9249587,-0.29315248,-0.15779604,0.7069445,-0.26388478,-1.4513792,-0.42140394,1.4491348,0.23209925,-0.37535584,-0.73267674,1.745494,-2.0201778,-1.4848284,-0.9939762,-1.6669139,3.4163506,1.3221501,-1.7073745,0.0063877655,-1.7329649,0.82124,0.5304258,-0.31313685,3.278554,-2.7475498,-1.609051,-0.00016602557,-0.7868143,-0.30007294,-0.6236871,0.13330206,-0.35452566,-0.88645315,-3.0095866,-0.14539874,0.15923171,-1.3476697,0.26917097,1.2112815,2.2301252,-0.9623786,0.79621905,0.44404677,-1.8137045,0.762428,-0.6940214,2.7162488,0.13021897,0.7198807,-0.33442938
2019-01-16,-0.33162495,0.49659994,0.6883236,0.74262387,0.15525685,-1.900236,2.7254114,3.08355,-0.68472517,-1.7963297,-2.3446162,0.13611089,2.37925,0.19540781,1.3677266,0.7747989,0.5846048,-2.3485653,-0.18567133,-0.0924037,0.8960409,-0.98934495,0.041923743,-0.11828868,-1.5573354,0.12971921,1.5696119,0.12159977,-1.1185638,0.29819387,1.4994887,0.3917945,-0.4924189,3.0618815,-0.9255545,4.0088363,0.762948,-0.10287889,1.9518592,1.7681701,0.13842185,-1.1973253,0.8108303,1.2754871,-1.6762221,-1.6531321,-0.92685753,1.2521082,1.0525779,-1.647321,-0.2568721,-0.034834128,0.6662581,-0.18701331,-1.4413762,-0.4363892,1.2936047,0.40380064,-0.08140731,-0.57539797,1.5703363,-1.9277217,-1.3491709,-1.0817163,-1.5550796,3.5116618,1.2856138,-1.6466302,0.10520033,-1.7898262,0.9548383,0.4389188,-0.41325635,3.2062545,-2.657713,-1.6704907,0.17316064,-0.95549846,-0.1061146,-0.56778705,0.081383,-0.46992347,-0.864497,-3.0844,-0.25621396,0.12546593,-1.4625489,0.42883778,1.2187146,2.4600637,-1.129219,0.92710894,0.46880487,-1.6629183,0.55637157,-0.8549591,2.721618,0.09658761,0.6815848,-0.25943744
2019-01-17,-0.28607103,0.35770765,0.62971026,0.88439786,0.13882677,-2.0776653,2.7442527,3.241966,-0.7012545,-1.6401151,-2.2319102,0.25951526,2.2572694,0.5034337,1.2922068,0.7212041,0.46373215,-2.3637638,-0.18699156,0.014968131,0.8650172,-1.0891852,0.33008853,-0.1296389,-1.4882367,0.23011698,1.5880836,0.121903926,-1.1689923,0.3859898,1.5922667,0.34673083,-0.38944957,3.1793652,-0.85145897,3.9057572,0.92054,0.13134114,1.8070986,2.0370207,0.060225863,-1.3378806,0.93017966,1.1779929,-1.8060292,-1.7334107,-0.9325618,1.2039137,1.0375781,-1.7842768,-0.39057538,-0.15729183,0.6523223,-0.23416336,-1.4917488,-0.5842746,1.5174726,0.24915384,-0.13279499,-0.45624217,1.5019001,-2.077683,-1.2962229,-0.8069805,-1.5354683,3.5218542,1.3773319,-1.7625722,0.15776645,-1.9458264,0.9636699,0.3881381,-0.549554,3.1312935,-2.851463,-1.7001567,0.1751594,-0.97345626,-0.26315746,-0.70767945,0.16175051,-0.3470685,-0.81573725,-2.9902344,-0.27919048,0.074518815,-1.3234975,0.36670056,1.3571587,2.5304625,-1.0785242,0.7770169,0.6110665,-1.7103488,0.88517386,-0.7835924,2.4640632,-0.08357409,0.5642332,-0.40789533
2019-01-20,-0.3821263,0.42275196,0.58991706,0.81889445,0.14481705,-1.8423146,2.7691665,3.2506778,-0.8490062,-1.7141111,-2.271963,0.27589327,2.3180275,0.33589175,1.3979535,0.7882537,0.7423594,-2.47389,-0.11278226,-0.15477371,0.93653107,-1.1687553,0.18872426,-0.20443845,-1.7472864,0.10105709,1.3631424,-0.024149649,-1.2139865,0.3752011,1.4596146,0.43655813,-0.33948866,3.0072908,-0.8406226,4.325505,0.89935166,-0.07672945,1.8795116,2.0479407,0.07765037,-1.319048,0.7472623,1.2337103,-1.9256006,-1.7384704,-0.85180664,1.3447365,1.026654,-1.9027327,-0.44096544,0.04407705,0.59641546,-0.25019422,-1.2843654,-0.39845663,1.3778447,0.1602991,-0.11188448,-0.66342396,1.5568925,-2.0705936,-1.4633139,-0.9889054,-1.6344744,3.738438,1.415627,-1.7162404,0.04278024,-1.9092972,0.9629905,0.54726386,-0.3672831,3.4457572,-2.8503253,-1.8659601,0.21999608,-0.60689735,-0.34000853,-0.7089279,0.036920607,-0.60785145,-0.8716993,-3.156542,-0.2636218,0.25422275,-1.2467204,0.41452023,1.1852477,2.5073466,-0.80724496,0.8834789,0.46872142,-1.6616361,0.621226,-0.9653879,2.714588,0.036694095,0.6509703,-0.45962498
2019-01-23,-0.196125,0.43161175,0.667192,0.692331,0.19685684,-1.8686993,2.6349003,3.33121,-0.755816,-1.6276653,-2.4222567,0.19361413,2.430957,0.47017875,1.3647257,0.59723485,0.5540622,-2.2298636,-0.23232123,0.081370294,0.8201578,-0.9535076,0.16690162,-0.29125553,-1.5097803,0.1694956,1.5667148,0.07053352,-1.2000934,0.35894787,1.5404533,0.2948878,-0.3646288,3.0526276,-0.8830284,4.069882,0.8097107,0.0682397,1.9264139,2.1009624,0.07820965,-1.3695682,0.9788716,1.1782423,-1.8734522,-1.7024783,-0.93448675,1.2146165,1.0131279,-1.6455364,-0.45548245,-0.03571394,0.6440322,-0.25365967,-1.4321551,-0.55052215,1.3799334,0.25503886,-0.031573273,-0.40547445,1.493939,-2.0001824,-1.2137485,-0.88556945,-1.4981261,3.6598434,1.325484,-1.7773714,0.05512453,-1.8940905,0.9122684,0.32684523,-0.52863485,3.214377,-2.8816006,-1.8706602,0.22503838,-0.8914769,-0.30267528,-0.6925888,0.14357433,-0.49076363,-0.6938202,-3.142072,-0.42205456,0.13476259,-1.3083096,0.4356098,1.265642,2.66506,-1.1200913,0.9016509,0.5119609,-1.6670829,0.7209101,-0.82116914,2.4162374,-0.07392191,0.5949745,-0.35529998
2019-01-24,-0.32283598,0.54122704,0.6661303,0.68329626,0.15988645,-1.7082797,2.6542304,3.2428603,-0.7690133,-1.8639265,-2.4676065,0.12814407,2.4004602,0.28483132,1.3468145,0.6948811,0.762817,-2.3311367,-0.102741994,-0.13231166,0.86117953,-1.0154498,-0.09513771,-0.27693233,-1.7012235,0.042219162,1.4500109,-0.025348773,-1.1540577,0.36805648,1.3831896,0.39443016,-0.47437814,2.9208653,-0.9151698,4.3359246,0.85423094,-0.1848056,2.0062878,1.8217942,0.1270983,-1.2936798,0.7516437,1.1779052,-1.8410072,-1.6419047,-0.8937099,1.3834532,0.8924128,-1.748131,-0.36935106,0.0813698,0.7214151,-0.18251994,-1.2613059,-0.34926403,1.1547579,0.29606387,-0.100769505,-0.7385139,1.6790395,-1.9383825,-1.4559383,-1.1534153,-1.6978935,3.7254405,1.3345145,-1.6856067,-0.12446649,-1.8160775,0.9006072,0.55657285,-0.26396343,3.4845898,-2.6292078,-1.8210862,0.14962016,-0.66255826,-0.3207737,-0.5951258,-0.034355234,-0.59396017,-0.75761765,-3.1615822,-0.2959175,0.29655272,-1.39181,0.4079577,1.0068778,2.5610902,-0.9176828,1.0277063,0.29626325,-1.7526178,0.48580095,-0.8623977,2.848169,0.164351,0.795341,-0.29839432
2019-01-27,-0.35642123,0.53365433,0.6120079,0.75236887,0.3485345,-1.8192225,2.6064723,3.4212785,-0.7704395,-1.7429414,-2.528594,0.18974096,2.5061927,0.27146727,1.3319594,0.69737595,0.7408591,-2.2564526,-0.21689728,0.029409856,0.84906864,-0.9859749,-0.13806339,-0.25469235,-1.6160431,0.10422108,1.5807364,0.08668679,-1.1621237,0.36644855,1.4608153,0.35988343,-0.31931013,3.0698197,-1.0332934,4.118777,0.88267076,-0.20988524,2.0073714,1.8303866,0.2021097,-1.2574483,0.83978814,1.2259667,-1.8780104,-1.625014,-1.1382718,1.2252357,0.8896801,-1.631998,-0.32116082,-0.011732986,0.6448811,-0.09157108,-1.2424048,-0.48663142,1.0616703,0.50400305,-0.05338544,-0.65173745,1.6298767,-1.9586468,-1.3113757,-1.2022008,-1.6291177,3.6903677,1.3675672,-1.7134731,-0.07963494,-1.8693583,0.8849503,0.5016491,-0.29859936,3.5701325,-2.594069,-1.7541667,0.10997449,-0.9112585,-0.36568478,-0.6736524,-0.07201916,-0.52215546,-0.7490612,-3.1246736,-0.3606273,0.24514723,-1.3897179,0.40598562,1.193517,2.6287827,-1.121474,0.8965399,0.44436133,-1.7829044,0.37591928,-0.80305445,2.8485248,0.21699868,0.7843725,-0.32230622
2019-01-28,-0.34778583,0.3481604,0.53026634,0.9409176,0.08780646,-1.9948386,2.7384264,3.2412088,-0.7619058,-1.7543555,-2.183414,0.26138386,2.14926,0.6041453,1.2469752,0.65253174,0.610161,-2.3826087,-0.08363381,-0.100598246,0.8830501,-1.1389416,0.23039508,-0.23952693,-1.5882723,0.18026365,1.4357772,-0.0074112266,-1.1760488,0.44630507,1.4537184,0.42056605,-0.38050255,3.0648699,-0.7958561,4.1285067,1.007028,0.03311555,1.8152463,1.9995248,0.06405717,-1.4293504,0.81805706,1.0388905,-1.8798606,-1.7675563,-0.88334316,1.3217708,0.9216136,-1.9518883,-0.4559155,-0.052714884,0.70398843,-0.26957217,-1.2978003,-0.5608706,1.453286,0.12936506,-0.14771649,-0.61611533,1.621376,-2.0939722,-1.4926211,-0.8724078,-1.6569339,3.5996644,1.4544616,-1.7541351,-0.034702253,-1.9491528,0.92418003,0.5473529,-0.3821913,3.317304,-2.8002424,-1.7301362,0.15319596,-0.6686281,-0.43745926,-0.72595596,0.0159833,-0.3936261,-0.82206494,-2.962805,-0.30495867,0.20611776,-1.2465764,0.34251434,1.1819453,2.5112114,-0.8772817,0.80683017,0.5033429,-1.8473742,0.93425524,-0.74167335,2.6811996,0.0014058652,0.6941805,-0.4399149
2019-01-29,-0.34239286,0.55044496,0.7973352,0.56834096,0.36352378,-1.826706,2.6101236,3.5823038,-0.9620222,-1.7144939,-2.672239,0.21031114,2.5114763,0.22900805,1.3584536,0.60375345,0.6458325,-2.3432238,-0.14169158,0.117250375,0.9362632,-1.0032637,-0.10469851,-0.2891056,-1.7086158,0.10586931,1.551662,-0.049906477,-1.3253679,0.28633592,1.5772216,0.29547986,-0.33052185,3.0776393,-0.87493354,4.5224276,0.78615284,-0.18012506,2.0080137,2.1271305,0.06194406,-1.2422125,0.9760396,1.264694,-1.9196965,-1.5999215,-0.9410944,1.3178059,1.0769646,-1.5205433,-0.43423256,0.080493815,0.4995186,0.020336227,-1.1801411,-0.5075923,1.2199284,0.38877323,0.07725717,-0.6828087,1.5561444,-1.9797648,-1.3109969,-0.85659015,-1.657171,3.856622,1.5382819,-1.777539,0.056023903,-1.9825407,1.0093796,0.30645582,-0.46499333,3.6221344,-2.6887643,-1.810129,0.27952498,-0.83437276,-0.18884498,-0.68591124,-0.07154819,-0.5755027,-0.7295923,-3.298538,-0.3014485,0.20793849,-1.4066932,0.5733028,1.2208196,2.851304,-1.0022272,1.0489061,0.5008205,-1.5541824,0.3229838,-1.0294684,2.6711962,0.0477876,0.7507687,-0.5305759
2019-01-30,-0.34090927,0.4892516,0.6108393,0.8318625,0.28369352,-1.9337229,2.6545498,3.4017851,-0.79578966,-1.7628311,-2.4326193,0.2013419,2.3674333,0.37240994,1.3134639,0.69899493,0.66703886,-2.3553185,-0.15708238,0.008707619,0.88112676,-1.062259,0.004812632,-0.21963954,-1.6378423,0.13490278,1.5462747,0.04874635,-1.2138292,0.38482416,1.490423,0.39132488,-0.33119622,3.1048477,-0.9320218,4.17141,0.96109897,-0.12628758,1.9278833,1.9463629,0.12450062,-1.301077,0.83692265,1.2125833,-1.8906121,-1.6366423,-1.0418476,1.2712423,0.9479677,-1.7193116,-0.3772349,-0.04995157,0.6314036,-0.09432658,-1.2750523,-0.48313597,1.2181828,0.38130277,-0.08347967,-0.6491892,1.6299869,-2.0362842,-1.3504629,-1.0166764,-1.6597521,3.664254,1.4249743,-1.7271537,-0.0123424735,-1.9341166,0.9539106,0.511956,-0.34206486,3.537733,-2.6646752,-1.708128,0.15780345,-0.85036945,-0.33612147,-0.7120579,-0.04239389,-0.4609809,-0.7924021,-3.0709841,-0.3209797,0.21112594,-1.3605648,0.39543006,1.2171627,2.6024318,-1.0383546,0.87129134,0.5100646,-1.7610091,0.55378956,-0.8269999,2.7729988,0.11396573,0.7460609,-0.40940464
2019-02-03,-0.319534,0.5504782,0.5864416,0.812824,0.32934594,-1.8132446,2.6138747,3.386337,-0.7310108,-1.8375822,-2.4978447,0.074338526,2.4044223,0.4149242,1.2837895,0.6859923,0.71568125,-2.3223693,-0.13749225,-0.010703657,0.87205005,-1.0716524,-0.043905035,-0.3369133,-1.6601665,0.11886765,1.5693532,-0.01611617,-1.1887555,0.4296121,1.4278376,0.33911666,-0.33570284,3.0119584,-0.95693934,4.2394795,1.0281277,-0.15778174,1.9560677,1.9178356,0.11294179,-1.3525136,0.78586775,1.1611125,-1.9450659,-1.6204304,-1.063948,1.357073,0.79926425,-1.7190751,-0.43514726,-0.07570757,0.73945165,-0.10556499,-1.2377442,-0.38626423,1.1062809,0.33793148,-0.1190872,-0.72933847,1.7493408,-2.0368109,-1.400493,-1.1283273,-1.7041037,3.6645415,1.397249,-1.729538,-0.11574182,-1.8977548,0.9258665,0.60689515,-0.2085161,3.5832794,-2.658752,-1.7019684,0.057980616,-0.7109996,-0.44042733,-0.6580799,-0.020697251,-0.5007582,-0.7223218,-3.065492,-0.37388128,0.2336442,-1.3741491,0.36964107,1.1026578,2.5589254,-0.99214834,0.87017906,0.42424163,-1.8393248,0.56464857,-0.7721286,2.8129005,0.20277618,0.8140043,-0.35388812
2019-02-05,-0.20995553,0.39314166,0.7415779,0.8032056,0.05594632,-2.1134145,2.6847486,3.2835877,-0.7455268,-1.6787618,-2.3210604,0.24234635,2.2393234,0.53133786,1.2599815,0.6405877,0.3853628,-2.267469,-0.16244476,0.079326324,0.8205821,-0.999521,0.27846628,-0.12942818,-1.4451001,0.18151242,1.5802009,0.120756514,-1.1934961,0.34244037,1.5996076,0.334404,-0.47707185,3.1699543,-0.80010396,3.9645739,0.8440004,0.19112357,1.8465456,2.037002,-0.001381535,-1.3159846,1.0385038,1.1359615,-1.7528315,-1.6661391,-0.8332725,1.1935503,1.0791384,-1.726539,-0.42308152,-0.086209305,0.68595475,-0.2295129,-1.522971,-0.5902934,1.5170316,0.21513988,-0.106887236,-0.42783183,1.4802628,-2.0110698,-1.2663552,-0.68238837,-1.5556241,3.528567,1.367836,-1.7342227,0.11001478,-1.965648,0.9829452,0.30568168,-0.64865303,3.0710459,-2.7632153,-1.6710005,0.24534489,-1.0515039,-0.19368222,-0.66928977,0.13207977,-0.31918445,-0.7611865,-3.001854,-0.27859026,0.056955058,-1.3815998,0.3808726,1.3599355,2.6105118,-1.1052674,0.89773566,0.5550201,-1.7353904,0.90684474,-0.79288477,2.399071,-0.16676573,0.5676322,-0.38177297
2019-02-06,-0.30150914,0.5953188,0.6279027,0.8009284,0.34902424,-1.8227286,2.6034787,3.268124,-0.640385,-1.8594437,-2.514227,-0.020035148,2.4243226,0.40188992,1.2908546,0.69483155,0.70230764,-2.273187,-0.15450478,-0.026668873,0.8856541,-0.996869,-0.09110326,-0.33889866,-1.5817544,0.09283629,1.6545208,0.01300909,-1.1440092,0.4180461,1.3714068,0.29873598,-0.36595833,2.9552646,-0.9876901,4.123559,0.99316144,-0.194318,1.991158,1.8160049,0.10375561,-1.3299553,0.78739214,1.1045475,-1.8581393,-1.5986199,-1.1038146,1.3564311,0.74478346,-1.6108242,-0.35544363,-0.11133618,0.7873492,-0.08397501,-1.306843,-0.3233749,1.0409541,0.4246101,-0.11606563,-0.72132874,1.8115168,-1.991715,-1.3712668,-1.2416027,-1.6516504,3.5698001,1.3083792,-1.6898681,-0.07483985,-1.8072151,0.9595392,0.59746426,-0.17436297,3.45842,-2.598019,-1.6630522,0.045342214,-0.83125734,-0.37314147,-0.5706721,0.004466455,-0.4721756,-0.67961997,-2.995632,-0.37753803,0.1977454,-1.4518127,0.39555985,1.0772574,2.5178633,-1.102754,0.8690547,0.4308253,-1.8312827,0.57163703,-0.70986086,2.7971463,0.2432703,0.83352095,-0.26252967
2019-02-07,-0.20056754,0.54780203,0.7095535,0.69058096,0.1346632,-1.796972,2.693836,3.060776,-0.70319045,-1.8188789,-2.361084,0.028136266,2.311537,0.3343061,1.3951719,0.6952664,0.6011605,-2.3219767,-0.10832546,-0.12170067,0.88967526,-0.98869133,0.061144903,-0.26324907,-1.570641,0.13855219,1.4684554,0.038626026,-1.1586313,0.34648287,1.4349611,0.37295794,-0.49244273,2.923216,-0.7718553,4.1861854,0.7850933,-0.02661985,1.9291424,1.9986501,-0.015172154,-1.3277022,0.8068972,1.165267,-1.7578222,-1.6534146,-0.79715633,1.4061962,1.0094272,-1.6283827,-0.42369768,-0.0072941356,0.701784,-0.24472661,-1.4046551,-0.32818508,1.3538588,0.18647775,-0.074944094,-0.52791,1.6438646,-1.9478581,-1.3567003,-0.96362615,-1.5831105,3.5428534,1.254358,-1.6439852,0.04812689,-1.7847978,1.0239238,0.48336363,-0.3822576,3.2222664,-2.7744925,-1.7547544,0.25917453,-0.6978173,-0.12925377,-0.5858805,0.11047328,-0.5696551,-0.79401356,-3.1141431,-0.3684638,0.15334184,-1.3708436,0.42377022,1.1367991,2.4619753,-0.98689896,0.9410528,0.4226515,-1.6450198,0.6667025,-0.89526606,2.550482,0.022323297,0.6544985,-0.31076723
2019-02-10,-0.11260707,0.5670838,0.7364567,0.74264085,0.12630144,-2.0074258,2.66595,3.236811,-0.7370915,-1.9187543,-2.3900237,0.09421985,2.2064538,0.35863873,1.2615876,0.610321,0.38115203,-2.3116946,-0.10077518,0.05728387,0.8195781,-1.0537149,0.063109264,-0.14095822,-1.4896654,0.28424755,1.4922655,0.17177974,-1.199814,0.34855613,1.6092623,0.47894904,-0.5806916,3.1940756,-0.715623,4.0994487,0.88388115,0.12145036,1.8741068,2.0191302,-0.054477748,-1.3438805,0.92001265,1.3049843,-1.7552747,-1.573932,-0.7967535,1.3556111,1.1262615,-1.6654615,-0.4756954,-0.083414786,0.69088,-0.13412051,-1.4196581,-0.51094866,1.5213318,0.21277843,-0.11066951,-0.46212855,1.610933,-1.947665,-1.3120981,-0.5798987,-1.695336,3.4785638,1.380201,-1.6693207,-0.018343685,-1.9396338,1.0230416,0.41817966,-0.55417544,3.3388422,-2.7060356,-1.5603544,0.2557127,-0.83351636,-0.042877704,-0.7164678,0.06069088,-0.38634938,-0.8720871,-3.0823274,-0.34788844,0.09817304,-1.4103926,0.32534897,1.2591407,2.5459845,-1.0672053,0.9733471,0.45882505,-1.7478806,0.7515069,-0.90108544,2.5102584,-0.067932665,0.67534274,-0.3645326
2019-02-12,-0.32759082,0.35608193,0.543348,0.8197784,0.3135282,-1.8585393,2.7492957,3.1355934,-0.47651416,-1.7900889,-2.3269522,0.015320126,2.4213011,0.50052476,1.2713535,0.6053277,0.55489695,-2.5122705,-0.24919869,-0.047101412,0.91230917,-1.0684077,0.30427074,-0.2744681,-1.521035,0.24414162,1.8650583,-0.013667033,-1.1321701,0.45165125,1.5103116,0.22626409,-0.38596043,3.0421853,-1.015473,3.9794486,1.0703281,-0.04646901,1.9047143,1.8729753,0.24075602,-1.4104642,0.784935,1.2737404,-1.8562279,-1.7619749,-1.1017585,1.3160776,0.7954535,-1.7174817,-0.28705063,-0.26824585,0.7332076,-0.18877599,-1.538976,-0.51986164,1.430109,0.35337013,-0.18690947,-0.65578574,1.7256644,-2.1071007,-1.3696111,-1.0283571,-1.5133686,3.5411062,1.3591062,-1.9080995,0.16818248,-1.7585226,0.78920174,0.37157738,-0.29933488,3.103648,-2.9665735,-1.7651881,-0.08980797,-0.8541272,-0.3654282,-0.5757349,0.30925938,-0.27576384,-0.68368566,-3.034413,-0.2695985,0.07640314,-1.4579408,0.46739367,1.0678712,2.4922082,-1.1911873,0.8371303,0.5443124,-1.6238692,0.9191675,-0.60008913,2.5455718,0.08830657,0.7296583,-0.298494
2019-02-13,-0.31083164,0.33592737,0.47998065,0.9314683,0.30998212,-2.0205913,2.6304297,3.4885833,-0.6858827,-1.7557839,-2.3510776,0.20733668,2.3098187,0.6463495,1.2126445,0.55601853,0.5322867,-2.4641802,-0.21124627,0.12636825,0.86608565,-1.1331091,0.19870102,-0.26052937,-1.5819963,0.28878972,1.7205015,-0.008427521,-1.261938,0.47313273,1.5791904,0.34695914,-0.32777193,3.2440896,-1.0028238,4.0416193,1.1842338,-0.0016556422,1.8657854,2.0063777,0.236909,-1.4453298,0.86933553,1.240382,-1.953957,-1.7110549,-1.1528975,1.2351469,0.90017307,-1.8181803,-0.40023702,-0.23010896,0.6564037,-0.06061748,-1.3759114,-0.70382947,1.4352318,0.3743752,-0.10564737,-0.5852171,1.6498882,-2.187357,-1.3269511,-0.8615912,-1.6337547,3.6573515,1.530235,-1.9371625,0.04659054,-2.0022078,0.821604,0.4485015,-0.3520373,3.4343152,-2.8535326,-1.686891,-0.0113331005,-0.85287577,-0.48035166,-0.7892864,0.10375021,-0.21733832,-0.7317855,-2.9838758,-0.35954335,0.13153258,-1.3438113,0.36842147,1.1840461,2.6821656,-1.1620563,0.80737394,0.6030638,-1.812022,0.90503895,-0.6240915,2.6643543,0.04306793,0.74940014,-0.45517507
2019-02-14,-0.2565263,0.5335173,0.7131387,0.69574195,0.3154235,-1.8198217,2.5253077,3.4936826,-0.7748524,-1.8000414,-2.6327846,-0.023758922,2.340887,0.60993874,1.2610414,0.5519267,0.6198823,-2.221037,-0.040099308,0.0428794,0.8550398,-0.9121088,-0.10449999,-0.4782718,-1.6376369,0.08505117,1.669636,-0.16290233,-1.2425988,0.41753712,1.4330528,0.15861118,-0.3595552,2.913021,-0.8457851,4.3880467,0.9659802,-0.14096013,1.9383147,2.08299,0.03085953,-1.3871306,0.91108596,0.90637356,-1.895152,-1.5923841,-0.96079385,1.4168465,0.78085995,-1.5113674,-0.4776117,-0.06868771,0.7738918,-0.06495185,-1.1913302,-0.3942848,1.0215505,0.2895193,-0.01605082,-0.7264742,1.7537136,-2.0584893,-1.3365655,-1.0238004,-1.7200106,3.7003853,1.4281261,-1.7595465,-0.07002382,-1.9722974,1.0137329,0.52124715,-0.22513871,3.5016239,-2.5764353,-1.670765,0.16532789,-0.72190976,-0.4212995,-0.59783113,-0.05381214,-0.45592627,-0.5746678,-3.0422876,-0.40935025,0.18691951,-1.434103,0.45732364,1.0492761,2.7304647,-0.97873783,0.8967863,0.46408707,-1.765936,0.6300714,-0.725095,2.6970398,0.11582881,0.79703355,-0.43529457
2019-02-17,-0.29701012,0.505452,0.61020964,0.72061235,0.31573254,-1.7861638,2.596019,3.367696,-0.71105605,-1.8417132,-2.5290484,0.0542486,2.4174814,0.39095154,1.3002557,0.59005386,0.6554387,-2.3157158,-0.15317391,0.0044234707,0.8407753,-0.95257485,-0.11299553,-0.3369561,-1.6219598,0.15851016,1.6516072,-0.015395476,-1.1874659,0.39910462,1.4776436,0.30631608,-0.3976055,3.0253673,-0.9538301,4.2056575,0.942407,-0.18402055,1.9726138,1.8922322,0.19058591,-1.3319179,0.81381375,1.1799905,-1.8508497,-1.6253796,-1.0548506,1.3297682,0.87019366,-1.5886285,-0.35674557,-0.0726891,0.69663554,-0.09262909,-1.260437,-0.49401966,1.1308508,0.4108679,-0.0515643,-0.66456604,1.6953313,-2.0016587,-1.3329252,-1.0902683,-1.6685976,3.6515558,1.3925518,-1.7686083,-0.060087744,-1.8710206,0.8804197,0.49011993,-0.24708064,3.509743,-2.6408346,-1.7007118,0.09433523,-0.77461576,-0.34116662,-0.64416623,-0.010079946,-0.44134566,-0.71319956,-3.1112878,-0.3829633,0.2002829,-1.4276533,0.4214788,1.0697646,2.6281598,-1.1012657,0.9183929,0.4405874,-1.7432235,0.53294843,-0.73314136,2.7955961,0.1733002,0.81031144,-0.34372506
2019-02-18,-0.48389953,0.67875177,0.7234882,0.7225169,0.4085792,-1.7247719,2.883689,3.1221352,-0.79598343,-1.8381983,-2.4578896,0.12151054,2.5981646,-0.11364428,1.3850514,0.89906925,0.83034027,-2.566322,-0.18502066,-0.151336,1.0849534,-1.3439153,0.14702465,-0.1400963,-1.7382705,0.032503776,1.4192486,0.05269564,-1.1757036,0.30947933,1.4478189,0.44871077,-0.28797308,2.9449577,-0.888529,4.4964128,0.86791545,-0.23691998,2.0450594,1.9350896,-0.055667322,-1.2354107,0.7276119,1.51425,-2.0279498,-1.6427418,-0.923358,1.4411399,0.901277,-1.8102069,-0.46014863,0.041272275,0.5606243,-0.14344408,-1.3029932,-0.17584671,1.3449374,0.21427456,-0.1898596,-0.88947916,1.7447361,-1.9082143,-1.6205636,-1.052731,-1.6308635,3.7184203,1.4196389,-1.6514993,0.04470097,-1.7340622,1.0233146,0.4705524,-0.34693918,3.549937,-2.9237487,-1.8810047,0.070793495,-0.61761916,-0.15187295,-0.56365454,0.096880935,-0.7546282,-0.8730929,-3.3238914,-0.1345866,0.25490612,-1.3949586,0.5469138,1.2006979,2.3488712,-0.78038466,1.0154235,0.37244898,-1.5443072,0.34742644,-1.162301,2.7149742,0.20845705,0.80296916,-0.38735798
2019-02-21,-0.38178775,0.36167192,0.5236024,0.8916256,0.30053183,-1.9344577,2.699523,3.3428683,-0.61099946,-1.7518326,-2.355754,0.18599302,2.4075305,0.50540847,1.2350984,0.64864826,0.6222822,-2.461651,-0.23807268,0.015081776,0.88252777,-1.1184922,0.21302876,-0.2228569,-1.5786036,0.1959339,1.7489586,0.017447352,-1.1669011,0.4549283,1.5086498,0.30786794,-0.33951932,3.1370084,-1.0632784,4.009953,1.1095415,-0.06649322,1.91323,1.8445628,0.2568126,-1.3730488,0.81859845,1.2537913,-1.917878,-1.7295059,-1.1567597,1.2401899,0.80731934,-1.8295026,-0.30798602,-0.19510026,0.7019156,-0.12763059,-1.4263738,-0.577393,1.3447046,0.408066,-0.18121544,-0.6924134,1.6801714,-2.113432,-1.3847972,-1.0533161,-1.5953369,3.6414273,1.4340671,-1.8867757,0.05008272,-1.872165,0.7878426,0.44332686,-0.31666186,3.3266227,-2.8287938,-1.7549716,-0.06887596,-0.9066611,-0.47252485,-0.6682655,0.14579062,-0.2921786,-0.7114335,-3.0125175,-0.25605506,0.1603148,-1.4002422,0.39822838,1.1377021,2.580075,-1.137828,0.83893454,0.52320874,-1.7710764,0.8094653,-0.63214225,2.7022476,0.11876101,0.76175517,-0.3505803
2019-02-24,-0.47809258,0.46117532,0.60085744,0.8473096,0.372608,-1.7788799,2.7809875,3.313382,-0.6812061,-1.8139033,-2.4252744,0.118585646,2.3949797,0.29557875,1.2508361,0.7311287,0.796978,-2.5958428,-0.113971144,-0.1759541,0.9479116,-1.1802381,0.10340818,-0.22393271,-1.717494,0.13162678,1.6240734,-0.042654824,-1.1714917,0.4652529,1.446754,0.31018326,-0.2952461,2.9901993,-0.909875,4.3556952,1.0717523,-0.18058363,1.9067696,1.9444327,0.1286866,-1.2813097,0.70542014,1.2796326,-1.9644146,-1.6759706,-1.0625781,1.4609038,0.74372876,-1.789192,-0.3577774,-0.096795894,0.62770635,-0.121172585,-1.2492821,-0.37167412,1.2739244,0.26109815,-0.26156393,-0.92336994,1.8051767,-2.0611122,-1.5335603,-1.0567633,-1.726372,3.6758945,1.4618248,-1.799434,0.01063354,-1.8002765,0.85891664,0.5023292,-0.20532882,3.5400107,-2.7580676,-1.7364627,-0.00959302,-0.62727004,-0.38331378,-0.60975903,0.049611744,-0.4828931,-0.76137716,-3.1649466,-0.14086574,0.23686317,-1.3684173,0.42647627,1.1108553,2.4368844,-0.8313924,0.8603172,0.43207416,-1.6737443,0.53223133,-0.79813594,2.7850783,0.22015332,0.8039305,-0.4913918
2019-02-25,-0.39892527,0.3738946,0.4733648,1.01615,0.31879628,-2.0720975,2.6776767,3.3811069,-0.646512,-1.7359688,-2.3152072,0.17254494,2.3183424,0.56350243,1.1809953,0.70892507,0.5184821,-2.3623478,-0.20476687,0.086059116,0.8576416,-1.1565975,0.2079299,-0.2205123,-1.5286286,0.22590572,1.731701,0.048674494,-1.1569813,0.45191404,1.5818076,0.3088109,-0.2972027,3.2242773,-1.0150512,3.8772666,1.1402559,-0.04326206,1.8512518,1.8794814,0.19378707,-1.390507,0.8617272,1.1453491,-1.9123749,-1.6918252,-1.1682976,1.1672173,0.8121275,-1.8056475,-0.39474282,-0.28962028,0.74566543,-0.13427258,-1.373052,-0.6443704,1.2689767,0.38448203,-0.1482671,-0.6138764,1.6446661,-2.1360562,-1.3824173,-1.0356512,-1.629349,3.519806,1.4752914,-1.8204104,0.017127674,-2.0112362,0.88353896,0.5414406,-0.30888194,3.3798428,-2.7435353,-1.5618323,-0.074569024,-0.93553203,-0.4974463,-0.7154553,0.075000845,-0.23131533,-0.76447314,-2.8919659,-0.33088428,0.09805043,-1.395539,0.3268,1.2704704,2.5006359,-1.1334276,0.6843743,0.6062232,-1.8987602,0.8687604,-0.5970374,2.7666628,0.13668169,0.7566231,-0.37450278
2019-02-26,-0.41506293,0.5124596,0.55840266,0.959868,0.302879,-1.9170245,2.8601003,3.1390665,-0.6326377,-1.9133878,-2.2681673,0.10312084,2.3004553,0.3262582,1.2828969,0.8256344,0.7334661,-2.6186788,-0.105289154,-0.20660612,0.9985832,-1.3102608,0.24928367,-0.16364293,-1.7016895,0.15300716,1.5580412,0.022920435,-1.1440941,0.47393757,1.406841,0.44429824,-0.3381975,3.022752,-0.8985632,4.238633,1.1745148,-0.1401128,1.8631945,1.8734883,0.053089626,-1.3779082,0.62565166,1.3152261,-1.9761869,-1.7083435,-1.0052128,1.4663675,0.78873515,-1.9621885,-0.3589451,-0.16053665,0.71232784,-0.12883803,-1.348177,-0.2507374,1.3714284,0.25134456,-0.3114486,-0.899355,1.8396305,-2.109498,-1.5811068,-1.019758,-1.7190033,3.5959573,1.42051,-1.7323471,0.029529758,-1.8145318,0.97442406,0.6433442,-0.21058732,3.5044036,-2.8464017,-1.7351555,0.0034882904,-0.6507505,-0.36437938,-0.6495664,0.097454466,-0.47038215,-0.8586001,-3.0177264,-0.1405249,0.24447705,-1.3735334,0.3806223,1.0679251,2.3566937,-0.84567934,0.837356,0.47696045,-1.7091064,0.73652464,-0.8520686,2.776509,0.18002798,0.80629915,-0.38708845
2019-02-27,-0.2732113,0.6176488,0.68976456,0.7746169,0.24822079,-1.8895435,2.6988745,3.2409067,-0.74671054,-1.8602288,-2.4345467,0.09305997,2.3795903,0.25142497,1.3135966,0.78930014,0.5925181,-2.3319674,-0.1322268,-0.011448315,0.9069901,-1.1593168,0.06532359,-0.19854708,-1.6163648,0.14031686,1.4867,0.088791825,-1.1659117,0.35066316,1.5040015,0.41986677,-0.4328416,3.071744,-0.86901647,4.196499,0.92120117,-0.058922105,1.9414378,1.9267594,-0.015805878,-1.3122375,0.8210991,1.2813237,-1.8814566,-1.6034585,-0.90872073,1.3511528,0.96009165,-1.7415056,-0.46324745,-0.06483025,0.7270754,-0.13510248,-1.3473138,-0.32934,1.2740253,0.27361444,-0.13125646,-0.6546491,1.6727372,-1.974955,-1.4174263,-0.9529988,-1.678286,3.5913131,1.3654909,-1.6452243,-0.03826636,-1.9045719,1.0332484,0.56267506,-0.37635237,3.457274,-2.7165687,-1.67218,0.13071838,-0.77496845,-0.22417188,-0.6440093,0.047972213,-0.54529816,-0.8332022,-3.0953238,-0.30796835,0.17966008,-1.4125162,0.37321132,1.2047203,2.481625,-0.96781635,0.92190576,0.42347533,-1.7609559,0.58664924,-0.9465999,2.6909082,0.11152572,0.73633,-0.3209208
2019-02-28,-0.19808678,0.48008645,0.6784364,0.7136469,0.1818354,-1.9369639,2.6647105,3.259511,-0.763625,-1.7990884,-2.4059393,0.07567977,2.2793427,0.5400918,1.3145919,0.5544852,0.46512663,-2.2466912,-0.10161843,0.045030367,0.8752522,-0.99711716,0.122752205,-0.3580871,-1.5350537,0.19634639,1.5661808,-0.02376806,-1.2124183,0.37141162,1.5297205,0.30974475,-0.4335855,3.0223026,-0.7669821,4.200567,0.888622,-0.0055870092,1.8830385,2.0888047,-0.0111804465,-1.4646581,0.92747504,1.0500357,-1.8506355,-1.6985927,-0.82385737,1.3341687,0.996329,-1.6475861,-0.48625842,-0.08517335,0.7230164,-0.1780068,-1.3386908,-0.5068236,1.3654995,0.21629325,0.0016959053,-0.51344746,1.6015042,-2.0331104,-1.3373561,-0.79443526,-1.6055846,3.6045163,1.4178298,-1.7467585,0.028827488,-1.9642469,1.0440894,0.42853877,-0.4415585,3.2968273,-2.8261864,-1.7502627,0.24671769,-0.768302,-0.26312172,-0.6797943,0.06917605,-0.43234023,-0.73163456,-3.0369246,-0.41443363,0.13667989,-1.37751,0.46328163,1.1209213,2.6731272,-1.0395639,0.9076304,0.53765213,-1.6781923,0.84845424,-0.82766503,2.521737,-0.056745086,0.70943207,-0.3704263
2019-03-03,-0.14912437,0.45874843,0.5348189,0.7784714,0.2769748,-1.8432636,2.4419336,3.5612473,-0.7354004,-1.7901397,-2.5237923,0.08474393,2.3111124,0.8378407,1.2964743,0.456343,0.67226624,-2.1854923,-0.11730153,0.10673139,0.8026125,-0.9123417,-0.110252,-0.51849365,-1.6194065,0.1535269,1.640363,-0.12593502,-1.2531592,0.49211332,1.347972,0.28657407,-0.3523702,2.980804,-0.98920745,4.2007275,1.1137787,-0.113036096,1.9488869,2.018131,0.1904765,-1.5462654,0.85601646,0.9062524,-1.956335,-1.6747142,-1.1068211,1.3314557,0.78101164,-1.6757823,-0.4250038,-0.0786683,0.8006034,-0.05077663,-1.226628,-0.5076655,1.0748502,0.41442052,0.012903498,-0.5916169,1.7439222,-2.1492045,-1.251857,-1.0974464,-1.6773629,3.7898812,1.3944472,-1.8544071,-0.15194838,-1.9861089,0.8998238,0.6174103,-0.18005073,3.5591125,-2.6605825,-1.826893,0.1354909,-0.74670655,-0.6233879,-0.75310475,-0.063665904,-0.38859385,-0.5547437,-2.932448,-0.55660546,0.28030282,-1.333604,0.37673023,0.93976355,2.875706,-1.144674,0.8890464,0.47633094,-1.8882848,0.8045664,-0.59273094,2.740641,0.104406424,0.80645734,-0.35139522
2019-03-04,-0.39343995,0.5829993,0.6606239,0.8638105,0.46437076,-1.9185349,2.6503778,3.4705834,-0.7419626,-1.8137019,-2.553079,0.073578365,2.384048,0.36274633,1.2289841,0.7231929,0.7030613,-2.4183712,-0.101092085,0.009450079,0.93726283,-1.1383424,-0.06023694,-0.2525746,-1.6445318,0.12812462,1.6585295,0.00183419,-1.2153128,0.43378612,1.4626889,0.30757353,-0.27447495,3.0659878,-0.919588,4.2758327,1.085231,-0.19987567,1.9395281,1.9786822,0.040988643,-1.2999554,0.8223967,1.166681,-1.9536281,-1.5673375,-1.1375902,1.3957652,0.7621453,-1.6232107,-0.39889756,-0.14413851,0.65832525,0.03521309,-1.2084442,-0.3794957,1.1198306,0.40111548,-0.14950375,-0.83426493,1.8239152,-2.0518172,-1.4251518,-1.0427933,-1.7494044,3.6429884,1.4726527,-1.7399117,-0.023435416,-1.9227608,1.0123507,0.5544048,-0.21967582,3.66178,-2.5898507,-1.602114,0.0513946,-0.8114321,-0.34677714,-0.6534468,-0.07305808,-0.43875685,-0.71718496,-3.045992,-0.26062343,0.20624118,-1.4325163,0.41337574,1.1961635,2.5596688,-0.97113556,0.8308029,0.5054841,-1.7704074,0.4904576,-0.7976352,2.8063078,0.23936331,0.83772534,-0.48212412
2019-03-05,-0.48020536,0.58755594,0.60382617,0.7242672,0.34370148,-1.5411927,2.7792249,3.0879452,-0.6922864,-1.8369358,-2.4196167,0.052934833,2.5257723,0.09175704,1.4613757,0.89004594,1.02267,-2.5524943,-0.12558812,-0.341609,1.0299515,-1.1427763,-0.0452062,-0.29346067,-1.8441962,-0.004164369,1.4640665,-0.08405032,-1.1255075,0.3988085,1.251074,0.36660016,-0.31181678,2.7643597,-0.9954351,4.458139,0.90817493,-0.37107426,2.0186644,1.8060447,0.15625098,-1.2321553,0.52870417,1.2848821,-1.9229695,-1.7048838,-1.0159147,1.5216084,0.77476186,-1.7745334,-0.28373182,0.06510386,0.65604186,-0.16683517,-1.2187871,-0.085732,1.065725,0.3345563,-0.1769966,-0.9560614,1.8250152,-1.9967922,-1.5599502,-1.4650619,-1.649518,3.7563684,1.2851019,-1.6672006,0.0064814333,-1.6411895,0.9227519,0.6783112,-0.04182141,3.5562403,-2.7470152,-1.9247762,0.064076014,-0.49686313,-0.35051394,-0.51290536,0.038573164,-0.78094614,-0.80333036,-3.2278543,-0.20919174,0.34594458,-1.3581861,0.48656636,0.9504175,2.3777206,-0.7992497,0.93412083,0.3238947,-1.5977675,0.28691354,-0.95618916,2.9367046,0.35443464,0.8086428,-0.32704264
2019-03-07,-0.32493705,0.48871365,0.6679523,0.82085997,0.26018506,-1.92645,2.7532027,3.2035635,-0.7090186,-1.8129674,-2.3694692,0.07840619,2.2772803,0.36677477,1.287253,0.6724511,0.596022,-2.4328833,-0.09614614,-0.0966933,0.91150135,-1.066532,0.11166849,-0.21723552,-1.5733691,0.17771822,1.578424,0.038696803,-1.1802881,0.4044236,1.4988263,0.34441248,-0.3789151,3.0244186,-0.7709491,4.198316,0.9414955,-0.065371394,1.8686641,2.0247831,0.0027118744,-1.3253204,0.82090014,1.1795522,-1.8370446,-1.6527003,-0.9195242,1.399011,0.916634,-1.6640202,-0.40191174,-0.10669401,0.64237124,-0.15874825,-1.3308793,-0.4248913,1.3679069,0.22449519,-0.15204468,-0.6677742,1.7025074,-2.0122316,-1.4131612,-0.87071913,-1.6548098,3.5291746,1.4004115,-1.7103428,0.06654606,-1.850169,1.0067497,0.4453971,-0.363397,3.3666651,-2.7517843,-1.6579108,0.17990226,-0.7533646,-0.1991155,-0.6366968,0.051346425,-0.43736964,-0.7983584,-3.0741417,-0.2597544,0.14442618,-1.3785808,0.4269252,1.2006998,2.461272,-0.9520716,0.85157603,0.52121437,-1.6574584,0.6804803,-0.8261461,2.611893,0.057393495,0.72296387,-0.4418045
2019-03-10,-0.17168981,0.51344484,0.74173343,0.6069664,0.14559738,-1.8831111,2.6354916,3.2501216,-0.764687,-1.8236148,-2.474311,0.05126223,2.3531783,0.362004,1.3096638,0.5870157,0.35943907,-2.2211688,-0.13767225,0.10609965,0.82778215,-0.973165,0.08146944,-0.28795826,-1.5228764,0.2273638,1.5793486,0.029632863,-1.2013335,0.2909886,1.6593888,0.30405653,-0.5455277,3.106289,-0.782055,4.1698775,0.75942904,0.045872916,1.920445,2.0404756,0.017801473,-1.3542907,0.97753406,1.2100848,-1.7643604,-1.6312925,-0.76488966,1.2831221,1.1179863,-1.5601934,-0.5045228,-0.07528712,0.7189129,-0.1972803,-1.4015852,-0.5636274,1.3876867,0.21893242,0.029594665,-0.43517172,1.5022742,-1.9515682,-1.2919261,-0.73574364,-1.6023804,3.5628605,1.3997792,-1.7246245,0.03678518,-1.9765377,0.9968162,0.3499785,-0.534131,3.2292676,-2.783458,-1.6521827,0.21689592,-0.81144345,-0.116200745,-0.63723046,0.12870464,-0.4371702,-0.7836863,-3.1529052,-0.4097203,0.05704851,-1.4532771,0.4444549,1.2039652,2.6335511,-1.0950905,0.9743604,0.47233438,-1.6604787,0.7285037,-0.89055127,2.510059,-0.06484539,0.66765636,-0.32735607
2019-03-11,-0.29728004,0.4199934,0.5909744,0.8449049,0.15878552,-1.842756,2.7587636,3.0292726,-0.5285917,-1.9064151,-2.2588975,0.0075939745,2.198233,0.5028759,1.2713424,0.6368775,0.64786106,-2.4859037,-0.0743631,-0.24661495,0.8880507,-1.0248952,0.12447375,-0.24246325,-1.5649041,0.18706387,1.6479542,-0.005865955,-1.0905386,0.47350156,1.365354,0.3448341,-0.49236923,2.9246223,-0.8352337,4.0959997,1.0219189,-0.07389734,1.8630744,1.8325099,0.12678912,-1.3815863,0.67859966,1.1111406,-1.753463,-1.7194595,-0.93813366,1.474929,0.79534715,-1.759958,-0.27176145,-0.13179389,0.77277833,-0.22111826,-1.4065124,-0.37389678,1.3686361,0.24773458,-0.24337111,-0.7429563,1.814606,-2.043179,-1.4718446,-1.0211253,-1.6597501,3.4921918,1.2983847,-1.7500943,0.032232672,-1.7216401,0.88095766,0.53600407,-0.2207295,3.2059426,-2.7333124,-1.6930965,0.07144653,-0.6853817,-0.29443598,-0.5636065,0.117727995,-0.36439618,-0.76120746,-2.9802783,-0.22973175,0.18574108,-1.4140636,0.3801263,0.9847189,2.3997753,-0.9816842,0.8692198,0.42876807,-1.703232,0.84666055,-0.64858943,2.6870408,0.12165578,0.7519891,-0.32167882
2019-03-12,-0.32642022,0.40063325,0.55879515,0.8372289,0.18566374,-1.8946711,2.6487596,3.4353242,-0.77556545,-1.8177255,-2.371881,0.19006212,2.2499866,0.63687927,1.2713882,0.6362801,0.6535781,-2.4236548,-0.066186816,-0.041287947,0.90437627,-1.1324408,0.13063674,-0.3511886,-1.7390026,0.15982419,1.5454752,-0.14174774,-1.2440472,0.45948875,1.4438576,0.33903778,-0.3832637,3.045414,-0.91525275,4.3408484,1.111276,-0.07410363,1.8587077,1.9997822,0.14431588,-1.4413629,0.774367,1.0752383,-1.9564029,-1.7353208,-0.9464248,1.390647,0.8800469,-1.9076324,-0.43116406,-0.06626703,0.7470928,-0.10897225,-1.2382464,-0.46027446,1.2779446,0.25794402,-0.10557913,-0.766905,1.6896883,-2.1807897,-1.4536967,-0.96548295,-1.7314999,3.776199,1.5071828,-1.8337183,-0.044382375,-2.0079668,0.9179537,0.6130777,-0.25436395,3.5129333,-2.7554276,-1.7768945,0.09591236,-0.6343262,-0.5348654,-0.7171324,0.0103290705,-0.42242125,-0.7386607,-3.0088947,-0.30706626,0.25331014,-1.3242868,0.3851855,1.0088809,2.7067885,-0.898467,0.8859808,0.4790996,-1.8031627,0.81419975,-0.766842,2.7818878,0.073585846,0.76765466,-0.44613114
2019-03-13,-0.34031764,0.4576821,0.54507214,0.7940108,0.4789291,-1.8650748,2.5915272,3.4904358,-0.696259,-1.8064637,-2.5418134,-0.033044353,2.3899593,0.5249205,1.1914041,0.5427628,0.47551063,-2.3771174,-0.14243422,0.15823697,0.8914796,-1.0934637,0.03205097,-0.4261154,-1.5888355,0.30229554,1.8005519,-0.11495667,-1.2522672,0.43070233,1.6544119,0.18077704,-0.30649188,3.1457303,-0.90745974,4.2182274,1.0851431,-0.123034075,1.8955978,2.1085346,0.14214152,-1.4363787,0.8951316,1.1497079,-1.9537925,-1.6395714,-1.1082357,1.3364882,0.83056104,-1.5266303,-0.52203596,-0.28659883,0.6934869,-0.031233398,-1.2258363,-0.66055125,1.2321054,0.32179374,0.0018217595,-0.6356001,1.7134383,-2.1251857,-1.3646954,-0.9037421,-1.6811528,3.5966964,1.576573,-1.8935763,0.026529843,-2.0379834,0.91667396,0.45739347,-0.24066238,3.5191987,-2.7935688,-1.5365707,-0.048260137,-0.67809117,-0.39562336,-0.6894674,0.07909542,-0.298796,-0.6904755,-3.0769017,-0.44736537,0.057555724,-1.4382623,0.44977176,1.1692762,2.6267543,-1.0907265,0.75919235,0.5892804,-1.7460191,0.73063594,-0.6720788,2.7021108,0.16232207,0.81886226,-0.49391234
2019-03-14,-0.10954037,0.5845338,0.7594264,0.6471536,0.20134199,-1.9415305,2.5242295,3.384843,-0.7582247,-1.8880559,-2.5795252,0.018791066,2.312395,0.56872815,1.2744961,0.48244226,0.4542355,-2.1275105,-0.10248031,0.14742438,0.82601076,-0.8807556,-0.09263886,-0.39334953,-1.507696,0.1680425,1.6181442,-0.0006578786,-1.2363466,0.36604077,1.4823704,0.3047408,-0.50896204,3.039354,-0.83812016,4.206081,0.90056473,-0.030061519,1.959232,1.9808201,0.0010761556,-1.425838,0.9845422,1.0227778,-1.8018067,-1.592693,-0.89149874,1.3383917,0.96012455,-1.542707,-0.44360453,-0.05087976,0.787664,-0.04060017,-1.3238168,-0.47277686,1.2142642,0.36572102,0.028184861,-0.53792953,1.6804426,-1.9805924,-1.2550153,-0.83759224,-1.6622839,3.6190934,1.3869846,-1.7245818,-0.07626073,-1.9569216,1.0418073,0.44007492,-0.41622466,3.3862367,-2.6186445,-1.6790787,0.25210565,-0.9091112,-0.25286508,-0.65094966,-0.016131693,-0.39496258,-0.6494583,-2.9999766,-0.45769015,0.15509965,-1.4614568,0.43376455,1.0622274,2.8107476,-1.1747082,1.0145304,0.4698323,-1.7913729,0.7487436,-0.7763605,2.582244,-0.010309387,0.79017264,-0.29509166
2019-03-18,-0.33277237,0.4287181,0.5800035,0.82905406,0.2456782,-1.8401722,2.6939695,3.2847762,-0.6707683,-1.7661273,-2.3680692,0.122378424,2.3446407,0.48519132,1.2702435,0.6697117,0.6509321,-2.404657,-0.14612837,-0.063304104,0.8777658,-1.0943472,0.15636176,-0.29187363,-1.6115094,0.17035493,1.6007665,-0.020554353,-1.1669236,0.44657457,1.4701066,0.30234894,-0.36308834,3.0204952,-0.90906453,4.162631,1.0146265,-0.03939105,1.8887411,1.9730238,0.11754329,-1.3737333,0.8031413,1.1565835,-1.9090693,-1.707983,-0.9988664,1.356131,0.82631993,-1.7842534,-0.41897905,-0.11504772,0.719326,-0.19941944,-1.3418411,-0.4617984,1.3151088,0.23686324,-0.16537482,-0.6785221,1.6925728,-2.071523,-1.4154037,-1.0145308,-1.6394407,3.6269221,1.3953317,-1.7949078,-0.005161066,-1.8683403,0.87652755,0.50579464,-0.29969054,3.350453,-2.8038995,-1.7488556,0.04616685,-0.7075467,-0.41871062,-0.64427584,0.10685611,-0.43688676,-0.72746146,-3.0650017,-0.3059638,0.17977989,-1.3388308,0.38182262,1.1315924,2.5172825,-0.96589136,0.8385556,0.4614961,-1.7638245,0.74957335,-0.73327106,2.6544619,0.0996517,0.7237195,-0.38997266
2019-03-19,-0.21565652,0.31711447,0.59181595,0.79475784,-0.111807294,-1.9209934,2.6846135,3.2237952,-0.78989285,-1.672916,-2.1836836,0.316685,2.1967382,0.6246698,1.3639361,0.7100161,0.5474057,-2.2569633,-0.11360577,-0.08352748,0.79427475,-1.0326915,0.30122805,-0.24836037,-1.6260554,0.1379411,1.3705677,-0.0029594922,-1.1604137,0.38171652,1.48884,0.38966358,-0.49579185,3.0418797,-0.8342552,4.07636,0.8467315,0.15817499,1.8107016,2.009848,0.102082185,-1.3978361,0.8568322,1.0492423,-1.8117638,-1.7948408,-0.7262403,1.2383513,1.0841566,-1.9742081,-0.46025616,0.029553676,0.7718812,-0.39527383,-1.4232903,-0.5069709,1.4314961,0.09852999,-0.09462678,-0.44938573,1.4161994,-2.090401,-1.3439546,-0.90370184,-1.5837774,3.6787555,1.322782,-1.7260427,-0.00992551,-1.9882773,0.90861356,0.54125965,-0.49848986,3.138189,-2.8330564,-1.8624216,0.25623634,-0.7298649,-0.43359977,-0.7137876,0.12022129,-0.49742872,-0.81302315,-3.0219069,-0.35522792,0.19800206,-1.2337517,0.3088169,1.1655364,2.6030242,-0.91271186,0.8772908,0.44431782,-1.8010694,0.9333459,-0.8243213,2.5651796,-0.13161832,0.5335705,-0.32732192
2019-03-21,-0.32718396,0.5567286,0.69507736,0.6370947,0.39610726,-1.8141841,2.6408687,3.4296825,-0.7933499,-1.7365898,-2.578573,0.15110178,2.575843,0.20126586,1.3997543,0.72032154,0.6405457,-2.3635237,-0.23227198,0.0925034,0.94268054,-1.0520536,-0.016161691,-0.26285326,-1.6798927,0.15636116,1.6459882,0.024797687,-1.2410302,0.31095278,1.5618248,0.3094857,-0.33892384,3.1085076,-1.0293577,4.2575355,0.8645177,-0.18822387,2.0003285,1.9598188,0.16543603,-1.2602592,0.86520725,1.3636864,-1.9003236,-1.6453831,-1.0643095,1.265905,1.0328208,-1.578598,-0.34173894,-0.050941523,0.5898836,-0.00437353,-1.3133471,-0.4402155,1.1872709,0.51254016,0.019604819,-0.64564943,1.5808109,-2.0222306,-1.2703574,-1.0635167,-1.5816152,3.7615776,1.4275544,-1.7761085,0.104494356,-1.911985,0.96644086,0.4151377,-0.3780546,3.5208766,-2.7622247,-1.8066311,0.14030743,-0.9163294,-0.23891093,-0.66533804,0.06361774,-0.5532629,-0.7685989,-3.212644,-0.32824984,0.17530847,-1.441459,0.51577926,1.1845983,2.7352974,-1.1462961,0.95696026,0.5261001,-1.5814638,0.38421598,-0.9604252,2.7033534,0.13256176,0.7348124,-0.3699654
2019-03-22,-0.3937007,0.47382885,0.65989137,0.7729905,0.12808028,-1.8471965,2.769278,3.1739268,-0.7762694,-1.8050109,-2.3402066,0.1790699,2.3543868,0.22187692,1.3071234,0.7937628,0.62074935,-2.408032,-0.11890845,-0.1191482,0.8968489,-1.1458647,0.15507273,-0.15605432,-1.6641278,0.09432479,1.4549798,0.02030097,-1.1451519,0.3271053,1.5322655,0.39148265,-0.45062527,3.0380275,-0.8453558,4.2476177,0.8342482,-0.060570676,1.9208858,1.894613,0.06575577,-1.2519358,0.80238837,1.2710755,-1.8340241,-1.6665875,-0.8167989,1.3161149,0.9912475,-1.8258349,-0.43835497,0.0014637484,0.68767816,-0.27145767,-1.3457907,-0.42351553,1.3365186,0.16584553,-0.14684673,-0.69081044,1.5710024,-1.9662648,-1.5064073,-0.96829367,-1.6593652,3.6164846,1.3989767,-1.6741915,-0.003226622,-1.8900217,0.9315324,0.49053752,-0.40477055,3.3313,-2.7462666,-1.7051612,0.11546366,-0.6957155,-0.24449015,-0.5986213,0.070555784,-0.532762,-0.86719805,-3.1627386,-0.21283269,0.17484275,-1.3908354,0.40278974,1.2104849,2.4109755,-0.8593778,0.9316322,0.39040723,-1.7144293,0.61230206,-0.92182374,2.7438776,0.07756416,0.6980103,-0.36302236
2019-03-24,-0.27517226,0.40251034,0.6726958,0.6726918,0.2486483,-1.8134111,2.6567338,3.3286033,-0.70661026,-1.6711745,-2.4532127,0.082519054,2.4266152,0.49718294,1.3537626,0.64230615,0.54701614,-2.3712378,-0.17154638,0.019191707,0.8980531,-1.0043606,0.21969856,-0.3494217,-1.6242417,0.16739886,1.6988289,-0.097343326,-1.2213243,0.3673093,1.5532981,0.17196304,-0.3709826,3.0006073,-0.9076132,4.2271996,0.88650066,-0.0067687915,1.8989501,2.1110928,0.12014267,-1.3547869,0.8989211,1.1587243,-1.8724878,-1.7181387,-0.9218676,1.3169464,0.960194,-1.6221018,-0.42957443,-0.111072555,0.68659556,-0.19598505,-1.4144627,-0.46904844,1.319348,0.25016746,-0.036968265,-0.5820593,1.5672948,-2.1011453,-1.289605,-0.94804245,-1.5405912,3.6939764,1.3890922,-1.838795,0.15919481,-1.9168442,0.9234148,0.37591133,-0.3961227,3.198914,-2.8895316,-1.8081517,0.12532756,-0.7833044,-0.3336531,-0.6054388,0.2117334,-0.46169028,-0.67277676,-3.1442492,-0.34114414,0.09405241,-1.3966495,0.4991541,1.1584084,2.6561224,-1.0472677,0.878541,0.5369821,-1.5769274,0.74156487,-0.80698,2.4893088,-0.008518076,0.62099236,-0.41067004
2019-03-25,-0.3230529,0.59366566,0.7764732,0.53645515,0.41989285,-1.6669779,2.6383877,3.4087365,-0.8104841,-1.792728,-2.6702743,0.0047868853,2.5269163,0.21991205,1.3777729,0.63920474,0.68022066,-2.4156425,-0.10552855,-0.0011719557,0.9637628,-1.0262508,-0.09430403,-0.36809757,-1.7289917,0.1193495,1.6375206,-0.122835256,-1.2630216,0.32757112,1.5176643,0.21993782,-0.36584547,2.9358594,-0.86638045,4.5507226,0.83518326,-0.23457056,2.0115974,2.1094017,0.05554467,-1.2907823,0.84745556,1.2469354,-1.9137164,-1.6084871,-0.9345285,1.4597929,0.9436681,-1.4550498,-0.42953333,-0.009427029,0.5909586,-0.01501283,-1.2162578,-0.35444307,1.1695007,0.33688933,0.021954969,-0.7604028,1.6944237,-1.99563,-1.3684717,-0.98676234,-1.6646003,3.797294,1.4535849,-1.7839206,0.07967825,-1.8784801,1.0069773,0.3928306,-0.29533973,3.5519488,-2.7504914,-1.8057985,0.17392036,-0.6572614,-0.1849834,-0.5867352,0.03757435,-0.6133351,-0.6888015,-3.3024402,-0.31033596,0.19418843,-1.4622424,0.58381194,1.0731461,2.7074268,-0.95257396,1.0138447,0.44400883,-1.4862524,0.3558564,-0.9822014,2.6661117,0.14590444,0.77376384,-0.47651687
2019-03-26,-0.37569064,0.52001244,0.64031726,0.75241387,0.2269517,-1.8503706,2.698698,3.2909229,-0.8338935,-1.831501,-2.422992,0.13732718,2.3758469,0.24043748,1.311703,0.7435775,0.5914777,-2.389461,-0.11618166,-0.014021599,0.92250925,-1.1496704,0.052152053,-0.23594722,-1.6936163,0.14205238,1.4711411,-0.02560745,-1.2192034,0.32055968,1.5727135,0.38723984,-0.41566396,3.0876584,-0.8578204,4.3237042,0.873428,-0.119674325,1.9382471,1.9678931,0.067007944,-1.2883439,0.82381034,1.27299,-1.8753258,-1.6361594,-0.86833596,1.3220904,1.0272553,-1.7398293,-0.4894234,-0.028024768,0.656233,-0.1551391,-1.2609422,-0.47323087,1.2880679,0.22922795,-0.03942864,-0.66277695,1.5873332,-2.0006988,-1.4688708,-0.94962245,-1.6821645,3.6509671,1.4792627,-1.7034123,-0.0072876425,-1.9675208,0.98153335,0.5144836,-0.3624227,3.4874215,-2.7384765,-1.6573627,0.12558667,-0.66027945,-0.24309953,-0.6522713,0.020384353,-0.5254547,-0.8647105,-3.1661975,-0.31206632,0.16100629,-1.3938901,0.42982244,1.2017156,2.513531,-0.9138226,0.92253333,0.4465998,-1.7249224,0.56368715,-0.94351727,2.7901826,0.105741926,0.7519904,-0.4088755
2019-03-28,-0.1621341,0.40497115,0.64829826,0.8620661,-0.105507694,-2.1700034,2.7424405,3.1085145,-0.77746826,-1.796626,-2.1486201,0.31049952,2.1866903,0.36458,1.3277693,0.7163709,0.3345488,-2.2900844,-0.20927903,0.044056144,0.79015076,-1.0554222,0.3191999,0.004925718,-1.4685466,0.22877984,1.3917929,0.25710005,-1.1783926,0.2857695,1.6514114,0.57238406,-0.5802841,3.2904286,-0.796891,3.8421044,0.794494,0.23607989,1.8343916,1.902844,0.045177534,-1.2858682,0.945943,1.373463,-1.6908486,-1.6645821,-0.7331961,1.1091864,1.3048584,-1.9044176,-0.42692098,-0.0330328,0.6746175,-0.3269887,-1.5928121,-0.61514276,1.6510115,0.18495329,-0.115034476,-0.28670132,1.3582579,-1.9665926,-1.2748382,-0.6251555,-1.5458903,3.4370222,1.32614,-1.6328337,0.065919675,-1.9647536,0.9650616,0.3845134,-0.723026,3.087158,-2.8072743,-1.6266488,0.3002382,-1.0193406,-0.08311837,-0.74968076,0.14566332,-0.34733182,-0.9880082,-3.0159593,-0.31917992,0.054396458,-1.340193,0.2851916,1.4055694,2.4676387,-1.1447263,0.93651825,0.5276002,-1.7953237,0.9199928,-0.89775646,2.4927583,-0.21739121,0.5400491,-0.26414683
2019-03-31,-0.25388741,0.48667338,0.77548903,0.7145784,0.13374074,-1.9904405,2.7644212,3.120715,-0.6504121,-1.7893455,-2.360336,0.13313708,2.358123,0.27454695,1.3207638,0.74883235,0.4284808,-2.3766358,-0.18255779,-0.014696319,0.8918619,-1.0505831,0.2390898,-0.08947471,-1.5090024,0.18526316,1.6493062,0.13696492,-1.1361203,0.30927452,1.5935867,0.34016037,-0.53564906,3.1274228,-0.8736086,4.0069823,0.8211668,0.056067675,1.8958195,1.8788387,0.04470112,-1.2534127,0.9037421,1.3161242,-1.7155986,-1.6638886,-0.8494278,1.2710948,1.0756803,-1.6812903,-0.3107875,-0.116579995,0.6999987,-0.1736194,-1.5594908,-0.4334564,1.4632453,0.329886,-0.13972904,-0.5593017,1.5517335,-1.9721367,-1.3173487,-0.82681215,-1.5557321,3.5127847,1.3188399,-1.7067056,0.17527,-1.8502636,0.9914744,0.339588,-0.557498,3.0903225,-2.781589,-1.6857935,0.16682374,-1.0343022,-0.070381805,-0.5781447,0.20633349,-0.39906198,-0.8234309,-3.0799377,-0.18870975,0.064658746,-1.4950197,0.4353473,1.245081,2.5273778,-1.1259947,0.9556667,0.5072737,-1.5988293,0.7344203,-0.88925165,2.4914684,-0.042927932,0.6242943,-0.28628764
2019-04-02,-0.2557825,0.42383164,0.5413581,0.85659677,0.41011629,-1.9638345,2.5090232,3.5988822,-0.6713816,-1.7077576,-2.5124583,0.122597285,2.3596017,0.744,1.208855,0.5296656,0.5538904,-2.2680244,-0.18299295,0.19817223,0.83475965,-1.0181946,0.0054960954,-0.39852497,-1.5310779,0.25489408,1.7950336,-0.035477407,-1.2356281,0.4914826,1.5144948,0.22365253,-0.29838896,3.159304,-1.0348157,4.013258,1.159904,-0.06735665,1.9026482,2.0208502,0.19732916,-1.4799258,0.93014807,1.013306,-1.950139,-1.6755024,-1.2366619,1.2514633,0.7708604,-1.6209238,-0.3939753,-0.25263458,0.7348623,0.024153218,-1.2924142,-0.64821786,1.1820267,0.49555394,-0.027634537,-0.5797306,1.7159741,-2.1665428,-1.2385378,-1.0246938,-1.6431577,3.6811662,1.475488,-1.9155496,-0.017259337,-2.0242531,0.8942029,0.5046555,-0.264839,3.4934194,-2.7049844,-1.6874563,0.0050606667,-0.929766,-0.54842144,-0.7558288,0.018611021,-0.25869966,-0.5899611,-2.9184387,-0.4611879,0.15897581,-1.3815023,0.37702808,1.130739,2.8122163,-1.2257918,0.7675891,0.5952671,-1.8616006,0.80709827,-0.56346047,2.675307,0.12866773,0.7846601,-0.4202591
2019-04-03,-0.1961471,0.48299885,0.68193686,0.7863557,0.13981964,-1.9339501,2.7088127,3.1098866,-0.5834357,-1.9318836,-2.3379233,-0.007745881,2.205816,0.5315575,1.267513,0.607222,0.4974603,-2.427008,-0.0828489,-0.09361004,0.89058995,-1.0298339,0.16236044,-0.25572026,-1.544254,0.21800804,1.650922,0.0037721086,-1.1672019,0.4335066,1.4522141,0.34149948,-0.544357,3.0115466,-0.8130662,4.131503,1.0194172,0.02011659,1.8632507,1.9186953,0.036055088,-1.401989,0.79236436,1.1510565,-1.7629383,-1.6730689,-0.8666307,1.4521158,0.9071215,-1.7258316,-0.35197946,-0.15229754,0.7878799,-0.13911375,-1.4641331,-0.37747523,1.4389399,0.24628931,-0.17897688,-0.6561249,1.7670076,-2.05464,-1.3913815,-0.8430705,-1.6568155,3.5019987,1.3387594,-1.7543011,0.063394964,-1.8162292,0.9744075,0.48282543,-0.34506556,3.1979473,-2.7664826,-1.6596521,0.13333069,-0.7809882,-0.2147521,-0.5908418,0.15831514,-0.3400685,-0.7493789,-2.973643,-0.27254894,0.12365584,-1.4464941,0.39194715,1.0254558,2.527287,-1.0530677,0.9353517,0.47195092,-1.7047092,0.9119967,-0.7318458,2.5546277,0.0068475753,0.73472697,-0.31602228
2019-04-04,-0.307355,0.41043928,0.68666023,0.75834376,0.13755523,-1.8674561,2.724507,3.2699387,-0.7350613,-1.8112707,-2.3599079,0.10101536,2.2214432,0.55980283,1.2890949,0.6546095,0.58253145,-2.498476,-0.023078952,-0.119929336,0.93752927,-1.1168754,0.2298749,-0.30600342,-1.7033311,0.15057115,1.5686574,-0.15717778,-1.2351676,0.42382365,1.476081,0.2735696,-0.45333502,2.9663203,-0.78154576,4.404521,1.0062281,-0.00815836,1.8396782,2.0941556,0.024663331,-1.3956876,0.8013928,1.0858159,-1.8758513,-1.7210618,-0.79097754,1.479118,0.92090946,-1.8044785,-0.4453978,-0.07453401,0.7211671,-0.16186547,-1.3403623,-0.38189662,1.4166069,0.1223825,-0.13479882,-0.75605345,1.69029,-2.1342163,-1.4722251,-0.8365735,-1.6958097,3.700177,1.4583917,-1.8109716,0.089333415,-1.9324329,0.9853019,0.4927256,-0.3357876,3.3011155,-2.8260124,-1.764716,0.15577959,-0.60521835,-0.33231628,-0.6148947,0.122537665,-0.442185,-0.73140436,-3.0732496,-0.22032632,0.17484768,-1.371501,0.44979954,1.0355389,2.607553,-0.82717395,0.9255838,0.47342536,-1.6387985,0.85244066,-0.83487535,2.5918095,-0.013613732,0.6944765,-0.48225084
2019-04-05,-0.3667562,0.5030181,0.69932127,0.81695485,0.20531835,-1.8695351,2.8063786,3.0865238,-0.63787997,-1.8403777,-2.332911,0.07253083,2.3026586,0.28300002,1.2863731,0.77673405,0.64954656,-2.498775,-0.09853228,-0.19734377,0.9375913,-1.1170692,0.17466588,-0.1591338,-1.6057647,0.13487287,1.5675563,0.04591831,-1.1279758,0.4057042,1.4499835,0.34321362,-0.43531418,2.9774895,-0.815968,4.1973457,0.9360845,-0.05130846,1.8784918,1.9065351,0.009676161,-1.2581735,0.7536838,1.2348585,-1.8040992,-1.6657726,-0.89305395,1.4462751,0.86967754,-1.7557669,-0.34919953,-0.08881062,0.69459295,-0.19582587,-1.3995303,-0.30367368,1.3792747,0.20461239,-0.25036842,-0.7702946,1.7451652,-1.9933537,-1.4833401,-0.97025174,-1.6567001,3.5153666,1.3390783,-1.6854473,0.07760327,-1.7596309,0.97002167,0.48009866,-0.33697775,3.2664595,-2.746197,-1.6755357,0.10864845,-0.7441899,-0.19244625,-0.546306,0.12409568,-0.481287,-0.81334835,-3.0867941,-0.15141433,0.15424174,-1.4052889,0.4049849,1.1621277,2.361461,-0.89280283,0.88586986,0.43895796,-1.6648238,0.6629254,-0.8462745,2.6304905,0.10078289,0.7123734,-0.38002205
2019-04-07,-0.4737119,0.44334233,0.5615848,0.91780955,0.2442312,-1.9432473,2.7022226,3.261166,-0.7243077,-1.7823997,-2.352845,0.19805004,2.3375397,0.36555105,1.2151108,0.71394724,0.68771285,-2.321508,-0.14955768,-0.06479167,0.874633,-1.0739676,-0.002641703,-0.19766381,-1.5612905,0.08710009,1.5655004,0.047901053,-1.1169811,0.40006402,1.4486026,0.37092227,-0.35014772,3.0634882,-0.9529132,4.048288,0.95030963,-0.17864719,1.9465972,1.7516372,0.15624683,-1.2880613,0.8221598,1.0880998,-1.8311783,-1.6646802,-1.0696747,1.2338164,0.79766077,-1.7742827,-0.33789253,-0.07241154,0.7033724,-0.17361157,-1.2621727,-0.5558001,1.1743712,0.36418286,-0.13388462,-0.7197896,1.6790103,-1.9694349,-1.4978633,-1.1693175,-1.6603802,3.555639,1.4238058,-1.7050958,-0.08298711,-1.8737609,0.88857573,0.5283585,-0.2805517,3.4222028,-2.5876095,-1.6315875,0.028078875,-0.8575469,-0.3947645,-0.6209271,-0.07357346,-0.3842472,-0.7821122,-2.984453,-0.26423603,0.20674412,-1.3962625,0.3783263,1.2001497,2.4529061,-1.0101439,0.8251809,0.45200664,-1.8870043,0.63449883,-0.68196464,2.9092538,0.20912533,0.82758176,-0.34234753
2019-04-09,-0.29752502,0.32368731,0.6063862,0.93278885,0.0768775,-2.1134686,2.7320817,3.2072978,-0.6396976,-1.7451403,-2.2106216,0.18167298,2.1691854,0.63659376,1.1932191,0.67326695,0.3800688,-2.3874805,-0.13151413,0.014618625,0.85283476,-1.1224781,0.37091878,-0.16357535,-1.4831254,0.22970223,1.6567065,0.029858442,-1.1614283,0.4174195,1.5960965,0.31210998,-0.47580808,3.1763432,-0.8480281,3.9177265,1.0268165,0.14477412,1.7956822,1.9600276,0.071041204,-1.4002651,0.91908324,1.090748,-1.787255,-1.7262359,-0.8903833,1.2371031,0.9478618,-1.8489643,-0.41676828,-0.23024769,0.7700889,-0.23204696,-1.5177892,-0.61688364,1.5302792,0.19159716,-0.16559537,-0.5290449,1.5746429,-2.1135848,-1.3946879,-0.7844888,-1.6008503,3.4802997,1.4254472,-1.8063259,0.11156234,-1.9862112,0.93732435,0.4318589,-0.48573,3.070268,-2.8219016,-1.6020963,0.06185427,-0.9156584,-0.32779717,-0.65798956,0.18578772,-0.21365422,-0.774532,-2.8954196,-0.25392488,0.045719318,-1.3968904,0.3436732,1.2474761,2.503251,-1.0552889,0.79234743,0.5713546,-1.8040066,1.0909839,-0.65941846,2.53048,-0.07546265,0.6394282,-0.37842035
2019-04-11,-0.35083175,0.57892615,0.665203,0.7047461,0.2639285,-1.7643633,2.7814364,3.1179647,-0.73975325,-1.7688874,-2.3723114,0.15878735,2.52806,0.16967624,1.4594358,0.8527301,0.75912195,-2.4274726,-0.21184665,-0.10988873,1.0253048,-1.1909544,0.17583995,-0.23667398,-1.7053039,0.0760687,1.4614867,0.025669642,-1.168669,0.3310744,1.4009895,0.4078483,-0.3554425,2.9487035,-0.98395675,4.277034,0.86582434,-0.1555511,1.9916128,1.8938128,0.062369592,-1.3170823,0.73312455,1.3429638,-1.9321163,-1.7399592,-0.9317759,1.356378,0.9750306,-1.8315158,-0.3678859,0.01742004,0.66246134,-0.165873,-1.388726,-0.22209907,1.3059564,0.33280933,-0.09329845,-0.70908743,1.6458143,-2.009907,-1.4432164,-1.1661055,-1.5353059,3.7343478,1.3228028,-1.6924615,0.0925222,-1.77561,1.0070095,0.53880674,-0.34336117,3.3659024,-2.9238002,-1.9608357,0.13840109,-0.74733007,-0.27256376,-0.6014356,0.1522351,-0.69670945,-0.82494116,-3.1687624,-0.26795113,0.24438146,-1.3590584,0.5024846,1.100619,2.533205,-0.9678634,0.9690237,0.44259003,-1.5943496,0.5418052,-1.0395912,2.6630743,0.12315455,0.71054775,-0.27332756
2019-04-14,-0.46170574,0.5734931,0.55281776,0.9383438,0.41416132,-1.9695318,2.7221975,3.3351452,-0.70228714,-1.8813237,-2.4433038,0.1620474,2.4659364,0.16690467,1.1917275,0.777605,0.6537642,-2.392745,-0.22679794,0.049878903,0.90375376,-1.2260368,-0.004046957,-0.12339716,-1.5759913,0.16034073,1.6124821,0.15966186,-1.1365005,0.39272398,1.5442306,0.45322728,-0.32129666,3.2152402,-1.0365008,4.037342,1.0631124,-0.19951475,1.9852445,1.7134755,0.14691953,-1.2721007,0.80426717,1.380216,-1.9368789,-1.5896991,-1.1888071,1.2236382,0.8118461,-1.7909611,-0.37117505,-0.16234441,0.67958903,-0.048651557,-1.2871673,-0.5193531,1.198258,0.4625122,-0.18774234,-0.7627321,1.7353446,-1.9605855,-1.4901901,-1.0990411,-1.7043002,3.5428274,1.4749067,-1.7093021,-0.10680394,-1.8943197,0.8956254,0.54454446,-0.29270625,3.6266594,-2.6409607,-1.5646454,-0.08386556,-0.9116891,-0.33800423,-0.67713577,-0.03624309,-0.38615254,-0.8508387,-3.0461338,-0.25132072,0.18873297,-1.4508779,0.34985447,1.2622961,2.4192564,-1.0842897,0.8462197,0.45933244,-1.8966849,0.51226157,-0.78188413,2.932959,0.2806787,0.89554423,-0.31558108
2019-04-16,-0.36597326,0.4822327,0.5574959,0.8745742,0.25443596,-1.9411664,2.7029264,3.3269782,-0.79454863,-1.7706732,-2.3600147,0.20318711,2.3969405,0.29477623,1.3057859,0.7693304,0.6152361,-2.3686497,-0.19975463,0.02272304,0.8879651,-1.162139,0.14088206,-0.18522352,-1.6389832,0.15113083,1.4982219,0.07400604,-1.1972237,0.35379708,1.5609145,0.42519757,-0.32534802,3.1546183,-0.9344781,4.129239,0.9473796,-0.06268849,1.918271,1.939723,0.11406721,-1.2940822,0.8325314,1.3253235,-1.9237723,-1.6459789,-0.9953989,1.2188793,0.993436,-1.8205885,-0.469052,-0.07177573,0.65513545,-0.1987482,-1.3258709,-0.500666,1.2905638,0.27330247,-0.10988238,-0.60435665,1.5677314,-2.030623,-1.4041337,-0.9805245,-1.6315452,3.6100142,1.4367496,-1.7034336,-0.019191973,-1.9591284,0.9270503,0.52850753,-0.38702452,3.4752219,-2.7708144,-1.6644708,0.08623352,-0.7869411,-0.3433227,-0.709848,0.042437326,-0.47839332,-0.8689668,-3.1028984,-0.3344973,0.15604047,-1.3453815,0.36642334,1.305496,2.464992,-1.0025274,0.8386014,0.5001146,-1.8008977,0.61733454,-0.87106216,2.7574959,0.09798974,0.71254474,-0.37451145
2019-04-23,-0.34645578,0.4531898,0.72712624,0.65549004,0.19644667,-1.8730516,2.7396252,3.2908921,-0.8047308,-1.7165693,-2.4218688,0.20636156,2.453299,0.19028455,1.3905582,0.7895358,0.5180206,-2.4585574,-0.18220702,0.009879279,0.93536556,-1.1178751,0.20386668,-0.14544576,-1.6943206,0.16393697,1.5785041,0.0072027687,-1.2286035,0.27095315,1.6577687,0.32310602,-0.44767925,3.1412494,-0.9147064,4.25408,0.79452926,-0.042708214,1.9183825,2.00704,0.12065106,-1.2216587,0.87272495,1.3974979,-1.8197025,-1.6803163,-0.84636974,1.2595702,1.165466,-1.6950675,-0.38401487,-0.048683528,0.5913838,-0.14607207,-1.4255683,-0.4762581,1.4028487,0.30947077,-0.029612305,-0.59681153,1.4534965,-2.0364363,-1.3386661,-0.8825921,-1.5765779,3.705585,1.436358,-1.7656174,0.20052554,-1.9553562,0.97101516,0.3624668,-0.50945324,3.2947505,-2.8445828,-1.762931,0.17068255,-0.85546386,-0.13696457,-0.6360327,0.17011394,-0.5158735,-0.8601177,-3.2345917,-0.2184409,0.10193011,-1.4377139,0.4944123,1.2531359,2.6119275,-1.0155429,0.9616468,0.51833147,-1.5208647,0.55159765,-1.0153898,2.6101565,-0.008316116,0.6153536,-0.41092056
2019-04-25,-0.3678125,0.42937025,0.5928927,0.844481,0.2739466,-1.9094002,2.7381432,3.3835347,-0.7678641,-1.7442548,-2.3734674,0.21102338,2.3712935,0.3935504,1.2811059,0.71761954,0.62481284,-2.4810522,-0.16210258,-0.00986651,0.91356385,-1.1974759,0.24006133,-0.21952844,-1.6743449,0.18514106,1.5565813,-0.00074860227,-1.2266886,0.41256073,1.5618584,0.35240906,-0.31499234,3.1236875,-0.8966626,4.2538037,1.0293279,-0.016248604,1.8696789,2.058127,0.09202187,-1.3418567,0.8309151,1.3027999,-1.9812702,-1.6975199,-0.97568357,1.3227941,0.9365976,-1.8519258,-0.4689225,-0.10149821,0.63464874,-0.16520052,-1.3287836,-0.48423034,1.3978521,0.2134822,-0.16383383,-0.69364566,1.6194788,-2.1027324,-1.423656,-0.8709876,-1.6579099,3.689019,1.4880656,-1.8047165,0.039892152,-1.9538149,0.9080712,0.4691081,-0.39141566,3.4559488,-2.8696637,-1.750697,0.073782764,-0.7182058,-0.38352954,-0.71185905,0.10579579,-0.45863113,-0.8026304,-3.1354303,-0.2539756,0.17130977,-1.3187653,0.39940262,1.2329922,2.5455992,-0.9165407,0.8528735,0.5129142,-1.7106271,0.6963555,-0.8650539,2.637928,0.047325198,0.6970884,-0.47279826
2019-04-28,-0.2569503,0.3825439,0.59067255,0.8687446,0.109392665,-2.0645406,2.7571707,3.1657379,-0.6491933,-1.7193277,-2.218374,0.24739467,2.2849574,0.43499908,1.2818682,0.7069927,0.43373173,-2.271901,-0.22046645,0.014078557,0.8044108,-1.0580797,0.2777352,-0.11002532,-1.4335915,0.24754433,1.5939518,0.2111837,-1.0836601,0.37479284,1.5993025,0.40431267,-0.449241,3.2028506,-0.8902707,3.7735963,0.8910995,0.10653497,1.8308002,1.8701907,0.11754476,-1.3593189,0.902992,1.223844,-1.7729701,-1.7382727,-0.94314015,1.1471336,1.0307969,-1.8094201,-0.34651014,-0.1589499,0.72241217,-0.28819662,-1.5042996,-0.6132183,1.4620261,0.31394035,-0.15292688,-0.4299828,1.4840972,-2.0083148,-1.29935,-0.8497711,-1.5406221,3.4667442,1.3295027,-1.7195419,0.057112865,-1.921157,0.90923053,0.41580957,-0.5508694,3.134815,-2.81158,-1.6907889,0.13584943,-1.0234208,-0.26930934,-0.71276635,0.14316508,-0.33419916,-0.85537606,-2.976868,-0.30316514,0.0994872,-1.3672372,0.3254988,1.3101151,2.493665,-1.1531632,0.79936653,0.5537626,-1.7635312,0.87117285,-0.75210184,2.545844,-0.04209131,0.60933214,-0.27226904
2019-04-29,-0.40595353,0.49146086,0.6841021,0.8083675,0.2051033,-1.936487,2.7827215,3.1682699,-0.78594583,-1.797525,-2.3447027,0.11288377,2.3010747,0.24975424,1.3029019,0.7820745,0.56128675,-2.4230204,-0.09017023,-0.09704795,0.95229447,-1.1275442,0.15927523,-0.18542919,-1.6320379,0.13507767,1.5066192,0.0051831026,-1.1857634,0.32639027,1.5600241,0.34476015,-0.39222783,3.0488136,-0.7710565,4.2548423,0.84638506,-0.074848875,1.8723767,1.9970732,-0.011641563,-1.2505442,0.8319882,1.2101932,-1.8126211,-1.653172,-0.826379,1.3492154,1.0119605,-1.7118695,-0.45114884,-0.06395826,0.6464064,-0.20454447,-1.3140389,-0.41990596,1.3450482,0.17255534,-0.103581294,-0.6793198,1.605566,-1.9982307,-1.4794347,-0.9001022,-1.6456081,3.5303023,1.4428182,-1.6560761,0.09395302,-1.913609,1.0442955,0.4700171,-0.40102005,3.3319464,-2.7419746,-1.6003163,0.17451078,-0.7258463,-0.16564116,-0.59648955,0.05799757,-0.4947332,-0.8805233,-3.109989,-0.2313317,0.10438878,-1.3988016,0.44752398,1.2749481,2.4045935,-0.8818855,0.8512667,0.51719594,-1.6650871,0.6332013,-0.9297701,2.6869092,0.060150318,0.6975507,-0.43781206
2019-04-30,-0.32928756,0.40364712,0.6147621,0.7933397,0.20182028,-1.8371278,2.7644632,3.192488,-0.6694972,-1.7894372,-2.2919977,0.13107188,2.2750802,0.5636247,1.3464142,0.6629372,0.7043482,-2.5420282,-0.0837203,-0.17454575,0.9952175,-1.1418164,0.24623474,-0.31749487,-1.6948569,0.1549166,1.5828886,-0.12748055,-1.2051197,0.46159658,1.3660771,0.31798607,-0.38512602,2.9193063,-0.8745581,4.3281393,1.059532,-0.08232002,1.8655646,2.0181277,0.0897676,-1.4480474,0.7176567,1.106352,-1.9147114,-1.8016064,-0.913673,1.4831237,0.8592247,-1.8655767,-0.34390408,-0.07510306,0.69799995,-0.14178143,-1.356574,-0.33674914,1.4257339,0.23473969,-0.15008824,-0.7837918,1.7537875,-2.1587148,-1.4779754,-0.98819804,-1.623278,3.7334323,1.4116929,-1.8393173,0.11972207,-1.8246574,0.95495933,0.5264809,-0.2670071,3.3010058,-2.9164443,-1.9116331,0.1272461,-0.63287723,-0.3982814,-0.63201976,0.14268796,-0.4763727,-0.72408974,-3.0357962,-0.22650442,0.24118535,-1.3308175,0.4821716,0.95953465,2.6221342,-0.89650035,0.90797746,0.5012149,-1.6049603,0.8610408,-0.80859053,2.6097293,0.04659023,0.7217327,-0.426906
2019-05-05,-0.35872883,0.38547608,0.67109555,0.81011444,0.10704742,-1.9869237,2.8353746,3.1550407,-0.7535372,-1.7477705,-2.226394,0.2401407,2.2561624,0.3347114,1.3342582,0.7693064,0.5254521,-2.5263011,-0.11834959,-0.11434807,0.95367444,-1.178468,0.33655578,-0.10089539,-1.6370887,0.19131112,1.5133497,0.031145787,-1.1910753,0.34548533,1.577919,0.39558062,-0.44468307,3.1133468,-0.7979538,4.187467,0.890822,0.0351514,1.8251127,2.0164866,0.047658473,-1.2992133,0.81967133,1.291846,-1.8118953,-1.7446859,-0.7958029,1.3283334,1.1029134,-1.8567339,-0.3799482,-0.06934777,0.6145895,-0.22229707,-1.4370062,-0.4703049,1.5634997,0.17922868,-0.14472191,-0.63195515,1.5323237,-2.0723128,-1.4451168,-0.7720419,-1.6012567,3.6064048,1.4378812,-1.7471292,0.18877237,-1.9154475,0.9870022,0.4092912,-0.50822246,3.2077959,-2.8864226,-1.743448,0.19322416,-0.78522015,-0.17359154,-0.6603115,0.15851405,-0.44294864,-0.9010241,-3.1068587,-0.1583274,0.12378004,-1.3615686,0.44244212,1.24311,2.495146,-0.9105217,0.89261955,0.54529196,-1.5784942,0.79075646,-0.9412372,2.566089,-0.058748275,0.60903156,-0.44801688
2019-05-06,-0.3983303,0.40076116,0.59101856,0.7667207,0.5689137,-1.8840003,2.5816078,3.6282854,-0.6377771,-1.666278,-2.6295,0.05242716,2.5480533,0.5375489,1.202524,0.584607,0.5383561,-2.392931,-0.23588185,0.20314927,0.9011341,-1.055404,0.09064724,-0.37485898,-1.5859874,0.23728313,2.002296,-0.10115555,-1.226935,0.42836246,1.6341048,0.06359676,-0.22850536,3.159626,-1.1008998,4.124304,1.1058736,-0.15466194,1.9370382,2.0228167,0.2686344,-1.3654864,0.9435699,1.1795632,-1.9743801,-1.6652592,-1.2855288,1.2375349,0.7506638,-1.4985706,-0.35859075,-0.3096885,0.67850345,0.032572288,-1.3170937,-0.64398897,1.1262505,0.5313021,-0.03971822,-0.7284498,1.6917508,-2.1659305,-1.2743068,-1.0480376,-1.6050147,3.7125003,1.5428014,-1.9779239,0.1288996,-2.0047243,0.83461875,0.36143503,-0.26400232,3.4410229,-2.7704415,-1.6531881,-0.1313006,-0.9635164,-0.49382812,-0.6439467,0.13241687,-0.25839514,-0.57439774,-3.0784686,-0.329013,0.070770904,-1.5148582,0.51147187,1.1896094,2.761004,-1.2224436,0.7693523,0.6281733,-1.6630322,0.64787036,-0.61288506,2.6741178,0.19543536,0.78150594,-0.47109455
2019-05-07,-0.3275097,0.45952746,0.67480814,0.7925196,0.104400195,-1.8977498,2.7783294,3.1985857,-0.7648319,-1.7271432,-2.2776523,0.2733465,2.3393486,0.32751983,1.3985987,0.8460496,0.68422353,-2.4637268,-0.14671351,-0.13831207,0.9481063,-1.1618041,0.26154792,-0.14417176,-1.7032812,0.109203294,1.4272847,0.044747777,-1.1861333,0.36792922,1.4494644,0.42104986,-0.41364178,3.0392418,-0.9030257,4.214935,0.9043478,0.00506333,1.873011,1.9553,0.060116585,-1.2752327,0.76864487,1.2817147,-1.8645306,-1.7389644,-0.8561538,1.3435289,1.0412879,-1.9255649,-0.35830447,0.014256066,0.6581216,-0.20576163,-1.4177763,-0.3049783,1.4162273,0.24395894,-0.17100838,-0.6744567,1.5733403,-2.069897,-1.4053551,-0.9871474,-1.5996231,3.7002726,1.3443516,-1.7029923,0.1045847,-1.8597424,0.9816478,0.5268745,-0.43337423,3.3010378,-2.8358333,-1.8661416,0.20674916,-0.7924333,-0.2874087,-0.65430814,0.12917185,-0.5851064,-0.85820735,-3.1057222,-0.19167988,0.22003588,-1.3047948,0.39601216,1.1836796,2.5403523,-0.9008201,0.92435634,0.46840864,-1.659324,0.661954,-0.97958946,2.614742,0.004081567,0.6123973,-0.37053102
2019-05-09,-0.39484456,0.44966543,0.65113395,0.77661234,0.33220333,-1.9017184,2.6971924,3.3025022,-0.67157024,-1.7821151,-2.4662495,0.03881343,2.4102066,0.3807499,1.2394925,0.6840973,0.51498514,-2.4077015,-0.15238501,0.026373873,0.91843206,-1.0905565,0.1410075,-0.26307335,-1.5889633,0.16515267,1.7665709,-0.056261748,-1.1770861,0.3641049,1.5909551,0.20795597,-0.3799234,3.0774765,-0.9297441,4.166807,0.9601626,-0.114027016,1.9240098,1.9389416,0.12586688,-1.3154294,0.87630296,1.1886573,-1.8507938,-1.6515173,-1.0041996,1.296996,0.8679528,-1.6145016,-0.3962431,-0.19546984,0.7116778,-0.11953356,-1.3694195,-0.5185912,1.2534238,0.32593575,-0.086008474,-0.70728266,1.6598432,-2.0522134,-1.4175527,-0.9856923,-1.6249384,3.5839515,1.4636393,-1.8052683,0.10384801,-1.9324949,0.9326617,0.4137243,-0.3295408,3.3022273,-2.7528987,-1.6109748,-0.008838297,-0.83953345,-0.2945601,-0.5715871,0.12649803,-0.34926477,-0.72348833,-3.0768788,-0.25999066,0.074343316,-1.5079137,0.48168424,1.1842405,2.5311534,-1.0560992,0.848718,0.52820706,-1.668115,0.7038247,-0.7461796,2.6923914,0.12464642,0.7572076,-0.39618424
2019-05-12,-0.18073374,0.5604679,0.6994388,0.71398836,0.077193804,-1.8288158,2.6603978,3.1862645,-0.7240305,-1.8955353,-2.3881664,0.1411936,2.27857,0.4135484,1.384323,0.6801293,0.70953834,-2.302384,-0.08465012,-0.1488558,0.8549141,-0.97011,-0.03842872,-0.25219783,-1.6462835,0.09546058,1.4241276,0.059735473,-1.1534245,0.40303907,1.3221992,0.4612026,-0.5252746,2.9385467,-0.8684517,4.2230215,0.901241,-0.07539636,1.9333616,1.839896,0.061512142,-1.3444604,0.7416054,1.1430818,-1.7907006,-1.6672349,-0.85673654,1.4230863,0.9589171,-1.796057,-0.30902195,0.07077374,0.75737643,-0.15293129,-1.340619,-0.25908974,1.2471803,0.3311511,-0.1415458,-0.67013973,1.703867,-1.9805982,-1.357778,-1.0403936,-1.6826892,3.6693025,1.2568934,-1.6453004,-0.08659981,-1.7941667,0.982933,0.5951869,-0.3251302,3.4146702,-2.6321168,-1.8447196,0.27992758,-0.774708,-0.27733815,-0.64501643,-0.015949724,-0.5709154,-0.7808181,-3.0445006,-0.3061679,0.30536595,-1.356025,0.35666788,0.9817526,2.6263962,-0.98878074,1.0254596,0.35775727,-1.7527618,0.6174561,-0.8745225,2.7111058,0.060455568,0.7351218,-0.25541672
2019-05-14,-0.31694856,0.5645029,0.67293316,0.764896,0.21796404,-1.8550324,2.7181308,3.2241702,-0.7593291,-1.8561844,-2.4073114,0.06784554,2.3283045,0.26515824,1.3253222,0.81148726,0.5768035,-2.3796182,-0.07895424,-0.07394298,0.9125927,-1.1440974,0.07953997,-0.23206477,-1.6812332,0.15646039,1.4929762,0.0089969905,-1.1724198,0.35105446,1.5411342,0.3648798,-0.44270045,3.0496712,-0.8254201,4.264185,0.9041631,-0.079961725,1.8854041,1.9704412,0.007681505,-1.2912425,0.77679056,1.2365116,-1.8479769,-1.6287398,-0.8465065,1.3899121,0.9894522,-1.7235842,-0.46605647,-0.08155561,0.7257933,-0.1624939,-1.2995079,-0.33545056,1.2502472,0.22196485,-0.11079142,-0.6837539,1.6416162,-2.0193188,-1.4377761,-0.965785,-1.7037144,3.583408,1.39781,-1.6518146,0.008514619,-1.941986,1.0427656,0.59182894,-0.32719555,3.449765,-2.7069995,-1.623334,0.14338297,-0.67236143,-0.22391056,-0.626621,0.055459186,-0.5501464,-0.86662865,-3.1113577,-0.29182082,0.15456387,-1.4075004,0.3801534,1.1794711,2.4547212,-0.8899325,0.87105566,0.4487845,-1.7148135,0.5783005,-0.94998085,2.7363036,0.11406348,0.71288514,-0.3757884
2019-05-16,-0.363718,0.5682606,0.64883524,0.7601756,0.3911211,-1.793671,2.5673509,3.5900998,-0.8277645,-1.8598369,-2.6385305,0.07996379,2.369107,0.41174203,1.2259133,0.62902033,0.73061544,-2.3287635,-0.046034787,0.008075488,0.8597767,-1.0341256,-0.20550744,-0.3788119,-1.7309396,0.12379797,1.5782908,-0.0851023,-1.2399849,0.43973312,1.4671186,0.2846617,-0.32240406,3.0270343,-0.889743,4.44946,1.0347862,-0.21966055,1.9366509,1.9995178,0.09233829,-1.3060826,0.81717855,1.0975634,-1.9591087,-1.5666102,-1.0559679,1.4338938,0.78484,-1.624451,-0.45459184,-0.03938604,0.69376373,0.0029891026,-1.0605658,-0.4211541,1.0033902,0.34898382,-0.09148228,-0.85237074,1.7818983,-2.0405989,-1.4164699,-1.0450263,-1.8342183,3.7366664,1.514204,-1.7437773,-0.16955507,-1.983489,0.94835836,0.5946852,-0.17474623,3.7967217,-2.5003562,-1.6167643,0.10192841,-0.6491225,-0.43887568,-0.6767864,-0.16234067,-0.5008825,-0.7027504,-3.1245677,-0.33298776,0.26452863,-1.3876092,0.38208687,1.091954,2.6712804,-0.890104,0.88830245,0.4153517,-1.8351803,0.39801958,-0.8005961,2.9062152,0.24179474,0.87055194,-0.49496427
2019-05-19,-0.17426713,0.42004013,0.6604858,0.71615213,0.019930404,-1.8970201,2.6118023,3.2692924,-0.7787759,-1.8231399,-2.367987,0.12057913,2.2145805,0.6043105,1.3014339,0.5387528,0.4938165,-2.249209,-0.08071746,-0.005402825,0.8103092,-0.94053394,0.10864906,-0.34333664,-1.58548,0.16128081,1.4864773,-0.05731176,-1.2226864,0.37564325,1.4958198,0.34074393,-0.5207892,3.0118108,-0.7757097,4.229805,0.8678682,0.06632328,1.8796352,2.0349472,0.053322732,-1.4097108,0.9050136,1.0470027,-1.7930254,-1.684005,-0.7545018,1.3343483,1.0297841,-1.7483085,-0.48947063,0.004247908,0.761811,-0.25521907,-1.3572019,-0.5198954,1.3757048,0.13693295,-0.034783702,-0.50692624,1.5650572,-2.0317235,-1.3432587,-0.8070267,-1.6416181,3.626481,1.3843907,-1.740655,-0.044011574,-1.9545817,0.9427841,0.4595098,-0.43894905,3.2430723,-2.747757,-1.7305708,0.25265926,-0.70201266,-0.3159573,-0.66181684,0.064087674,-0.42287317,-0.73970115,-3.0508919,-0.40850595,0.15251788,-1.3431358,0.38655713,1.0950826,2.65401,-0.9940059,0.9651673,0.43918082,-1.7797157,0.8767847,-0.7780189,2.573468,-0.08898284,0.6745141,-0.35271356
2019-05-20,-0.32123482,0.43502998,0.67099315,0.6916788,0.20380427,-1.8373572,2.6597269,3.4841726,-0.87017703,-1.7633703,-2.4708087,0.24285279,2.375029,0.38101488,1.3638122,0.6729334,0.65749973,-2.4776154,-0.11344228,-0.014216184,0.9104784,-1.0890307,0.08554277,-0.24972126,-1.7914715,0.14064479,1.5175974,-0.08713644,-1.29443,0.35925713,1.5386884,0.35671112,-0.3980123,3.0886467,-0.90657717,4.4487605,0.9375077,-0.08542648,1.9105906,2.0679772,0.15253346,-1.293944,0.8222115,1.2968577,-1.9191878,-1.6769333,-0.89380985,1.3545705,1.0724674,-1.7826846,-0.40511653,0.03039107,0.5932953,-0.08384161,-1.2716678,-0.4561098,1.3229101,0.29383448,-0.05176339,-0.71424603,1.5599452,-2.1080358,-1.3614289,-0.87836474,-1.691988,3.8474069,1.497072,-1.8136557,0.057889502,-1.9871154,0.9237309,0.45814034,-0.38996837,3.5385306,-2.7662547,-1.8257446,0.20570563,-0.7069952,-0.3259402,-0.7154271,0.02973447,-0.5223219,-0.79442984,-3.213952,-0.25435022,0.22986345,-1.3514099,0.45598325,1.1207148,2.7480595,-0.9229233,0.995532,0.4740399,-1.6161354,0.5463158,-0.9533132,2.7134933,0.017794179,0.6902309,-0.4962042
2019-05-21,-0.16379997,0.4915116,0.72980297,0.6612432,0.06493341,-1.9149703,2.5964646,3.2841036,-0.7922394,-1.8521599,-2.448384,0.06986883,2.2117534,0.52281,1.2850394,0.5457966,0.424039,-2.1649084,-0.047188837,0.029481396,0.7956187,-0.887881,-0.014202069,-0.345505,-1.5447683,0.1892021,1.5136794,-0.013504963,-1.2002596,0.3462254,1.5498592,0.31137365,-0.5520082,3.038029,-0.72782207,4.2096543,0.7989695,0.030103184,1.8722482,2.0227985,0.001976354,-1.3715826,0.9438927,1.0085766,-1.7310992,-1.6376181,-0.74025655,1.342681,1.05541,-1.6025797,-0.47716522,-0.019061664,0.768195,-0.19494797,-1.2983289,-0.5245071,1.2878313,0.20266394,0.009734955,-0.49720734,1.5624841,-1.9757688,-1.3085444,-0.7831362,-1.6772159,3.5610878,1.3918713,-1.6821779,-0.053439926,-1.9871613,1.0212771,0.45189518,-0.453374,3.2958574,-2.6290548,-1.6238123,0.29815048,-0.7679607,-0.2107031,-0.64731467,-0.0010074608,-0.42832127,-0.76064366,-3.0496411,-0.41760126,0.124810256,-1.4010785,0.3901258,1.1264329,2.673692,-1.0219041,0.94872916,0.45688507,-1.7670552,0.7584852,-0.8157195,2.599904,-0.05574046,0.6980539,-0.3501134
