adore,afraid,alleluia,amen,away,bless,blood,bread,christ,come,cross,day,earth,exalted,father,fear,forever,gave,glory,god,good,grace,great,hand,hands,heart,hearts,heaven,holy,honor,hope,jesus,joy,king,know,lead,let,life,light,like,live,look,lord,love,mercy,mountains,new,night,peace,people,power,praise,rejoice,salvation,savior,sing,sky,son,song,soul,spirit,strength,throne,time,today,voice,want,water,way,world,worship
0.0,0.0,0.0,0.0,0.0,0.0,0.0,0.0,0.0,0.3237398227779591,0.0,0.0,0.0,0.0,0.0,0.0,0.0,0.0,0.0,0.0,0.0,0.0,0.41726590664760554,0.0,0.0,0.0,0.0,0.0,0.0,0.0,0.0,0.31016857259029923,0.0,0.0,0.0,0.0,0.0,0.0,0.0,0.0,0.0,0.0,0.0,0.0,0.0,0.0,0.0,0.0,0.0,0.37183571941543814,0.0,0.0,0.0,0.0,0.0,0.0,0.4540561977848808,0.39563909197232894,0.0,0.0,0.0,0.0,0.0,0.0,0.3520199181833258,0.0,0.0,0.0,0.0,0.0,0.0
0.0,0.0,0.0,0.0,0.0,0.0,0.0,0.0,0.0,0.11558073624668097,0.0,0.1327518062006445,0.0,0.0,0.13896032688590954,0.0,0.0,0.0,0.12567722119570898,0.3349390314553748,0.0,0.15503135916659533,0.0,0.0,0.0,0.0,0.15503135916659533,0.0,0.22147112871657262,0.0,0.0,0.33220669307485895,0.0,0.0,0.0,0.0,0.09097466150141369,0.0,0.2873412580258463,0.0,0.0,0.0,0.5990731911889214,0.0,0.0,0.0,0.0,0.15842109333923415,0.15842109333923415,0.1327518062006445,0.0,0.0,0.0,0.16210594417153082,0.0,0.0,0.0,0.0,0.0,0.13472188556568107,0.22863298208407365,0.0,0.0,0.0,0.0,0.0,0.0,0.0,0.0,0.0,0.0
0.0,0.0,0.0,0.0,0.0,0.0,0.0,0.0,0.0,0.0,0.0,0.23946292343173317,0.6714554726306942,0.0,0.0,0.0,0.0,0.0,0.0,0.3020880918278153,0.0,0.0,0.0,0.0,0.0,0.0,0.0,0.0,0.0,0.0,0.0,0.19974916144658333,0.0,0.0,0.24301662998869827,0.0,0.0,0.0,0.0,0.2296976152233478,0.0,0.0,0.0,0.0,0.0,0.0,0.0,0.28576619203905274,0.0,0.0,0.0,0.0,0.0,0.0,0.0,0.0,0.2924130707367177,0.0,0.0,0.0,0.0,0.0,0.0,0.28576619203905274,0.0,0.0,0.0,0.0,0.0,0.0,0.0
0.0,0.0,0.0,0.0,0.0,0.0,0.0,0.0,0.0,0.3156415900161467,0.0,0.0,0.0,0.0,0.0,0.0,0.0,0.0,0.0,0.0,0.0,0.0,0.0,0.0,0.0,0.0,0.0,0.0,0.0,0.0,0.0,0.30240981966740627,0.0,0.0,0.0,0.0,0.24844440120367844,0.0,0.7847056049802803,0.0,0.0,0.0,0.0,0.0,0.0,0.0,0.0,0.0,0.0,0.36253438546416994,0.0,0.0,0.0,0.0,0.0,0.0,0.0,0.0,0.0,0.0,0.0,0.0,0.0,0.0,0.0,0.0,0.0,0.0,0.0,0.0,0.0
0.0,0.0,0.0,0.0,0.0,0.0,0.0,0.0,0.0,0.0,0.0,0.0,0.3187017146024124,0.0,0.0,0.0,0.0,0.0,0.0,0.21507604766991376,0.0,0.0,0.0,0.0,0.0,0.0,0.0,0.0,0.0,0.0,0.0,0.2844286903821272,0.3982041967406676,0.0,0.0,0.0,0.2336720273992819,0.0,0.0,0.0,0.0,0.41637554900325496,0.0,0.0,0.0,0.0,0.0,0.0,0.0,0.34097828102761474,0.0,0.0,0.0,0.0,0.0,0.0,0.0,0.0,0.0,0.0,0.0,0.0,0.0,0.0,0.0,0.0,0.0,0.0,0.3982041967406676,0.3315135954719195,0.0
0.0,0.0,0.0,0.0,0.0,0.0,0.0,0.0,0.0,0.0,0.0,0.0,0.0,0.0,0.0,0.0,0.0,0.0,0.0,0.0,0.0,0.0,0.0,0.0,0.0,0.0,0.0,0.0,0.0,0.0,0.0,0.6405566350375552,0.0,0.0,0.0,0.0,0.0,0.0,0.0,0.0,0.0,0.0,0.0,0.0,0.0,0.0,0.0,0.0,0.0,0.7679109305833356,0.0,0.0,0.0,0.0,0.0,0.0,0.0,0.0,0.0,0.0,0.0,0.0,0.0,0.0,0.0,0.0,0.0,0.0,0.0,0.0,0.0
0.0,0.0,0.0,0.0,0.0,0.0,0.0,0.0,0.0,0.0,0.0,0.0,0.0,0.0,0.0,0.0,0.0,0.0,0.0,0.0,0.0,0.0,0.0,0.0,0.0,0.0,0.0,0.0,0.29124120316513236,0.0,0.0,0.5824824063302647,0.0,0.0,0.0,0.0,0.0,0.0,0.0,0.0,0.0,0.0,0.0,0.0,0.0,0.0,0.0,0.0,0.0,0.3491452451095677,0.3039842970256762,0.0,0.0,0.0,0.0,0.0,0.0,0.0,0.0,0.0,0.6013185119999349,0.0,0.0,0.0,0.0,0.0,0.0,0.0,0.0,0.0,0.0
0.0,0.0,0.0,0.0,0.0,0.0,0.0,0.0,0.0,0.24537229117834713,0.0,0.2818256389714894,0.0,0.0,0.0,0.0,0.0,0.32246136960194544,0.0,0.0,0.29039450239069914,0.0,0.0,0.0,0.0,0.0,0.0,0.0,0.0,0.0,0.0,0.23508622651034797,0.0,0.0,0.0,0.0,0.1931347892103211,0.0,0.0,0.0,0.0,0.0,0.14131147751878728,0.0,0.0,0.0,0.0,0.0,0.0,0.2818256389714894,0.24537229117834713,0.0,0.0,0.0,0.0,0.0,0.0,0.0,0.0,0.0,0.4853767199853611,0.0,0.0,0.33632028922763446,0.26680663850334824,0.0,0.0,0.0,0.0,0.0,0.0
0.0,0.0,0.0,0.0,0.0,0.0,0.0,0.0,0.0,0.5420181957052156,0.0,0.0,0.0,0.0,0.0,0.0,0.0,0.0,0.0,0.1308919457486641,0.0,0.0,0.2328677721405465,0.0,0.0,0.0,0.0,0.0,0.0,0.0,0.0,0.0,0.0,0.0,0.0,0.0,0.0,0.0,0.0,0.19905165813387166,0.0,0.0,0.2081011720580404,0.0,0.0,0.0,0.0,0.0,0.7429189150527236,0.0,0.0,0.0,0.0,0.0,0.0,0.0,0.0,0.0,0.0,0.0,0.0,0.0,0.0,0.0,0.0,0.0,0.0,0.0,0.0,0.0,0.0
0.0,0.0,0.0,0.0,0.37511877084568135,0.0,0.0,0.0,0.0,0.0,0.0,0.0,0.0,0.0,0.0,0.0,0.0,0.0,0.0,0.0,0.0,0.0,0.0,0.0,0.7235433429703231,0.0,0.0,0.0,0.0,0.0,0.0,0.27883910919013544,0.0,0.0,0.0,0.0,0.0,0.0,0.0,0.0,0.0,0.0,0.0,0.0,0.0,0.0,0.3903787038704389,0.0,0.0,0.0,0.0,0.0,0.0,0.0,0.0,0.0,0.0,0.0,0.0,0.0,0.0,0.0,0.0,0.0,0.0,0.0,0.0,0.0,0.0,0.32499870361748,0.0
0.0,0.0,0.0,0.0,0.36365756064499594,0.0,0.0,0.0,0.0,0.0,0.0,0.0,0.0,0.0,0.0,0.0,0.0,0.0,0.0,0.20440718465029853,0.0,0.0,0.7273151212899919,0.0,0.0,0.0,0.0,0.0,0.0,0.0,0.0,0.2703195844662854,0.0,0.0,0.0,0.0,0.0,0.0,0.0,0.0,0.0,0.0,0.0,0.0,0.0,0.0,0.0,0.0,0.0,0.324064028546415,0.0,0.0,0.0,0.0,0.0,0.0,0.0,0.3448092566162305,0.0,0.0,0.0,0.0,0.0,0.0,0.0,0.0,0.0,0.0,0.0,0.0,0.0
0.0,0.0,0.0,0.0,0.0,0.0,0.0,0.0,0.0,0.0,0.0,0.19689879016302742,0.0,0.0,0.0,0.0,0.0,0.0,0.0,0.0,0.20288546634505253,0.0,0.0,0.9011565275699989,0.0,0.0,0.22994404318006328,0.0,0.0,0.0,0.0,0.16424408280526115,0.0,0.0,0.0,0.0,0.0,0.16773456729527247,0.0,0.0,0.0,0.0,0.0,0.0,0.0,0.0,0.0,0.0,0.0,0.0,0.0,0.0,0.0,0.0,0.0,0.0,0.0,0.0,0.0,0.0,0.0,0.0,0.0,0.0,0.0,0.0,0.0,0.0,0.0,0.0,0.0
0.0,0.0,0.0,0.0,0.0,0.0,0.0,0.4127564591405072,0.0,0.0,0.0,0.0,0.0,0.0,0.0,0.0,0.0,0.4044007536649652,0.0,0.22293594243554155,0.0,0.0,0.0,0.0,0.0,0.0,0.0,0.0,0.0,0.0,0.0,0.29482305832290273,0.0,0.0,0.0,0.0,0.0,0.0,0.0,0.0,0.0,0.43159187845324,0.17721957852083314,0.0,0.0,0.0,0.0,0.0,0.0,0.0,0.0,0.0,0.0,0.0,0.0,0.0,0.0,0.3760649446630181,0.0,0.0,0.0,0.0,0.0,0.0,0.0,0.0,0.0,0.0,0.4127564591405072,0.0,0.0
0.0,0.0,0.0,0.0,0.0,0.0,0.0,0.0,0.0,0.20128639862208542,0.0,0.2311901952560203,0.0,0.0,0.0,0.0,0.0,0.0,0.0,0.0,0.0,0.0,0.0,0.0,0.0,0.0,0.0,0.0,0.0,0.0,0.0,0.3856968500614424,0.0,0.0,0.0,0.0,0.15843437733776067,0.0,0.0,0.0,0.0,0.0,0.0,0.0,0.0,0.0,0.8099715828128006,0.0,0.0,0.0,0.0,0.0,0.0,0.0,0.0,0.0,0.0,0.0,0.0,0.0,0.0,0.0,0.0,0.2758938243477696,0.0,0.0,0.0,0.0,0.0,0.0,0.0
0.0,0.0,0.0,0.0,0.0,0.0,0.0,0.0,0.0,0.13008230084114944,0.0,0.0,0.0,0.0,0.0,0.0,0.0,0.0,0.14144556114929024,0.0,0.30790098459117526,0.0,0.0,0.0,0.0,0.0,0.0,0.0,0.0,0.0,0.0,0.7477753195441882,0.0,0.0,0.15162503213890957,0.0,0.0,0.0,0.0,0.0,0.0,0.0,0.0,0.0,0.0,0.0,0.0,0.0,0.0,0.0,0.0,0.0,0.0,0.0,0.0,0.0,0.0,0.0,0.0,0.0,0.0,0.0,0.0,0.0,0.0,0.0,0.0,0.5348931230033547,0.0,0.0,0.0
0.0,0.0,0.0,0.0,0.0,0.0,0.0,0.0,0.0,0.23249923378076628,0.0,0.0,0.0,0.0,0.0,0.0,0.0,0.0,0.0,0.0,0.0,0.0,0.0,0.0,0.0,0.0,0.0,0.0,0.0,0.0,0.0,0.891011242933543,0.0,0.0,0.0,0.0,0.0,0.0,0.0,0.0,0.0,0.0,0.0,0.0,0.0,0.0,0.0,0.0,0.0,0.2670401160863771,0.0,0.0,0.0,0.0,0.0,0.0,0.0,0.2841349110157948,0.0,0.0,0.0,0.0,0.0,0.0,0.0,0.0,0.0,0.0,0.0,0.0,0.0
0.0,0.0,0.0,0.0,0.21178254124059914,0.0,0.0,0.0,0.0,0.1643135498884661,0.0,0.0,0.17639490772260252,0.0,0.0,0.0,0.0,0.0,0.0,0.23808042344174649,0.0,0.0,0.0,0.0,0.0,0.0,0.440795824562479,0.0,0.0,0.0,0.0,0.62970194755565,0.0,0.0,0.1915252660938162,0.0,0.0,0.0,0.0,0.18102833900220172,0.0,0.0,0.0,0.0,0.0,0.0,0.0,0.0,0.0,0.18872453351031468,0.1643135498884661,0.0,0.0,0.0,0.0,0.0,0.0,0.20080589134445107,0.0,0.0,0.16251625542357198,0.0,0.0,0.2252168749662996,0.0,0.0,0.0,0.0,0.0,0.0,0.0
0.0,0.0,0.0,0.0,0.0,0.0,0.0,0.0,0.0,0.0,0.0,0.2563477322463924,0.0,0.0,0.0,0.0,0.0,0.0,0.0,0.0,0.0,0.0,0.0,0.2933098675343975,0.0,0.0,0.0,0.0,0.0,0.0,0.0,0.8553348271394989,0.0,0.0,0.0,0.0,0.0,0.0,0.0,0.0,0.0,0.0,0.0,0.0,0.0,0.0,0.0,0.0,0.0,0.2563477322463924,0.0,0.0,0.0,0.0,0.0,0.0,0.0,0.0,0.0,0.0,0.0,0.0,0.0,0.0,0.0,0.0,0.2257063034863259,0.0,0.0,0.0,0.0
0.0,0.0,0.0,0.0,0.3711266633580521,0.0,0.0,0.0,0.0,0.0,0.0,0.0,0.0,0.0,0.0,0.0,0.0,0.0,0.0,0.0,0.0,0.0,0.0,0.3784056012623898,0.0,0.0,0.0,0.0,0.0,0.0,0.0,0.2758716338672336,0.0,0.0,0.0,0.0,0.45328397709178214,0.0,0.0,0.0,0.0,0.0,0.0,0.0,0.0,0.0,0.0,0.0,0.0,0.6614398524561762,0.0,0.0,0.0,0.0,0.0,0.0,0.0,0.0,0.0,0.0,0.0,0.0,0.0,0.0,0.0,0.0,0.0,0.0,0.0,0.0,0.0
0.0,0.0,0.0,0.0,0.0,0.0,0.0,0.0,0.0,0.21189192148021868,0.0,0.0,0.0,0.0,0.0,0.0,0.0,0.0,0.0,0.0,0.0,0.0,0.0,0.0,0.0,0.0,0.0,0.0,0.20300936185416885,0.0,0.0,0.6090280855625065,0.0,0.0,0.2469830191860371,0.0,0.0,0.0,0.0,0.0,0.0,0.0,0.0,0.0,0.0,0.0,0.2842159831322507,0.0,0.0,0.0,0.42378384296043736,0.0,0.0,0.0,0.0,0.0,0.0,0.0,0.0,0.0,0.4191484105461211,0.0,0.0,0.0,0.0,0.0,0.21428096311925057,0.0,0.0,0.0,0.0
0.0,0.0,0.0,0.0,0.0,0.0,0.0,0.0,0.0,0.0,0.0,0.0,0.0,0.0,0.3694730577357021,0.0,0.0,0.0,0.0,0.44527438471145414,0.0,0.0,0.0,0.0,0.0,0.0,0.0,0.0,0.0,0.0,0.0,0.5888559487505538,0.0,0.0,0.0,0.0,0.0,0.0,0.0,0.0,0.0,0.0,0.0,0.0,0.0,0.0,0.0,0.0,0.0,0.0,0.0,0.0,0.0,0.0,0.0,0.0,0.0,0.37556099078727195,0.0,0.0,0.0,0.0,0.0,0.42121609151032474,0.0,0.0,0.0,0.0,0.0,0.0,0.0
0.0,0.0,0.0,0.0,0.0,0.0,0.0,0.0,0.0,0.11558073624668097,0.0,0.1327518062006445,0.0,0.0,0.13896032688590954,0.0,0.0,0.0,0.12567722119570898,0.3349390314553748,0.0,0.15503135916659533,0.0,0.0,0.0,0.0,0.15503135916659533,0.0,0.22147112871657262,0.0,0.0,0.33220669307485895,0.0,0.0,0.0,0.0,0.09097466150141369,0.0,0.2873412580258463,0.0,0.0,0.0,0.5990731911889214,0.0,0.0,0.0,0.0,0.15842109333923415,0.15842109333923415,0.1327518062006445,0.0,0.0,0.0,0.16210594417153082,0.0,0.0,0.0,0.0,0.0,0.13472188556568107,0.22863298208407365,0.0,0.0,0.0,0.0,0.0,0.0,0.0,0.0,0.0,0.0
0.0,0.0,0.0,0.0,0.0,0.0,0.0,0.0,0.0,0.0,0.0,0.0,0.0,0.0,0.0,0.0,0.0,0.3259703442151455,0.0,0.0,0.0,0.0,0.0,0.0,0.0,0.0,0.0,0.27698453640781195,0.0,0.0,0.0,0.2376443983675106,0.6654110500225412,0.0,0.0,0.0,0.0,0.0,0.0,0.0,0.0,0.0,0.0,0.0,0.0,0.0,0.0,0.0,0.0,0.2848924218661989,0.0,0.0,0.0,0.0,0.0,0.0,0.0,0.0,0.0,0.0,0.0,0.0,0.0,0.0,0.0,0.3478879599131965,0.0,0.3399800744548096,0.0,0.0,0.0
0.0,0.0,0.0,0.0,0.0,0.0,0.0,0.0,0.0,0.0,0.0,0.0,0.0,0.0,0.0,0.0,0.0,0.0,0.0,0.0,0.0,0.0,0.0,0.0,0.0,0.0,0.0,0.0,0.0,0.0,0.0,0.92690410942025,0.0,0.0,0.0,0.0,0.0,0.0,0.0,0.0,0.0,0.0,0.18572219388708094,0.0,0.0,0.0,0.0,0.0,0.0,0.0,0.0,0.0,0.0,0.0,0.0,0.0,0.0,0.0,0.0,0.0,0.0,0.0,0.0,0.0,0.0,0.0,0.32612273554234567,0.0,0.0,0.0,0.0
0.0,0.0,0.0,0.0,0.0,0.0,0.0,0.0,0.0,0.24840998829024716,0.0,0.28531462676816294,0.0,0.0,0.0,0.0,0.0,0.3264534257808853,0.0,0.0,0.2939895723025773,0.33319858798097024,0.0,0.0,0.0,0.0,0.0,0.0,0.0,0.0,0.0,0.23799658263853404,0.0,0.0,0.0,0.0,0.19552578857122768,0.0,0.0,0.0,0.0,0.0,0.2861218135686313,0.0,0.0,0.0,0.0,0.0,0.0,0.0,0.24840998829024716,0.0,0.0,0.0,0.0,0.0,0.0,0.0,0.0,0.0,0.4913856603323026,0.0,0.0,0.0,0.27010969179972993,0.0,0.0,0.0,0.0,0.0,0.0
0.0,0.48906784154704364,0.0,0.0,0.4494407020780233,0.0,0.0,0.4677240713609006,0.0,0.0,0.0,0.0,0.0,0.0,0.0,0.0,0.0,0.0,0.0,0.0,0.0,0.0,0.0,0.0,0.0,0.0,0.0,0.0,0.0,0.0,0.0,0.33408524110562476,0.0,0.0,0.0,0.0,0.0,0.0,0.0,0.0,0.0,0.0,0.0,0.0,0.0,0.0,0.0,0.4779507782451129,0.0,0.0,0.0,0.0,0.0,0.0,0.0,0.0,0.0,0.0,0.0,0.0,0.0,0.0,0.0,0.0,0.0,0.0,0.0,0.0,0.0,0.0,0.0
0.0,0.0,0.0,0.0,0.0,0.0,0.0,0.328223853465713,0.0,0.0,0.0,0.0,0.0,0.0,0.0,0.0,0.0,0.32157939814860464,0.0,0.0,0.0,0.0,0.3153935582386534,0.0,0.0,0.0,0.0,0.27325344803668766,0.0,0.0,0.0,0.23444323680552945,0.0,0.0,0.0,0.0,0.19260654183935455,0.0,0.0,0.26959338406971733,0.0,0.0,0.0,0.0,0.0,0.0,0.0,0.0,0.0,0.0,0.0,0.0,0.0,0.0,0.0,0.0,0.0,0.0,0.0,0.0,0.0,0.0,0.0,0.6708008238536913,0.0,0.0,0.0,0.0,0.0,0.0,0.0
0.0,0.0,0.0,0.0,0.0,0.0,0.0,0.0,0.0,0.0,0.0,0.0,0.0,0.0,0.0,0.0,0.0,0.0,0.0,0.0,0.0,0.0,0.2891458026043994,0.0,0.0,0.0,0.0,0.2505126863979951,0.0,0.0,0.0,0.6447970426207668,0.0,0.0,0.0,0.0,0.0,0.0,0.27885770705445473,0.0,0.0,0.0,0.0,0.0,0.0,0.0,0.0,0.0,0.0,0.5153296054842111,0.0,0.0,0.0,0.0,0.0,0.0,0.0,0.0,0.0,0.0,0.0,0.0,0.0,0.3074876412886372,0.0,0.0,0.0,0.0,0.0,0.0,0.0
0.0,0.0,0.0,0.0,0.0,0.0,0.0,0.0,0.0,0.16350297931594857,0.0,0.0,0.0,0.0,0.0,0.0,0.0,0.0,0.0,0.0,0.0,0.0,0.0,0.0,0.0,0.0,0.0,0.0,0.0,0.0,0.0,0.15664889562712664,0.0,0.7303234922789973,0.19058045816595745,0.0,0.1286947001790552,0.0,0.0,0.0,0.0,0.0,0.0,0.0,0.0,0.0,0.0,0.0,0.0,0.3755870835958978,0.0,0.0,0.0,0.0,0.0,0.0,0.0,0.0,0.0,0.0,0.0,0.0,0.0,0.2241058639060069,0.0,0.0,0.0,0.0,0.0,0.0,0.4137428711034993
0.0,0.0,0.0,0.0,0.0,0.0,0.0,0.0,0.0,0.13610197906565305,0.0,0.0,0.0,0.0,0.0,0.0,0.0,0.0,0.0,0.09860177943086638,0.1610746930525764,0.0,0.0,0.0,0.0,0.0,0.0,0.0,0.0,0.0,0.0,0.782379310854107,0.0,0.15198266275202832,0.15864162008634172,0.0,0.0,0.0,0.0,0.0,0.0,0.19088769060064859,0.0,0.0,0.0,0.0,0.0,0.0,0.0,0.0,0.0,0.0,0.0,0.0,0.0,0.0,0.0,0.4989864665191686,0.0,0.0,0.0,0.0,0.0,0.0,0.0,0.0,0.0,0.0,0.0,0.0,0.0
0.0,0.0,0.0,0.0,0.0,0.0,0.0,0.0,0.0,0.18640703101148623,0.0,0.2141002978425391,0.0,0.0,0.0,0.0,0.0,0.0,0.0,0.13504627252547913,0.0,0.0,0.0,0.0,0.0,0.0,0.0,0.0,0.0,0.0,0.0,0.8929640202046326,0.0,0.0,0.0,0.0,0.0,0.0,0.0,0.0,0.22780610631650478,0.0,0.0,0.0,0.0,0.0,0.0,0.0,0.0,0.0,0.0,0.0,0.0,0.0,0.0,0.0,0.0,0.22780610631650478,0.0,0.0,0.0,0.0,0.0,0.0,0.0,0.0,0.0,0.0,0.0,0.0,0.0
0.0,0.0,0.0,0.0,0.21305458477593622,0.0,0.0,0.0,0.0,0.16530047727010733,0.0,0.18985808220325706,0.0,0.0,0.0,0.0,0.0,0.21723324194593405,0.0,0.23951042169257175,0.0,0.0,0.0,0.0,0.0,0.0,0.0,0.18458810711028145,0.15837104204053773,0.0,0.0,0.15837104204053773,0.0,0.0,0.3853512740255686,0.0,0.0,0.0,0.0,0.18211566153120542,0.0,0.0,0.0,0.0,0.0,0.0,0.0,0.0,0.0,0.0,0.0,0.0,0.0,0.0,0.0,0.0,0.0,0.20201200509889938,0.0,0.0,0.490477162788499,0.0,0.0,0.0,0.0,0.0,0.0,0.4531392200640982,0.0,0.18458810711028145,0.0
0.0,0.0,0.0,0.0,0.0,0.0,0.0,0.0,0.0,0.0,0.0,0.0,0.0,0.0,0.0,0.0,0.0,0.0,0.0,0.0,0.0,0.0,0.0,0.0,0.0,0.0,0.0,0.0,0.0,0.0,0.0,0.0,0.0,0.0,0.43037301073393674,0.0,0.0,0.0,0.0,0.0,0.0,0.0,0.21263965131606527,0.0,0.0,0.0,0.0,0.0,0.0,0.0,0.0,0.0,0.0,0.0,0.0,0.0,0.0,0.0,0.0,0.0,0.0,0.0,0.0,0.0,0.0,0.5178521882916796,0.0,0.5060808243433342,0.49525221921105933,0.0,0.0
0.0,0.0,0.0,0.0,0.0,0.0,0.0,0.0,0.0,0.0,0.0,0.6072544027476835,0.0,0.0,0.0,0.0,0.0,0.0,0.0,0.3830328327056949,0.0,0.0,0.0,0.0,0.0,0.47743156704100176,0.0,0.0,0.0,0.0,0.0,0.5065442115016011,0.0,0.0,0.0,0.0,0.0,0.0,0.0,0.0,0.0,0.0,0.0,0.0,0.0,0.0,0.0,0.0,0.0,0.0,0.0,0.0,0.0,0.0,0.0,0.0,0.0,0.0,0.0,0.0,0.0,0.0,0.0,0.0,0.0,0.0,0.0,0.0,0.0,0.0,0.0
0.0,0.0,0.0,0.0,0.0,0.0,0.1155383518651129,0.0,0.10617675824878192,0.0,0.0,0.0,0.0,0.0,0.0990416929193332,0.0,0.0,0.10825921177875408,0.17914875457712623,0.4177640232009643,0.0,0.44198422993208214,0.0,0.0,0.0,0.0,0.0,0.0,0.0,0.0,0.0,0.07892495654120787,0.0,0.0,0.0,0.0,0.0,0.16120450987490464,0.6143933008408125,0.0,0.0,0.0,0.0,0.0,0.0,0.0,0.0,0.0,0.0,0.0,0.08237827330481738,0.0,0.0,0.0,0.0,0.0,0.0,0.0,0.0,0.0,0.0,0.0,0.0,0.0,0.0,0.0,0.0,0.0,0.0,0.36796141880467537,0.0
0.0,0.0,0.0,0.0,0.0,0.0,0.0,0.0,0.0,0.0,0.0,0.23138354095353564,0.0,0.0,0.4844097177604571,0.0,0.0,0.0,0.0,0.14594788071010822,0.0,0.2702163222441492,0.0,0.0,0.0,0.18191684744497927,0.0,0.0,0.0,0.0,0.0,0.5790291158520756,0.0,0.0,0.23481734688422617,0.0,0.0,0.0,0.0,0.0,0.0,0.28254717163948356,0.0,0.0,0.0,0.0,0.0,0.0,0.0,0.23138354095353564,0.0,0.0,0.0,0.0,0.0,0.0,0.0,0.24619575059683796,0.0,0.0,0.0,0.0,0.0,0.0,0.0,0.0,0.0,0.0,0.0,0.0,0.0
0.0,0.0,0.0,0.0,0.0,0.0,0.0,0.0,0.0,0.15344376366688647,0.0,0.0,0.0,0.0,0.18448226105989265,0.0,0.0,0.0,0.16684775035787297,0.11116537940147062,0.0,0.0,0.0,0.0,0.0,0.0,0.20581799363298628,0.0,0.2940227293698368,0.0,0.0,0.2940227293698368,0.0,0.0,0.0,0.0,0.12077699893955106,0.0,0.38147121674464957,0.0,0.0,0.0,0.5302154906492911,0.0,0.0,0.0,0.0,0.0,0.21031816888857433,0.17623989462680859,0.0,0.0,0.0,0.21521013790192187,0.0,0.0,0.0,0.0,0.0,0.17885535116662937,0.303530730194423,0.0,0.0,0.0,0.0,0.0,0.0,0.0,0.0,0.0,0.0
0.0,0.0,0.0,0.0,0.0,0.0,0.0,0.0,0.0,0.0,0.0,0.0,0.0,0.0,0.0,0.0,0.0,0.0,0.0,0.0,0.0,0.0,0.4235226591588571,0.0,0.0,0.0,0.0,0.0,0.0,0.0,0.0,0.0,0.0,0.0,0.0,0.0,0.0,0.0,0.0,0.0,0.0,0.0,0.37847900099676407,0.0,0.0,0.0,0.0,0.4503886355051898,0.0,0.0,0.0,0.0,0.0,0.0,0.0,0.0,0.0,0.40157155815950224,0.0,0.0,0.0,0.0,0.0,0.4503886355051898,0.0,0.0,0.3322990229844169,0.0,0.0,0.0,0.0
0.0,0.0,0.0,0.0,0.0,0.0,0.0,0.0,0.0,0.0,0.0,0.5795634270588346,0.0,0.0,0.0,0.0,0.0,0.0,0.0,0.0,0.0,0.0,0.0,0.0,0.0,0.0,0.0,0.0,0.0,0.0,0.0,0.4834456495437949,0.0,0.0,0.5881643341278711,0.0,0.0,0.0,0.0,0.0,0.0,0.0,0.2906015382149849,0.0,0.0,0.0,0.0,0.0,0.0,0.0,0.0,0.0,0.0,0.0,0.0,0.0,0.0,0.0,0.0,0.0,0.0,0.0,0.0,0.0,0.0,0.0,0.0,0.0,0.0,0.0,0.0
0.0,0.0,0.0,0.0,0.0,0.0,0.0,0.0,0.0,0.0,0.0,0.0,0.0,0.0,0.7778219719601447,0.0,0.0,0.0,0.0,0.0,0.0,0.0,0.0,0.0,0.0,0.0,0.0,0.0,0.0,0.0,0.0,0.30991779080225934,0.0,0.0,0.0,0.44337621385409964,0.0,0.0,0.0,0.0,0.0,0.0,0.0,0.0,0.0,0.0,0.0,0.0,0.0,0.0,0.0,0.0,0.0,0.0,0.0,0.0,0.0,0.0,0.0,0.0,0.31993980038232583,0.0,0.0,0.0,0.0,0.0,0.0,0.0,0.0,0.0,0.0
0.0,0.0,0.0,0.0,0.0,0.0,0.1155383518651129,0.0,0.10617675824878192,0.0,0.0,0.0,0.0,0.0,0.0990416929193332,0.0,0.0,0.10825921177875408,0.17914875457712623,0.4177640232009643,0.0,0.44198422993208214,0.0,0.0,0.0,0.0,0.0,0.0,0.0,0.0,0.0,0.07892495654120787,0.0,0.0,0.0,0.0,0.0,0.16120450987490464,0.6143933008408125,0.0,0.0,0.0,0.0,0.0,0.0,0.0,0.0,0.0,0.0,0.0,0.08237827330481738,0.0,0.0,0.0,0.0,0.0,0.0,0.0,0.0,0.0,0.0,0.0,0.0,0.0,0.0,0.0,0.0,0.0,0.0,0.36796141880467537,0.0
0.0,0.0,0.0,0.0,0.0,0.0,0.0,0.0,0.0,0.15303757016741235,0.0,0.0,0.0,0.0,0.36798780604583003,0.20111767404441297,0.0,0.0,0.0,0.22174220892120758,0.0,0.0,0.0,0.0,0.19023069658974312,0.0,0.0,0.0,0.43986659673997075,0.0,0.0,0.0,0.0,0.0,0.0,0.0,0.12045728029681922,0.14973818642688969,0.0,0.0,0.18702563305044473,0.0,0.08813531899787103,0.0,0.20976141851317745,0.0,0.0,0.0,0.20976141851317745,0.3515467112602902,0.15303757016741235,0.0,0.0,0.42928087519286195,0.0,0.0,0.0,0.0,0.0,0.0,0.15136361462345724,0.0,0.0,0.0,0.0,0.0,0.0,0.0,0.0,0.0,0.0
0.0,0.0,0.0,0.0,0.34175787196473456,0.0,0.0,0.0,0.0,0.0,0.0,0.0,0.0,0.0,0.0,0.0,0.0,0.348460797337547,0.0,0.0,0.0,0.0,0.0,0.0,0.0,0.0,0.0,0.0,0.25404076784141033,0.0,0.0,0.0,0.3556606746027048,0.0,0.0,0.0,0.0,0.0,0.0,0.0,0.0,0.0,0.3054102895483477,0.0,0.0,0.37189062761940833,0.0,0.0,0.0,0.0,0.0,0.0,0.0,0.0,0.0,0.0,0.0,0.0,0.0,0.0,0.26225584643513494,0.0,0.0,0.36343713446892484,0.0,0.37189062761940833,0.0,0.0,0.0,0.0,0.0
0.0,0.0,0.0,0.0,0.23682406219480098,0.2464581290787277,0.0,0.0,0.0,0.0,0.0,0.0,0.0,0.2577048148698984,0.0,0.24146891208882726,0.21417153304317116,0.0,0.0,0.13311572492766924,0.2174562635376074,0.0,0.23682406219480098,0.0,0.0,0.0,0.0,0.0,0.17603973906268144,0.0,0.0,0.0,0.0,0.0,0.0,0.0,0.0,0.0,0.0,0.0,0.0,0.0,0.10581834588201314,0.0,0.5036937879005192,0.0,0.0,0.0,0.0,0.0,0.18374225812139258,0.0,0.0,0.0,0.2518468939502596,0.0,0.0,0.0,0.0,0.21417153304317116,0.18173244856087312,0.0,0.23682406219480098,0.2518468939502596,0.0,0.0,0.0,0.0,0.0,0.0,0.0
0.0,0.0,0.0,0.0,0.34175787196473456,0.0,0.0,0.0,0.0,0.0,0.0,0.0,0.0,0.0,0.0,0.0,0.0,0.348460797337547,0.0,0.0,0.0,0.0,0.0,0.0,0.0,0.0,0.0,0.0,0.25404076784141033,0.0,0.0,0.0,0.3556606746027048,0.0,0.0,0.0,0.0,0.0,0.0,0.0,0.0,0.0,0.3054102895483477,0.0,0.0,0.37189062761940833,0.0,0.0,0.0,0.0,0.0,0.0,0.0,0.0,0.0,0.0,0.0,0.0,0.0,0.0,0.26225584643513494,0.0,0.0,0.36343713446892484,0.0,0.37189062761940833,0.0,0.0,0.0,0.0,0.0
0.0,0.1778633532262753,0.0,0.0,0.0,0.0,0.0,0.0,0.0,0.0,0.0,0.0,0.0,0.0,0.15246788038317874,0.0,0.1478174439693792,0.0,0.0,0.4593707186793291,0.0,0.3402021750346196,0.16345182315627527,0.0,0.0,0.0,0.0,0.0,0.24299909418901883,0.0,0.0,0.12149954709450941,0.0,0.0,0.1478174439693792,0.0,0.0998177977739357,0.0,0.0,0.0,0.0,0.0,0.14606794087983585,0.0,0.0,0.0,0.0,0.0,0.0,0.0,0.12681569094988632,0.0,0.0,0.0,0.0,0.0,0.0,0.6199205817156259,0.0,0.0,0.12542855556415175,0.0,0.16345182315627527,0.0,0.0,0.0,0.0,0.0,0.0,0.0,0.0
0.0,0.16301304272666312,0.0,0.0,0.14980477174535084,0.0,0.0,0.0,0.0,0.11622749302902051,0.0,0.13349464738522432,0.0,0.0,0.0,0.15274290510780314,0.0,0.15274290510780314,0.0,0.33681325459409633,0.0,0.0,0.14980477174535084,0.0,0.0,0.0,0.15589887036502129,0.0,0.11135520894284809,0.0,0.0,0.0,0.31179774073004257,0.1297891771803134,0.13547575075159934,0.0,0.0,0.0,0.0,0.0,0.0,0.0,0.468553115046242,0.0,0.0,0.0,0.0,0.0,0.0,0.4004839421556729,0.11622749302902051,0.0,0.0,0.0,0.0,0.0,0.0,0.14204041816554847,0.0,0.0,0.2299123469387307,0.0,0.0,0.31861514504350447,0.0,0.0,0.0,0.0,0.0,0.0,0.0
0.0,0.23575592321459754,0.0,0.0,0.0,0.0,0.0,0.0,0.21665359822769928,0.0,0.0,0.0,0.0,0.0,0.0,0.0,0.0,0.0,0.0,0.12177816949422005,0.0,0.0,0.0,0.0,0.0,0.0,0.0,0.0,0.32209263320230713,0.0,0.0,0.32209263320230713,0.0,0.0,0.0,0.0,0.0,0.0,0.0,0.18519204083708538,0.0,0.0,0.290417179504972,0.0,0.0,0.0,0.0,0.0,0.0,0.19306524994618113,0.0,0.0,0.0,0.0,0.0,0.0,0.0,0.6162734470496902,0.0,0.0,0.3325083484384872,0.0,0.0,0.0,0.0,0.0,0.16998802179818923,0.0,0.0,0.0,0.0
0.0,0.0,0.0,0.0,0.0,0.0,0.0,0.0,0.08198424558866417,0.0,0.0,0.0,0.0,0.0,0.994173884441558,0.0,0.0,0.0,0.0,0.0,0.0,0.0,0.0,0.0,0.0,0.0,0.0,0.0,0.0,0.0,0.0,0.040627868263396615,0.0,0.023676744188961818,0.0,0.0,0.0,0.0,0.0,0.0,0.0,0.0,0.0,0.0,0.0,0.0,0.0,0.0,0.0,0.0,0.0,0.0,0.0,0.0,0.0,0.0,0.0,0.0518233448807004,0.0,0.0,0.0,0.0,0.0,0.0,0.0,0.0,0.0,0.0,0.0,0.0,0.0
0.0,0.0,0.0,0.0,0.0,0.0,0.0,0.0,0.0,0.0,0.0,0.0,0.0,0.0,0.0,0.0,0.0,0.30818475057346795,0.0,0.0,0.27753760829602336,0.0,0.0,0.30818475057346795,0.0,0.0,0.3145524464407676,0.0,0.2246780449074675,0.0,0.0,0.0,0.0,0.0,0.0,0.0,0.3691679218091556,0.0,0.0,0.0,0.0,0.0,0.0,0.0,0.0,0.0,0.0,0.0,0.0,0.5386962435770334,0.0,0.0,0.0,0.0,0.0,0.0,0.0,0.0,0.0,0.0,0.23194360237244685,0.0,0.0,0.0,0.0,0.0,0.0,0.32143008192380323,0.0,0.0,0.0
0.0,0.0,0.0,0.0,0.0,0.0,0.0,0.0,0.0,0.8880786102799735,0.0,0.0,0.0,0.0,0.0,0.0,0.0,0.0,0.0,0.0,0.0,0.0,0.0,0.0,0.0,0.0,0.0,0.0,0.0,0.0,0.0,0.28361671473807687,0.0,0.0,0.0,0.0,0.0,0.0,0.0,0.0,0.0,0.0,0.0,0.0,0.0,0.0,0.0,0.0,0.0,0.0,0.0,0.0,0.0,0.0,0.0,0.0,0.0,0.3617705641485653,0.0,0.0,0.0,0.0,0.0,0.0,0.0,0.0,0.0,0.0,0.0,0.0,0.0
0.0,0.0,0.0,0.0,0.0,0.0,0.0,0.0,0.0,0.47729226759846954,0.0,0.0,0.0,0.0,0.0,0.0,0.0,0.0,0.0,0.0,0.0,0.0,0.0,0.0,0.0,0.0,0.0,0.0,0.0,0.0,0.0,0.4572840624890939,0.0,0.0,0.0,0.0,0.0,0.0,0.0,0.0,0.0,0.0,0.0,0.0,0.0,0.0,0.0,0.0,0.0,0.0,0.0,0.0,0.0,0.0,0.0,0.0,0.0,0.5832939480157417,0.0,0.0,0.472071549335893,0.0,0.0,0.0,0.0,0.0,0.0,0.0,0.0,0.0,0.0
0.0,0.0,0.0,0.0,0.0,0.0,0.0,0.0,0.0,0.2917804069149722,0.0,0.0,0.0,0.0,0.0,0.0,0.0,0.0,0.0,0.0,0.0,0.0,0.0,0.0,0.0,0.0,0.0,0.6516519963374867,0.0,0.0,0.0,0.2795489030236014,0.0,0.0,0.0,0.0,0.22966304432583676,0.0,0.0,0.0,0.0,0.0,0.0,0.0,0.0,0.0,0.0,0.0,0.0,0.3351283032948657,0.0,0.0,0.0,0.0,0.0,0.0,0.0,0.0,0.0,0.0,0.0,0.0,0.0,0.39992971648650416,0.0,0.0,0.29507017623087606,0.0,0.0,0.0,0.0
0.0,0.0,0.0,0.0,0.0,0.0,0.0,0.0,0.0,0.48345382334000003,0.0,0.0,0.0,0.0,0.0,0.0,0.0,0.0,0.0,0.0,0.0,0.0,0.0,0.0,0.0,0.436566532748092,0.0,0.0,0.0,0.0,0.0,0.46318732435192883,0.0,0.0,0.0,0.0,0.0,0.0,0.6009488877949157,0.0,0.0,0.0,0.0,0.0,0.0,0.0,0.0,0.0,0.0,0.0,0.0,0.0,0.0,0.0,0.0,0.0,0.0,0.0,0.0,0.0,0.0,0.0,0.0,0.0,0.0,0.0,0.0,0.0,0.0,0.0,0.0
0.0,0.0,0.0,0.0,0.0,0.0,0.0,0.0,0.0,0.0,0.0,0.0,0.0,0.0,0.509080655289045,0.0,0.0,0.0,0.0,0.0,0.0,0.0,0.0,0.0,0.0,0.0,0.0,0.47283632449300833,0.0,0.0,0.0,0.4056793397845326,0.0,0.0,0.0,0.0,0.0,0.0,0.0,0.0,0.0,0.0,0.0,0.0,0.0,0.5938745405575194,0.0,0.0,0.0,0.0,0.0,0.0,0.0,0.0,0.0,0.0,0.0,0.0,0.0,0.0,0.0,0.0,0.0,0.0,0.0,0.0,0.0,0.0,0.0,0.0,0.0
0.0,0.0,0.0,0.0,0.0,0.0,0.0,0.0,0.0,0.0,0.0,0.22063205269166056,0.20621786606809533,0.0,0.0,0.0,0.0,0.0,0.0,0.2783325069222193,0.0,0.0,0.0,0.0,0.0,0.0,0.25766042650151116,0.0,0.0,0.0,0.0,0.5521238972841843,0.0,0.0,0.22390630308955375,0.0,0.1511988942707767,0.0,0.0,0.0,0.0,0.0,0.0,0.0,0.0,0.0,0.0,0.0,0.0,0.22063205269166056,0.3841878437597459,0.0,0.0,0.0,0.0,0.0,0.0,0.2347559968798829,0.0,0.0,0.0,0.0,0.0,0.2632941276916705,0.0,0.0,0.0,0.0,0.25766042650151116,0.0,0.0
0.0,0.0,0.0,0.0,0.0,0.0,0.0,0.0,0.0,0.0,0.0,0.0,0.0,0.0,0.0,0.0,0.0,0.0,0.0,0.22884446135406974,0.0,0.0,0.0,0.0,0.0,0.0,0.0,0.0,0.0,0.0,0.0,0.0,0.0,0.0,0.0,0.0,0.24863089043635267,0.0,0.0,0.0,0.0,0.0,0.18191646687801982,0.0,0.0,0.0,0.0,0.0,0.0,0.3628065137916173,0.0,0.0,0.0,0.4430304502289033,0.0,0.0,0.0,0.3860318742476415,0.0,0.0,0.0,0.0,0.0,0.0,0.0,0.4430304502289033,0.0,0.0,0.4236958317734398,0.0,0.0
0.0,0.17755968844393133,0.0,0.0,0.0,0.0,0.0,0.0,0.0,0.0,0.0,0.0,0.0,0.0,0.0,0.0,0.14756507634482138,0.0,0.0,0.4585864384621138,0.0,0.3396213503871532,0.16317276307221548,0.0,0.0,0.0,0.0,0.0,0.2425842236397561,0.0,0.0,0.12129211181987805,0.0,0.0,0.14756507634482138,0.0,0.09964737958893433,0.0,0.0,0.0,0.0,0.0,0.21872784025336933,0.0,0.0,0.0,0.0,0.0,0.0,0.0,0.12659917946232258,0.0,0.0,0.0,0.0,0.0,0.0,0.6188621959093168,0.0,0.0,0.1252144123225327,0.0,0.16317276307221548,0.0,0.0,0.0,0.0,0.0,0.0,0.0,0.0
0.0,0.0,0.0,0.0,0.0,0.0,0.0,0.0,0.0,0.0,0.0,0.0,0.0,0.0,0.0,0.0,0.0,0.0,0.0,0.0,0.0,0.0,0.0,0.0,0.0,0.0,0.0,0.0,0.0,0.0,0.0,0.6946353310072371,0.0,0.0,0.28169986795765195,0.0,0.38045117947738494,0.0,0.0,0.0,0.0,0.0,0.1391828953124763,0.0,0.33125427905039223,0.0,0.0,0.0,0.0,0.2775804845726389,0.0,0.0,0.0,0.0,0.0,0.0,0.0,0.29535002994926973,0.0,0.0,0.0,0.0,0.0,0.0,0.0,0.0,0.0,0.0,0.0,0.0,0.0
0.0,0.0,0.0,0.0,0.0,0.0,0.0,0.0,0.0,0.0,0.0,0.0,0.0,0.0,0.37390506195449374,0.0,0.0,0.0,0.0,0.0,0.0,0.0,0.4008415668285549,0.0,0.0,0.0,0.0,0.6945692921822475,0.0,0.0,0.0,0.29795977729633033,0.0,0.0,0.0,0.0,0.0,0.0,0.0,0.0,0.0,0.0,0.358210151193693,0.0,0.0,0.0,0.0,0.0,0.0,0.0,0.0,0.0,0.0,0.0,0.0,0.0,0.0,0.0,0.0,0.0,0.0,0.0,0.0,0.0,0.0,0.0,0.0,0.0,0.0,0.0,0.0
0.0,0.0,0.0,0.0,0.0,0.0,0.0,0.30989703256318607,0.0,0.0,0.0,0.0,0.0,0.0,0.0,0.0,0.0,0.3036235793573067,0.0,0.16738002636303626,0.0,0.0,0.2977831341496732,0.0,0.0,0.0,0.0,0.0,0.0,0.0,0.0,0.6640583488073462,0.0,0.0,0.0,0.0,0.18185209617773343,0.0,0.0,0.0,0.0,0.0,0.0,0.0,0.0,0.0,0.0,0.0,0.0,0.26536173732938034,0.0,0.0,0.0,0.0,0.0,0.0,0.0,0.0,0.0,0.0,0.0,0.0,0.0,0.0,0.0,0.0,0.2336428580603007,0.0,0.30989703256318607,0.0,0.0
0.0,0.0,0.0,0.0,0.0,0.0,0.0,0.0,0.0,0.0,0.0,0.0,0.1423786789385219,0.0,0.7972741234408612,0.0,0.0,0.17429481591273635,0.0,0.0,0.0,0.0,0.0,0.0,0.0,0.0,0.0,0.14810233397186173,0.12706734646640208,0.0,0.0,0.12706734646640208,0.0,0.0,0.0,0.0,0.0,0.0,0.0,0.0,0.0,0.0,0.07638080180239121,0.0,0.0,0.0,0.0,0.0,0.0,0.0,0.0,0.0,0.0,0.0,0.0,0.0,0.0,0.4862466479642912,0.0,0.0,0.13117640442110481,0.0,0.0,0.0,0.0,0.0,0.0,0.0,0.0,0.0,0.0
0.0,0.0,0.0,0.0,0.0,0.0,0.0,0.0,0.0,0.7365077809434226,0.0,0.0,0.0,0.0,0.0,0.0,0.0,0.0,0.0,0.0,0.0,0.0,0.23731988262311504,0.0,0.0,0.0,0.0,0.20561128951580662,0.0,0.0,0.0,0.5292249000060836,0.0,0.0,0.0,0.0,0.0,0.0,0.0,0.0,0.0,0.0,0.21207977932102923,0.0,0.0,0.0,0.0,0.0,0.0,0.0,0.18412694523585565,0.0,0.0,0.0,0.0,0.0,0.0,0.0,0.0,0.0,0.0,0.0,0.0,0.0,0.0,0.0,0.0,0.0,0.0,0.0,0.0
0.0,0.0,0.0,0.0,0.0,0.0,0.0,0.0,0.0,0.33826577548798376,0.0,0.1942598487002675,0.5447057801388222,0.0,0.0,0.22226968809211856,0.0,0.0,0.18390738833073558,0.0,0.0,0.0,0.2179941508055624,0.0,0.0,0.0,0.22686221180283592,0.0,0.0,0.0,0.0,0.16204279695800478,0.0,0.0,0.0,0.0,0.0,0.0,0.0,0.1863379238031415,0.206695554335883,0.0,0.0,0.0,0.0,0.0,0.0,0.0,0.0,0.1942598487002675,0.16913288774399188,0.0,0.0,0.0,0.0,0.0,0.0,0.413391108671766,0.0,0.0,0.16728287839795694,0.0,0.0,0.0,0.0,0.0,0.0,0.0,0.0,0.0,0.0
0.0,0.0,0.0,0.0,0.0,0.0,0.0,0.0,0.0,0.5465719169616011,0.0,0.3138862562717272,0.2933796480011878,0.0,0.0,0.0,0.0,0.0,0.0,0.0,0.0,0.0,0.0,0.0,0.0,0.0,0.3665653547490782,0.0,0.0,0.0,0.0,0.26182974625614286,0.0,0.0,0.0,0.0,0.0,0.0,0.0,0.30108596138288823,0.33397994579211443,0.0,0.0,0.0,0.0,0.0,0.0,0.0,0.0,0.0,0.0,0.0,0.0,0.0,0.0,0.0,0.0,0.33397994579211443,0.0,0.0,0.0,0.0,0.0,0.0,0.0,0.0,0.0,0.0,0.0,0.0,0.0
0.0,0.0,0.0,0.0,0.3562604618313777,0.0,0.0,0.0,0.0,0.13820407675133733,0.0,0.0,0.44509710943475017,0.0,0.0,0.18162391384859555,0.0,0.0,0.15027680985658487,0.0,0.0,0.0,0.3562604618313777,0.0,0.0,0.0,0.0,0.0,0.0,0.0,0.0,0.13241052906093365,0.0,0.0,0.16109184296132167,0.0,0.43512680430531037,0.0,0.0,0.0,0.0,0.0,0.0,0.0,0.0,0.19383595465523432,0.0,0.0,0.0,0.3174722952772224,0.13820407675133733,0.0,0.0,0.0,0.0,0.0,0.0,0.16889777403219056,0.0,0.0,0.13669237292447953,0.0,0.0,0.1894298449194644,0.0,0.0,0.0,0.0,0.0,0.0,0.0
0.0,0.0,0.0,0.0,0.5307602994136021,0.0,0.0,0.0,0.0,0.0,0.0,0.0,0.0,0.0,0.0,0.0,0.0,0.0,0.0,0.0,0.0,0.0,0.0,0.0,0.5118753194993154,0.37185796990675213,0.0,0.0,0.0,0.0,0.0,0.3945329868412855,0.0,0.0,0.0,0.0,0.0,0.40291752799398045,0.0,0.0,0.0,0.0,0.0,0.0,0.0,0.0,0.0,0.0,0.0,0.0,0.0,0.0,0.0,0.0,0.0,0.0,0.0,0.0,0.0,0.0,0.0,0.0,0.0,0.0,0.0,0.0,0.0,0.0,0.0,0.0,0.0
0.0,0.26625022449594243,0.0,0.0,0.0,0.0,0.0,0.0,0.0,0.5695052787303572,0.0,0.0,0.0,0.0,0.0,0.0,0.0,0.0,0.0,0.0,0.0,0.0,0.24467707270909816,0.0,0.0,0.0,0.0,0.0,0.0,0.0,0.0,0.36375432154271997,0.0,0.0,0.0,0.0,0.0,0.0,0.0,0.0,0.0,0.26625022449594243,0.0,0.0,0.0,0.0,0.0,0.0,0.0,0.0,0.0,0.0,0.0,0.0,0.0,0.0,0.26625022449594243,0.0,0.0,0.0,0.0,0.0,0.0,0.5203961135667149,0.0,0.0,0.0,0.0,0.0,0.0,0.0
0.0,0.0,0.0,0.0,0.0,0.0,0.0,0.0,0.0,0.0,0.0,0.0,0.0,0.0,0.0,0.0,0.0,0.0,0.0,0.0,0.0,0.0,0.0,0.0,0.0,0.0,0.0,0.0,0.0,0.0,0.0,1.0,0.0,0.0,0.0,0.0,0.0,0.0,0.0,0.0,0.0,0.0,0.0,0.0,0.0,0.0,0.0,0.0,0.0,0.0,0.0,0.0,0.0,0.0,0.0,0.0,0.0,0.0,0.0,0.0,0.0,0.0,0.0,0.0,0.0,0.0,0.0,0.0,0.0,0.0,0.0
0.0,0.0,0.0,0.0,0.0,0.0,0.0,0.0,0.0,0.0,0.0,0.0,0.0,0.0,0.0,0.0,0.0,0.0,0.0,0.0,0.0,0.0,0.0,0.0,0.0,0.0,0.0,0.0,0.0,0.0,0.0,0.6128816580482727,0.0,0.5357545026103183,0.0,0.0,0.0,0.0,0.0,0.0,0.0,0.0,0.0,0.0,0.0,0.0,0.0,0.0,0.0,0.0,0.0,0.0,0.0,0.0,0.0,0.0,0.0,0.0,0.0,0.0,0.0,0.0,0.0,0.0,0.0,0.22429957443905432,0.0,0.0,0.0,0.5357545026103183,0.0
0.0,0.0,0.0,0.0,0.0,0.0,0.0,0.0,0.0,0.0,0.0,0.0,0.0,0.0,0.0,0.0,0.0,0.0,0.0,0.7664618629192638,0.0,0.0,0.0,0.0,0.0,0.0,0.0,0.0,0.0,0.0,0.0,0.3378707923077689,0.0,0.0,0.0,0.0,0.2775773179966065,0.0,0.0,0.0,0.0,0.0,0.10154789070416362,0.0,0.0,0.0,0.0,0.0,0.0,0.0,0.0,0.0,0.0,0.0,0.0,0.0,0.0,0.0,0.0,0.0,0.0,0.0,0.0,0.0,0.0,0.0,0.0,0.0,0.2365119483415909,0.3938026118687673,0.0
0.0,0.0,0.0,0.0,0.40412417494892977,0.0,0.0,0.0,0.0,0.0,0.0,0.0,0.0,0.0,0.0,0.0,0.0,0.0,0.0,0.0,0.0,0.0,0.0,0.0,0.0,0.0,0.0,0.0,0.0,0.0,0.0,0.3003998565332134,0.0,0.0,0.3654691727119571,0.0,0.0,0.3067838980287845,0.0,0.0,0.0,0.0,0.0,0.0,0.0,0.0,0.0,0.0,0.0,0.7202496102908865,0.0,0.0,0.0,0.0,0.0,0.0,0.0,0.0,0.0,0.0,0.0,0.0,0.0,0.0,0.0,0.0,0.0,0.0,0.0,0.0,0.0
0.0,0.0,0.0,0.0,0.0,0.0,0.0,0.0,0.0,0.3459992682454227,0.0,0.3974021043234197,0.0,0.0,0.0,0.0,0.0,0.0,0.0,0.0,0.0,0.0,0.0,0.0,0.0,0.0,0.0,0.0,0.0,0.0,0.0,0.3314948968220578,0.0,0.0,0.4032996789610586,0.0,0.0,0.0,0.0,0.0,0.0,0.0,0.0,0.0,0.0,0.0,0.0,0.0,0.4742449663326908,0.0,0.0,0.0,0.0,0.0,0.0,0.0,0.0,0.0,0.0,0.0,0.0,0.0,0.0,0.4742449663326908,0.0,0.0,0.0,0.0,0.0,0.0,0.0
0.0,0.23314973769425057,0.0,0.0,0.0,0.0,0.0,0.0,0.0,0.0,0.0,0.0,0.0,0.0,0.0,0.0,0.0,0.4369217047283206,0.0,0.1204319615275116,0.19673621864364738,0.0,0.0,0.0,0.0,0.0,0.0,0.0,0.0,0.0,0.0,0.1592660152933086,0.0,0.0,0.0,0.0,0.0,0.0,0.0,0.0,0.0,0.0,0.3829423148044199,0.0,0.0,0.0,0.0,0.0,0.0,0.0,0.16623460957056374,0.0,0.0,0.0,0.0,0.0,0.0,0.0,0.0,0.0,0.0,0.0,0.0,0.0,0.0,0.0,0.6724354943538213,0.0,0.22297467812671828,0.0,0.0
0.0,0.0,0.0,0.0,0.0,0.0,0.0,0.0,0.0,0.1782223477150658,0.0,0.0,0.0,0.0,0.0,0.0,0.0,0.0,0.0,0.0,0.0,0.0,0.0,0.0,0.0,0.0,0.0,0.0,0.0,0.0,0.0,0.6830048984413968,0.0,0.0,0.0,0.0,0.0,0.0,0.0,0.0,0.0,0.0,0.20527878809410938,0.0,0.0,0.0,0.0,0.0,0.0,0.0,0.0,0.0,0.0,0.24996295132742974,0.0,0.0,0.0,0.43560737887675083,0.0,0.0,0.0,0.0,0.0,0.0,0.38758170510352813,0.0,0.0,0.0,0.23905413390998045,0.0,0.0
0.0,0.0,0.0,0.0,0.0,0.0,0.0,0.0,0.0,0.0,0.0,0.0,0.0,0.0,0.0,0.0,0.0,0.17436824184963295,0.14427341956361503,0.19224963344050303,0.0,0.0,0.0,0.0,0.0,0.0,0.0,0.0,0.0,0.0,0.0,0.7627252600882083,0.0,0.0,0.0,0.0,0.1044359939181998,0.0,0.0,0.0,0.0,0.1860924252995319,0.07641297907573055,0.0,0.3637246694286128,0.0,0.0,0.0,0.0,0.1523948162729367,0.0,0.0,0.0,0.0,0.0,0.0,0.0,0.3243009941395709,0.0,0.0,0.0,0.0,0.0,0.0,0.0,0.0,0.1341789543056369,0.0,0.0,0.0,0.0
0.0,0.0,0.0,0.0,0.468248494934264,0.0,0.0,0.0,0.0,0.0,0.0,0.13908917807186275,0.2600045926711264,0.0,0.1455940842111472,0.0,0.0,0.0,0.1316768630028778,0.0,0.0,0.0,0.31216566328950934,0.0,0.0,0.0,0.0,0.5409136719778698,0.0,0.0,0.0,0.11602191390630681,0.0,0.0,0.2823066121345346,0.0,0.0,0.0,0.15052924908812262,0.0,0.0,0.0,0.0,0.0,0.0,0.0,0.0,0.0,0.0,0.0,0.12109838702453422,0.0,0.0,0.0,0.0,0.0,0.16984463850761547,0.2959861747657834,0.0,0.0,0.0,0.0,0.0,0.0,0.0,0.0,0.0,0.0,0.0,0.13522841799446744,0.0
0.0,0.5221164675633817,0.0,0.0,0.0,0.0,0.0,0.0,0.0,0.18613322921594044,0.0,0.21378581911468164,0.1998189060728249,0.0,0.0,0.0,0.0,0.0,0.0,0.4045437341447889,0.0,0.0,0.0,0.0,0.0,0.0,0.0,0.0,0.0,0.0,0.0,0.17833048008161756,0.0,0.0,0.0,0.0,0.0,0.0,0.0,0.0,0.0,0.0,0.1071953214828551,0.0,0.0,0.0,0.0,0.25512408587030727,0.0,0.4275716382293633,0.0,0.0,0.0,0.0,0.0,0.0,0.0,0.22747149597156607,0.0,0.0,0.0,0.0,0.0,0.25512408587030727,0.0,0.0,0.18823184643502996,0.0,0.0,0.0,0.0
0.0,0.0,0.0,0.0,0.20790789119652112,0.0,0.0,0.0,0.0,0.0,0.0,0.7410869573918369,0.0,0.0,0.0,0.0,0.0,0.0,0.0,0.0,0.0,0.0,0.0,0.0,0.0,0.0,0.0,0.18012906941015416,0.0,0.0,0.0,0.15454532185670541,0.0,0.0,0.0,0.0,0.25393302366799597,0.1578296900953118,0.0,0.0,0.0,0.0,0.0928979468485631,0.0,0.0,0.0,0.0,0.22109643817579044,0.0,0.0,0.0,0.0,0.0,0.0,0.0,0.0,0.0,0.3942641273893561,0.0,0.0,0.0,0.0,0.0,0.22109643817579044,0.0,0.0,0.0,0.0,0.0,0.0,0.0
0.0,0.0,0.0,0.0,0.0,0.0,0.0,0.0,0.0,0.46109975739142056,0.0,0.2648011581348091,0.0,0.0,0.0,0.0,0.0,0.0,0.0,0.5010793033950293,0.0,0.0,0.0,0.0,0.0,0.0,0.0,0.0,0.0,0.0,0.0,0.2208851730760372,0.0,0.0,0.0,0.0,0.0,0.0,0.0,0.0,0.0,0.0,0.0,0.0,0.0,0.0,0.0,0.0,0.0,0.0,0.0,0.0,0.0,0.0,0.0,0.0,0.0,0.5635052486209705,0.0,0.0,0.0,0.0,0.0,0.31600390374958404,0.0,0.0,0.0,0.0,0.0,0.0,0.0
0.0,0.0,0.0,0.0,0.0,0.0,0.0,0.0,0.0,0.24701668868877685,0.0,0.0,0.0,0.0,0.0,0.0,0.0,0.0,0.26859468135861153,0.35791228343688886,0.0,0.0,0.0,0.0,0.0,0.0,0.0,0.0,0.0,0.0,0.0,0.7099850714608762,0.0,0.0,0.0,0.0,0.0,0.0,0.0,0.0,0.0,0.0,0.0,0.0,0.3385741877573219,0.0,0.0,0.0,0.0,0.0,0.0,0.0,0.0,0.0,0.0,0.0,0.0,0.0,0.0,0.0,0.0,0.0,0.0,0.0,0.0,0.34644937250232427,0.0,0.0,0.0,0.0,0.0
0.0,0.0,0.0,0.0,0.0,0.0,0.0,0.0,0.0,0.7220796650486077,0.0,0.0,0.0,0.0,0.0,0.0,0.0,0.0,0.0,0.0,0.0,0.0,0.0,0.0,0.0,0.0,0.0,0.0,0.0,0.0,0.0,0.6918099141551026,0.0,0.0,0.0,0.0,0.0,0.0,0.0,0.0,0.0,0.0,0.0,0.0,0.0,0.0,0.0,0.0,0.0,0.0,0.0,0.0,0.0,0.0,0.0,0.0,0.0,0.0,0.0,0.0,0.0,0.0,0.0,0.0,0.0,0.0,0.0,0.0,0.0,0.0,0.0
0.0,0.0,0.0,0.0,0.0,0.0,0.0,0.0,0.0,0.6750601353721729,0.0,0.38767469032834156,0.0,0.0,0.0,0.0,0.0,0.0,0.0,0.0,0.0,0.0,0.0,0.0,0.0,0.0,0.0,0.0,0.0,0.0,0.0,0.32338072715973615,0.0,0.0,0.0,0.0,0.0,0.0,0.0,0.37186529995845463,0.0,0.0,0.38877146512903543,0.0,0.0,0.0,0.0,0.0,0.0,0.0,0.0,0.0,0.0,0.0,0.0,0.0,0.0,0.0,0.0,0.0,0.0,0.0,0.0,0.0,0.0,0.0,0.0,0.0,0.0,0.0,0.0
0.0,0.0,0.0,0.0,0.46952807391868817,0.0,0.0,0.0,0.0,0.0,0.0,0.0,0.0,0.0,0.0,0.0,0.0,0.0,0.0,0.0,0.4311294200180682,0.0,0.0,0.0,0.0,0.0,0.0,0.0,0.0,0.0,0.0,0.3490168982375635,0.0,0.0,0.0,0.0,0.0,0.0,0.0,0.4013451101233119,0.0,0.0,0.0,0.0,0.0,0.0,0.0,0.0,0.0,0.41840779792906735,0.0,0.0,0.0,0.0,0.0,0.0,0.0,0.0,0.0,0.0,0.0,0.0,0.0,0.0,0.0,0.0,0.36839521299003974,0.0,0.0,0.0,0.0
0.0,0.0,0.0,0.0,0.0,0.0,0.0,0.0,0.0,0.0,0.0,0.0,0.0,0.0,0.0,0.0,0.0,0.0,0.0,0.35637669619912876,0.388115152232884,0.0,0.6340240937823056,0.0,0.0,0.0,0.21993878844947484,0.0,0.0,0.0,0.0,0.15709754461391662,0.0,0.0,0.0,0.0,0.0,0.0,0.0,0.0,0.0,0.0,0.0,0.1355065425638895,0.0,0.0,0.0,0.0,0.0,0.18833139035357424,0.0,0.0,0.0,0.0,0.0,0.0,0.0,0.0,0.0,0.0,0.0,0.0,0.0,0.0,0.0,0.0,0.0,0.0,0.4398775768989497,0.0,0.0
0.0,0.0,0.0,0.0,0.0,0.0,0.0,0.0,0.0,0.0,0.0,0.0,0.0,0.0,0.35555808114741805,0.0,0.0,0.38864882527741945,0.0,0.0,0.0,0.0,0.0,0.0,0.0,0.0,0.0,0.0,0.0,0.0,0.0,0.8500179654226421,0.0,0.0,0.0,0.0,0.0,0.0,0.0,0.0,0.0,0.0,0.0,0.0,0.0,0.0,0.0,0.0,0.0,0.0,0.0,0.0,0.0,0.0,0.0,0.0,0.0,0.0,0.0,0.0,0.0,0.0,0.0,0.0,0.0,0.0,0.0,0.0,0.0,0.0,0.0
0.0,0.0,0.0,0.0,0.0,0.0,0.0,0.0,0.0,0.0,0.0,0.0,0.0,0.0,0.0,0.0,0.0,0.0,0.0,0.15201544994741595,0.0,0.0,0.0,0.0,0.0,0.0,0.0,0.23431334602490506,0.0,0.0,0.0,0.20103380090353817,0.562900339617406,0.0,0.0,0.0,0.0,0.0,0.2608254429915569,0.0,0.0,0.29429365619538644,0.0,0.0,0.0,0.0,0.0,0.0,0.0,0.0,0.0,0.0,0.5752080593410054,0.0,0.0,0.0,0.0,0.0,0.0,0.0,0.0,0.0,0.0,0.0,0.0,0.0,0.0,0.0,0.281450169808703,0.0,0.0
0.0,0.0,0.0,0.0,0.3062074983857979,0.0,0.0,0.0,0.0,0.0,0.32563163834808717,0.0,0.0,0.0,0.28563039148043806,0.0,0.0,0.0,0.0,0.0,0.0,0.0,0.3062074983857979,0.0,0.0,0.0,0.0,0.0,0.0,0.0,0.0,0.2276149121643421,0.0,0.5305894972356681,0.0,0.0,0.0,0.0,0.0,0.0,0.0,0.3332057813381224,0.0,0.0,0.0,0.0,0.0,0.0,0.32563163834808717,0.27286889160786926,0.0,0.0,0.0,0.0,0.0,0.0,0.0,0.0,0.0,0.0,0.0,0.0,0.0,0.0,0.0,0.0,0.0,0.0,0.0,0.0,0.0
0.0,0.0,0.0,0.0,0.0,0.0,0.0,0.0,0.0,0.5273699574372901,0.0,0.0,0.0,0.0,0.0,0.0,0.0,0.0,0.0,0.19103181518254572,0.0,0.0,0.3398616542452771,0.0,0.0,0.0,0.0,0.0,0.0,0.0,0.0,0.5052624836874643,0.0,0.0,0.0,0.0,0.0,0.0,0.0,0.0,0.0,0.0,0.30371574364244985,0.0,0.0,0.0,0.0,0.0,0.0,0.30285892207996584,0.0,0.0,0.0,0.0,0.0,0.0,0.0,0.0,0.0,0.0,0.0,0.0,0.0,0.3614206310001768,0.0,0.0,0.0,0.0,0.0,0.0,0.0
0.0,0.0,0.0,0.0,0.0,0.0,0.0,0.0,0.0,0.0,0.0,0.0,0.0,0.0,0.0,0.0,0.0,0.0,0.0,0.0,0.0,0.0,0.0,0.0,0.0,0.0,0.0,0.0,0.0,0.0,0.0,1.0,0.0,0.0,0.0,0.0,0.0,0.0,0.0,0.0,0.0,0.0,0.0,0.0,0.0,0.0,0.0,0.0,0.0,0.0,0.0,0.0,0.0,0.0,0.0,0.0,0.0,0.0,0.0,0.0,0.0,0.0,0.0,0.0,0.0,0.0,0.0,0.0,0.0,0.0,0.0
0.0,0.0,0.0,0.0,0.0,0.0,0.0,0.0,0.0,0.6786811257185534,0.0,0.0,0.0,0.47593677047183025,0.0,0.0,0.0,0.0,0.0,0.0,0.0,0.0,0.0,0.0,0.0,0.0,0.0,0.0,0.0,0.0,0.0,0.32511532594567294,0.0,0.0,0.0,0.0,0.0,0.0,0.0,0.0,0.0,0.0,0.0,0.0,0.0,0.0,0.0,0.0,0.0,0.0,0.0,0.0,0.0,0.0,0.0,0.0,0.0,0.0,0.0,0.0,0.0,0.0,0.0,0.0,0.0,0.0,0.0,0.0,0.45516606303796453,0.0,0.0
0.0,0.0,0.0,0.0,0.25716849536371317,0.0,0.0,0.0,0.0,0.0,0.27348186742079594,0.22916905254209982,0.0,0.0,0.2398868035381184,0.0,0.0,0.26221236230597716,0.0,0.0,0.23613690088375341,0.0,0.0,0.0,0.24801818424417996,0.0,0.0,0.0,0.0,0.0,0.0,0.5734874370375231,0.0,0.0,0.0,0.0,0.0,0.0,0.0,0.0,0.0,0.0,0.0,0.0,0.0,0.0,0.0,0.0,0.0,0.0,0.0,0.0,0.0,0.0,0.0,0.0,0.0,0.0,0.0,0.0,0.3946884444260591,0.0,0.0,0.0,0.0,0.2798430145732502,0.0,0.0,0.0,0.0,0.0
0.0,0.0,0.0,0.0,0.0,0.0,0.0,0.0,0.0,0.0,0.0,0.0,0.0,0.0,0.0,0.0,0.0,0.0,0.0,0.26328513816409554,0.0,0.0,0.23420319413585705,0.0,0.0,0.1640859808340157,0.0,0.608733076505037,0.0,0.0,0.0,0.1740915547230568,0.0,0.0,0.0,0.0,0.0,0.0,0.0,0.0,0.0,0.0,0.0,0.0,0.24905977226177367,0.0,0.0,0.0,0.24905977226177367,0.20870411838953834,0.0,0.0,0.49811954452354734,0.0,0.0,0.0,0.0,0.0,0.0,0.0,0.17972126453973644,0.0,0.0,0.0,0.0,0.0,0.0,0.0,0.0,0.0,0.0
0.0,0.0,0.0,0.0,0.33145812252492834,0.0,0.0,0.0,0.0,0.2571650166836153,0.0,0.0,0.0,0.0,0.0,0.0,0.0,0.0,0.0,0.37261659861891067,0.0,0.0,0.0,0.0,0.0,0.0,0.0,0.0,0.0,0.0,0.0,0.24638459816426386,0.0,0.0,0.599507445171537,0.0,0.0,0.0,0.0,0.0,0.0,0.0,0.44430895150208527,0.0,0.0,0.0,0.0,0.0,0.0,0.0,0.0,0.0,0.0,0.0,0.0,0.0,0.0,0.0,0.0,0.0,0.0,0.0,0.0,0.0,0.0,0.0,0.2600645039725483,0.0,0.0,0.0,0.0
0.0,0.0,0.0,0.0,0.0,0.0,0.0,0.0,0.0,0.0,0.0,0.0,0.0,0.0,0.0,0.0,0.0,0.0,0.0,0.5168365102049789,0.0,0.0,0.4597477942738757,0.0,0.0,0.0,0.0,0.0,0.0,0.0,0.0,0.34174686891420597,0.0,0.0,0.0,0.0,0.0,0.0,0.0,0.3929850830469249,0.0,0.0,0.0,0.0,0.0,0.0,0.0,0.0,0.0,0.0,0.0,0.0,0.0,0.0,0.0,0.0,0.5002837089785982,0.0,0.0,0.0,0.0,0.0,0.0,0.0,0.0,0.0,0.0,0.0,0.0,0.0,0.0
0.0,0.0,0.0,0.0,0.0,0.0,0.0,0.0,0.0,0.192905826952616,0.0,0.44312915432435,0.0,0.0,0.0,0.0,0.0,0.0,0.0,0.13975445420184093,0.0,0.0,0.0,0.0,0.23978824152313105,0.0,0.0,0.0,0.0,0.0,0.0,0.5544575067425201,0.0,0.0,0.0,0.26440696788882156,0.0,0.0,0.0,0.0,0.0,0.0,0.11109570399228194,0.0,0.0,0.0,0.0,0.0,0.0,0.44312915432435,0.0,0.0,0.0,0.0,0.0,0.0,0.0,0.0,0.0,0.0,0.19079578444386913,0.0,0.0,0.0,0.0,0.0,0.0,0.0,0.2587494552707428,0.0,0.0
0.0,0.0,0.0,0.0,0.0,0.0,0.0,0.0,0.0,0.0,0.0,0.0,0.0,0.0,0.0,0.0,0.0,0.0,0.0,0.0,0.0,0.0,0.0,0.0,0.0,0.0,0.0,0.0,0.0,0.0,0.0,0.8158345310090527,0.0,0.0,0.0,0.0,0.09574968817421725,0.0,0.0,0.0,0.0,0.0,0.0,0.0,0.3334724204984159,0.0,0.0,0.0,0.0,0.0,0.0,0.0,0.0,0.0,0.0,0.0,0.0,0.44599162460847613,0.0,0.0,0.0,0.0,0.0,0.0,0.0,0.0,0.1230188228434944,0.0,0.0,0.0,0.0
0.0,0.0,0.0,0.0,0.0,0.0,0.6421328457190855,0.0,0.0,0.2289187711644153,0.0,0.0,0.0,0.0,0.0,0.0,0.0,0.0,0.0,0.0,0.0,0.0,0.0,0.0,0.0,0.0,0.0,0.0,0.0,0.0,0.0,0.4386448839189648,0.0,0.0,0.0,0.0,0.0,0.0,0.0,0.2522055237589881,0.0,0.0,0.13183578972866236,0.0,0.0,0.0,0.0,0.0,0.0,0.26292772768334755,0.0,0.0,0.0,0.0,0.0,0.0,0.0,0.0,0.0,0.0,0.0,0.0,0.0,0.31376822117087033,0.0,0.0,0.0,0.0,0.3070545264274975,0.0,0.0
0.0,0.0,0.0,0.0,0.0,0.0,0.0,0.0,0.0,0.0,0.0,0.0,0.0,0.0,0.0,0.0,0.0,0.0,0.0,0.0,0.0,0.0,0.0,0.5941709916727187,0.0,0.0,0.0,0.5048808261122523,0.0,0.0,0.0,0.43317255802354604,0.0,0.0,0.0,0.0,0.0,0.0,0.0,0.0,0.0,0.0,0.0,0.0,0.0,0.0,0.0,0.0,0.0,0.0,0.4521257779138516,0.0,0.0,0.0,0.0,0.0,0.0,0.0,0.0,0.0,0.0,0.0,0.0,0.0,0.0,0.0,0.0,0.0,0.0,0.0,0.0
0.0,0.0,0.0,0.0,0.0,0.0,0.0,0.0,0.0,0.4155646828406406,0.0,0.0,0.4461195922807634,0.0,0.49962481677333154,0.0,0.0,0.0,0.0,0.0,0.0,0.0,0.0,0.0,0.0,0.0,0.0,0.0,0.0,0.0,0.0,0.1990720563655003,0.0,0.0,0.0,0.0,0.0,0.0,0.0,0.0,0.0,0.0,0.0,0.0,0.0,0.0,0.0,0.0,0.2847975084199071,0.0,0.0,0.0,0.0,0.0,0.0,0.0,0.0,0.5078573045602888,0.0,0.0,0.0,0.0,0.0,0.0,0.0,0.0,0.0,0.0,0.0,0.0,0.0
0.0,0.0,0.0,0.0,0.0,0.0,0.0,0.0,0.0,0.45498271360616466,0.0,0.17419216783778232,0.0,0.0,0.0,0.0,0.0,0.0,0.0,0.0,0.0,0.0,0.19547463852588218,0.0,0.0,0.13695222180483213,0.0,0.0,0.0,0.0,0.0,0.14530324343124837,0.0,0.0,0.3535544709110811,0.0,0.11937369410468142,0.0,0.0,0.0,0.0,0.0,0.34936995369463575,0.0,0.0,0.0,0.0,0.0,0.0,0.0,0.0,0.0,0.0,0.0,0.0,0.0,0.0,0.18534322420765895,0.0,0.0,0.0,0.0,0.0,0.6236234625301591,0.0,0.0,0.0,0.0,0.0,0.0,0.0
0.0,0.0,0.0,0.0,0.0,0.0,0.0,0.0,0.0,0.516311348047309,0.0,0.0,0.0,0.0,0.0,0.0,0.0,0.0,0.0,0.0,0.0,0.0,0.0,0.0,0.0,0.0,0.0,0.0,0.0,0.0,0.0,0.49466745382709204,0.0,0.0,0.0,0.0,0.4063934150557149,0.0,0.0,0.568833098721537,0.0,0.0,0.0,0.0,0.0,0.0,0.0,0.0,0.0,0.0,0.0,0.0,0.0,0.0,0.0,0.0,0.0,0.0,0.0,0.0,0.0,0.0,0.0,0.0,0.0,0.0,0.0,0.0,0.0,0.0,0.0
0.0,0.0,0.0,0.0,0.0,0.0,0.0,0.0,0.0,0.0,0.0,0.0,0.0,0.0,0.0,0.0,0.0,0.0,0.0,0.5000741597758018,0.40845759708570284,0.0,0.44483697918149084,0.0,0.0,0.0,0.0,0.0,0.0,0.0,0.0,0.3306631303204638,0.0,0.0,0.0,0.0,0.0,0.3376903212431995,0.0,0.0,0.0,0.0,0.0,0.0,0.0,0.0,0.0,0.0,0.0,0.0,0.0,0.0,0.0,0.0,0.0,0.0,0.0,0.0,0.0,0.4022877443392009,0.0,0.0,0.0,0.0,0.0,0.0,0.0,0.0,0.0,0.0,0.0
0.0,0.0,0.0,0.0,0.0,0.0,0.0,0.0,0.0,0.15538174826040232,0.0,0.0,0.0,0.0,0.0,0.0,0.0,0.0,0.16895502641738294,0.0,0.0,0.0,0.2002704069830637,0.0,0.0,0.0,0.0,0.0,0.0,0.0,0.0,0.5954724340177205,0.0,0.0,0.36222856486146515,0.0,0.48920961781445316,0.15203182566803802,0.0,0.0,0.0,0.0,0.0,0.0,0.0,0.0,0.0,0.0,0.0,0.0,0.15538174826040232,0.0,0.0,0.0,0.0,0.0,0.0,0.1898904288737503,0.0,0.0,0.0,0.0,0.0,0.0,0.0,0.0,0.3142672966085709,0.0,0.0,0.0,0.0
0.0,0.0,0.0,0.0,0.0,0.0,0.0,0.0,0.0,0.0,0.0,0.0,0.0,0.0,0.0,0.0,0.0,0.0,0.0,0.16088124476375143,0.0,0.0,0.0,0.0,0.0,0.0,0.0,0.0,0.425516855558262,0.0,0.0,0.212758427779131,0.0,0.0,0.0,0.0,0.0,0.0,0.0,0.0,0.0,0.0,0.0,0.0,0.0,0.0,0.0,0.0,0.0,0.5101173364810783,0.0,0.0,0.0,0.0,0.0,0.0,0.0,0.5427729216601384,0.0,0.0,0.43927706594129756,0.0,0.0,0.0,0.0,0.0,0.0,0.0,0.0,0.0,0.0
0.0,0.8401753892857077,0.0,0.0,0.0,0.0,0.0,0.0,0.0,0.0,0.0,0.0,0.0,0.0,0.0,0.26241423715352824,0.0,0.0,0.0,0.14466235470172353,0.0,0.0,0.2573664869852367,0.0,0.0,0.0,0.0,0.0,0.0,0.0,0.0,0.1913096532188218,0.0,0.0,0.0,0.0,0.0,0.0,0.24820913112667572,0.0,0.0,0.0,0.0,0.0,0.0,0.0,0.0,0.0,0.0,0.0,0.19968029872124843,0.0,0.0,0.0,0.0,0.0,0.0,0.0,0.0,0.0,0.0,0.0,0.0,0.0,0.0,0.0,0.0,0.0,0.0,0.0,0.0
0.0,0.0,0.0,0.0,0.0,0.0,0.0,0.0,0.0,0.652026573590467,0.0,0.0,0.0,0.0,0.0,0.0,0.0,0.0,0.0,0.11809339738039011,0.0,0.0,0.2100980789550251,0.0,0.0,0.0,0.0,0.0,0.0,0.0,0.0,0.0,0.0,0.0,0.0,0.0,0.0,0.0,0.0,0.17958848750224785,0.0,0.0,0.1877531445239893,0.0,0.0,0.0,0.0,0.0,0.6702766786368517,0.0,0.0,0.0,0.0,0.0,0.0,0.0,0.0,0.0,0.0,0.0,0.0,0.0,0.0,0.0,0.0,0.0,0.0,0.0,0.0,0.0,0.0
0.0,0.0,0.0,0.0,0.0,0.0,0.0,0.0,0.0,0.0,0.0,0.0,0.0,0.0,0.0,0.0,0.0,0.0,0.0,0.0,0.0,0.0,0.0,0.0,0.0,0.0,0.0,0.0,0.0,0.0,0.0,0.34359313516182444,0.0,0.0,0.0,0.0,0.0,0.0,0.0,0.7902163211322402,0.0,0.0,0.0,0.2963707542908441,0.0,0.0,0.0,0.0,0.0,0.41190569222453405,0.0,0.0,0.0,0.0,0.0,0.0,0.0,0.0,0.0,0.0,0.0,0.0,0.0,0.0,0.0,0.0,0.0,0.0,0.0,0.0,0.0
0.0,0.0,0.0,0.0,0.0,0.0,0.0,0.0,0.0,0.0,0.0,0.0,0.0,0.0,0.0,0.0,0.0,0.0,0.0,0.0,0.0,0.0,0.0,0.0,0.7435561285653925,0.0,0.0,0.0,0.0,0.0,0.0,0.5731032716599643,0.0,0.0,0.0,0.0,0.0,0.0,0.0,0.0,0.0,0.0,0.34449517222377835,0.0,0.0,0.0,0.0,0.0,0.0,0.0,0.0,0.0,0.0,0.0,0.0,0.0,0.0,0.0,0.0,0.0,0.0,0.0,0.0,0.0,0.0,0.0,0.0,0.0,0.0,0.0,0.0
0.0,0.0,0.0,0.0,0.0,0.0,0.0,0.0,0.0,0.0,0.0,0.0,0.36105225933853996,0.0,0.0,0.0,0.0,0.0,0.0,0.0,0.0,0.0,0.0,0.0,0.0,0.0,0.0,0.0,0.0,0.0,0.0,0.3222248785554282,0.0,0.0,0.0,0.0,0.0,0.0,0.0,0.0,0.0,0.0,0.0,0.0,0.0,0.0,0.0,0.0,0.0,0.7725780760481671,0.0,0.0,0.0,0.0,0.0,0.0,0.0,0.41101765178175487,0.0,0.0,0.0,0.0,0.0,0.0,0.0,0.0,0.0,0.0,0.0,0.0,0.0
0.0,0.0,0.0,0.0,0.13437595399978092,0.0,0.0,0.0,0.0,0.10425689432194087,0.0,0.0,0.0,0.0,0.2506918122439743,0.0,0.0,0.0,0.0,0.45318585528225075,0.24677300604748478,0.0,0.0,0.0,0.0,0.0,0.0,0.11642182221069651,0.0,0.1462238677419314,0.0,0.6992049440176243,0.0,0.0,0.12152271946335833,0.0,0.0,0.2040183761567793,0.0,0.0,0.0,0.0,0.0,0.0861583389754584,0.0,0.0,0.0,0.0,0.0,0.11974565554391689,0.0,0.0,0.0,0.0,0.0,0.0,0.0,0.0,0.0,0.0,0.0,0.0,0.0,0.14290003440871105,0.0,0.0,0.0,0.0,0.13984240414182972,0.0,0.0
0.0,0.0,0.0,0.0,0.0,0.0,0.0,0.0,0.0,0.0,0.0,0.0,0.0,0.0,0.0,0.0,0.0,0.0,0.0,0.6031443321482803,0.0,0.0,0.0,0.0,0.0,0.0,0.0,0.0,0.0,0.0,0.0,0.7976320671822346,0.0,0.0,0.0,0.0,0.0,0.0,0.0,0.0,0.0,0.0,0.0,0.0,0.0,0.0,0.0,0.0,0.0,0.0,0.0,0.0,0.0,0.0,0.0,0.0,0.0,0.0,0.0,0.0,0.0,0.0,0.0,0.0,0.0,0.0,0.0,0.0,0.0,0.0,0.0
0.0,0.0,0.0,0.0,0.0,0.0,0.0,0.0,0.0,0.42004574349395774,0.0,0.0,0.0,0.0,0.0,0.0,0.0,0.0,0.0,0.3043104739196084,0.0,0.0,0.0,0.0,0.0,0.0,0.0,0.23452881072020312,0.0,0.0,0.0,0.20121866312923356,0.0,0.0,0.0,0.0,0.0,0.0,0.0,0.0,0.2566667812392859,0.0,0.0,0.0,0.0,0.0,0.0,0.0,0.0,0.0,0.6300686152409367,0.0,0.0,0.0,0.0,0.0,0.0,0.0,0.0,0.0,0.41545119915907797,0.0,0.0,0.0,0.0,0.0,0.0,0.0,0.0,0.0,0.0
0.0,0.0,0.0,0.0,0.0,0.0,0.0,0.4545866963434798,0.0,0.0,0.0,0.0,0.0,0.0,0.4074628272722182,0.0,0.0,0.0,0.0,0.0,0.4010933817045284,0.0,0.0,0.0,0.0,0.0,0.0,0.3784532443204607,0.3247014967808572,0.0,0.0,0.3247014967808572,0.0,0.0,0.0,0.0,0.0,0.0,0.0,0.0,0.0,0.0,0.0,0.0,0.0,0.0,0.0,0.0,0.0,0.0,0.0,0.0,0.0,0.0,0.0,0.0,0.0,0.0,0.0,0.0,0.33520157650514765,0.0,0.0,0.0,0.0,0.0,0.0,0.0,0.0,0.0,0.0
0.0,0.0,0.0,0.0,0.0,0.0,0.0,0.3676976102333683,0.0,0.2741300904241512,0.0,0.31485579534709957,0.0,0.0,0.3295809337405729,0.0,0.0,0.0,0.0,0.0,0.0,0.0,0.0,0.0,0.0,0.0,0.0,0.0,0.2626384919881331,0.0,0.0,0.2626384919881331,0.0,0.0,0.0,0.0,0.6473109531971483,0.0,0.0,0.0,0.0,0.0,0.15787327869893558,0.0,0.0,0.0,0.0,0.0,0.0,0.0,0.0,0.0,0.0,0.0,0.0,0.0,0.0,0.0,0.0,0.0,0.0,0.0,0.0,0.0,0.0,0.0,0.0,0.0,0.0,0.0,0.0
0.0,0.0,0.0,0.0,0.0,0.0,0.0,0.0,0.0,0.0,0.0,0.0,0.0,0.0,0.0,0.0,0.0,0.0,0.0,0.0,0.0,0.0,0.0,0.5538584809495128,0.0,0.0,0.0,0.0,0.0,0.0,0.0,0.4037832515190957,0.0,0.0,0.0,0.0,0.0,0.0,0.0,0.0,0.0,0.0,0.7281482464944654,0.0,0.0,0.0,0.0,0.0,0.0,0.0,0.0,0.0,0.0,0.0,0.0,0.0,0.0,0.0,0.0,0.0,0.0,0.0,0.0,0.0,0.0,0.0,0.0,0.0,0.0,0.0,0.0
0.0,0.0,0.0,0.0,0.0,0.0,0.0,0.0,0.0,0.13760957118569966,0.0,0.15805332029040764,0.0,0.0,0.0,0.0,0.0,0.18084263134106024,0.0,0.09969398445766356,0.0,0.0,0.0,0.0,0.3421063802233017,0.1242636431137354,0.0,0.0,0.0,0.0,0.0,0.7910456718580288,0.0,0.0,0.0,0.0,0.0,0.134642804389718,0.0,0.0,0.16817123492389338,0.0,0.07925023535295558,0.11372113237781191,0.18861498402860133,0.0,0.0,0.0,0.0,0.0,0.0,0.0,0.0,0.0,0.0,0.0,0.0,0.0,0.0,0.16039888223635226,0.0,0.16817123492389338,0.0,0.0,0.0,0.0,0.0,0.0,0.0,0.0,0.0
0.0,0.0,0.0,0.0,0.0,0.0,0.0,0.0,0.0,0.3704931455574431,0.0,0.0,0.0,0.0,0.22271812019682294,0.0,0.0,0.0,0.0,0.5368222221262613,0.0,0.0,0.0,0.0,0.2302675385005729,0.0,0.24847590430246563,0.0,0.0,0.0,0.0,0.5324429774778967,0.0,0.0,0.0,0.0,0.2916185655172297,0.0,0.0,0.20409077278620952,0.0,0.0,0.0,0.0,0.0,0.0,0.0,0.0,0.0,0.0,0.0,0.0,0.0,0.0,0.0,0.0,0.0,0.0,0.0,0.0,0.0,0.0,0.0,0.0,0.0,0.0,0.0,0.0,0.0,0.0,0.0
0.0,0.0,0.0,0.0,0.0,0.0,0.0,0.0,0.0,0.0,0.0,0.0,0.12682145664035185,0.0,0.5681270057019642,0.0,0.0,0.3105004570025501,0.0,0.0,0.13981151574007986,0.0,0.0,0.0,0.0,0.0,0.0,0.2638394156509563,0.11318314013330369,0.0,0.0,0.11318314013330369,0.15845799993248746,0.0,0.0,0.0,0.0,0.0,0.0,0.13015272346493514,0.0,0.0,0.1360698752953021,0.0,0.0,0.0,0.0,0.0,0.0,0.0,0.23627080862643562,0.0,0.3238453140396892,0.0,0.0,0.0,0.16568895369733064,0.4331161704902947,0.0,0.0,0.11684321563842927,0.0,0.0,0.0,0.0,0.0,0.0,0.0,0.0,0.0,0.0
0.0,0.0,0.0,0.0,0.0,0.0,0.37104096080064825,0.0,0.0,0.0,0.0,0.6077057565339918,0.0,0.0,0.0,0.0,0.0,0.0,0.0,0.0,0.0,0.0,0.3409770501254822,0.0,0.0,0.0,0.0,0.0,0.0,0.0,0.0,0.2534603552280866,0.0,0.0,0.0,0.0,0.20823003119663774,0.0,0.0,0.0,0.0,0.37104096080064825,0.0,0.0,0.0,0.0,0.0,0.0,0.0,0.0,0.0,0.0,0.0,0.0,0.0,0.0,0.0,0.0,0.0,0.0,0.0,0.0,0.0,0.0,0.0,0.0,0.0,0.36260678153467574,0.0,0.0,0.0
0.0,0.0,0.0,0.0,0.0,0.0,0.0,0.0,0.0,0.6045552134134617,0.0,0.17359250151635408,0.0,0.0,0.0,0.0,0.0,0.0,0.0,0.2189910103291726,0.0,0.0,0.19480170610376266,0.0,0.0,0.0,0.0,0.0,0.0,0.0,0.0,0.1448030288546599,0.0,0.0,0.1761686698936457,0.0,0.0,0.0,0.0,0.1665133919169297,0.0,0.0,0.08704180700159765,0.0,0.0,0.0,0.0,0.0,0.6214766037340732,0.0,0.0,0.0,0.0,0.21197735205858054,0.0,0.0,0.0,0.0,0.0,0.0,0.0,0.0,0.0,0.0,0.0,0.0,0.0,0.0,0.0,0.0,0.0
0.0,0.0,0.0,0.0,0.0,0.0,0.0,0.0,0.0,0.0,0.0,0.0,0.0,0.0,0.2698230113378468,0.0,0.0,0.0,0.0,0.32518007156125533,0.0,0.0,0.0,0.29493464485705584,0.0,0.0,0.0,0.0,0.0,0.0,0.0,0.6450546880595699,0.0,0.0,0.0,0.0,0.35329590354096624,0.0,0.0,0.0,0.0,0.0,0.25849701306967293,0.0,0.0,0.0,0.0,0.0,0.0,0.0,0.0,0.0,0.0,0.0,0.0,0.0,0.0,0.274268976732089,0.0,0.0,0.0,0.0,0.0,0.0,0.0,0.0,0.22695659379046176,0.0,0.0,0.0,0.0
0.0,0.0,0.0,0.0,0.0,0.0,0.0,0.0,0.0,0.0,0.0,0.0,0.0,0.0,0.18499044321752228,0.0,0.0,0.0,0.0,0.0,0.0,0.0,0.0,0.0,0.0,0.0,0.0,0.8590996370471208,0.0,0.0,0.0,0.1474163280243335,0.0,0.0,0.0,0.0,0.0,0.0,0.0,0.3390370076845333,0.0,0.2158029642885589,0.0,0.0,0.0,0.0,0.0,0.0,0.0,0.0,0.0,0.0,0.0,0.0,0.0,0.0,0.0,0.0,0.0,0.0,0.0,0.0,0.0,0.2108975196632258,0.0,0.0,0.0,0.0,0.0,0.0,0.0
0.0,0.0,0.0,0.0,0.0,0.0,0.0,0.0,0.0,0.0,0.0,0.0,0.0,0.0,0.0,0.0,0.0,0.0,0.0,0.0,0.0,0.0,0.3764630994236281,0.0,0.0,0.0,0.3917777200984237,0.0,0.0,0.0,0.0,0.8395151891459955,0.0,0.0,0.0,0.0,0.0,0.0,0.0,0.0,0.0,0.0,0.0,0.0,0.0,0.0,0.0,0.0,0.0,0.0,0.0,0.0,0.0,0.0,0.0,0.0,0.0,0.0,0.0,0.0,0.0,0.0,0.0,0.0,0.0,0.0,0.0,0.0,0.0,0.0,0.0
0.0,0.0,0.0,0.0,0.0,0.0,0.0,0.0,0.0,0.0,0.0,0.0,0.0,0.0,0.0,0.0,0.0,0.0,0.0,0.19957940451523282,0.0,0.0,0.0,0.3620325225274124,0.342434842068246,0.0,0.0,0.0,0.0,0.0,0.0,0.527870111697736,0.0,0.0,0.0,0.0,0.0,0.5390883084580181,0.0,0.0,0.0,0.0,0.0,0.0,0.0,0.0,0.0,0.0,0.0,0.0,0.0,0.0,0.0,0.0,0.0,0.0,0.0,0.0,0.0,0.0,0.0,0.0,0.0,0.0,0.0,0.0,0.0,0.3775921526244576,0.0,0.0,0.0
0.0,0.0,0.0,0.0,0.0,0.0,0.0,0.0,0.0,0.0,0.0,0.0,0.0,0.0,0.0,0.0,0.0,0.0,0.0,0.16476783052247826,0.0,0.0,0.0,0.0,0.0,0.0,0.0,0.0,0.0,0.0,0.0,0.6536948036799244,0.0,0.25396959125102814,0.2650969964545604,0.0,0.0,0.0,0.0,0.0,0.0,0.31898157249552767,0.0,0.0,0.0,0.0,0.0,0.0,0.0,0.0,0.0,0.0,0.0,0.0,0.0,0.0,0.0,0.5558852860668447,0.0,0.0,0.0,0.0,0.0,0.0,0.0,0.0,0.0,0.0,0.0,0.0,0.0
0.0,0.0,0.0,0.0,0.0,0.0,0.0,0.0,0.0,0.0,0.0,0.5567766159854824,0.0,0.0,0.0,0.0,0.0,0.0,0.0,0.35119337701009984,0.0,0.0,0.0,0.0,0.0,0.0,0.0,0.0,0.0,0.0,0.0,0.4644379203358058,0.0,0.0,0.0,0.0,0.0,0.0,0.0,0.0,0.0,0.0,0.0,0.0,0.0,0.0,0.0,0.0,0.0,0.0,0.0,0.0,0.0,0.0,0.0,0.0,0.0,0.5924191337137485,0.0,0.0,0.0,0.0,0.0,0.0,0.0,0.0,0.0,0.0,0.0,0.0,0.0
0.0,0.0,0.0,0.0,0.0,0.0,0.0,0.0,1.0,0.0,0.0,0.0,0.0,0.0,0.0,0.0,0.0,0.0,0.0,0.0,0.0,0.0,0.0,0.0,0.0,0.0,0.0,0.0,0.0,0.0,0.0,0.0,0.0,0.0,0.0,0.0,0.0,0.0,0.0,0.0,0.0,0.0,0.0,0.0,0.0,0.0,0.0,0.0,0.0,0.0,0.0,0.0,0.0,0.0,0.0,0.0,0.0,0.0,0.0,0.0,0.0,0.0,0.0,0.0,0.0,0.0,0.0,0.0,0.0,0.0,0.0
