alleluja,amen,bać,boży,bóg,błogosławić,chcieć,chleb,chrystus,chwalić,chwała,co,czas,cześć,człowiek,dawać,dać,dobry,droga,duch,dusza,dzień,dłoń,grzech,góra,głos,imię,jezus,kochać,krew,krzyż,król,mieć,miłość,moc,móc,nadzieja,niebo,noc,nowy,oddać,ojciec,pan,pieśń,pragnąć,prowadzić,przyjść,radość,ramię,ręka,serce,siebie,siła,stać,swój,syn,słowo,tron,trwać,twa,tyś,uwielbiać,wciąż,wiedzieć,wiek,wielbić,wielki,wierzyć,woda,wszystek,ziemia,łaska,śpiewać,świat,święty,życie,żyć
0.0,0.0,0.0,0.0,0.0486888879711332,0.0,0.0,0.0,0.09003329632155685,0.0,0.0,0.0,0.0,0.0,0.0,0.0,0.0,0.0,0.0,0.0,0.0,0.0,0.0,0.0,0.0,0.0,0.0,0.0,0.0,0.0,0.0,0.0,0.0,0.0,0.0,0.0,0.0,0.0,0.0,0.0,0.0,0.9685657838553254,0.0,0.0,0.0,0.0,0.0,0.0,0.0,0.0,0.0,0.1764267152975723,0.0,0.0,0.05127632453775513,0.0,0.0,0.0,0.0,0.0,0.0,0.0,0.0,0.0,0.0,0.0,0.0,0.0,0.0,0.0,0.0,0.0,0.0,0.0,0.0,0.13284604908515793,0.0
0.9051609973181907,0.048296571178775415,0.0,0.0,0.024979937035006977,0.0,0.0,0.0,0.0,0.0,0.10452693977544121,0.0374584654160633,0.0,0.04014939227328673,0.0,0.046191773254300315,0.0,0.0,0.0,0.06406163220810378,0.0,0.0,0.0,0.0,0.0,0.0,0.08152824788457783,0.0,0.0,0.0,0.0,0.0,0.0,0.0,0.0,0.0,0.0,0.0,0.0,0.0,0.044388774187903136,0.04141039380024594,0.15993479791671403,0.0,0.0,0.0,0.0,0.0,0.0,0.0,0.0,0.0,0.04357562109671742,0.0,0.07892228052728073,0.04141039380024594,0.044388774187903136,0.0,0.0,0.0,0.0,0.0,0.046191773254300315,0.0,0.12044817681986021,0.29968246825769945,0.0,0.0,0.044388774187903136,0.0374584654160633,0.0,0.0,0.0,0.0,0.0,0.0,0.0
0.0,0.0,0.0,0.0,0.17753130166726666,0.0,0.0,0.0,0.0,0.0,0.0,0.0,0.0,0.0,0.0,0.0,0.25643749721702824,0.0,0.0,0.0,0.0,0.0,0.0,0.0,0.0,0.0,0.0,0.6897259368828164,0.0,0.0,0.0,0.0,0.2370759966920315,0.0,0.0,0.0,0.0,0.0,0.0,0.0,0.0,0.0,0.0,0.0,0.0,0.0,0.0,0.0,0.0,0.0,0.0,0.0,0.0,0.0,0.18696571269604628,0.2943018272467683,0.0,0.0,0.0,0.0,0.0,0.0,0.0,0.0,0.0,0.0,0.0,0.34324158365243057,0.0,0.0,0.0,0.0,0.0,0.2697276308542524,0.0,0.2421941945914274,0.0
0.0,0.0,0.0,0.521321941794788,0.0,0.0,0.0,0.0,0.0,0.0,0.0,0.0,0.0,0.0,0.0,0.0,0.0,0.0,0.0,0.0,0.0,0.0,0.0,0.0,0.0,0.0,0.0,0.0,0.0,0.5450767635686163,0.0,0.0,0.3764829879340917,0.3326430311560889,0.0,0.42275752913506165,0.0,0.0,0.0,0.0,0.0,0.0,0.0,0.0,0.0,0.0,0.0,0.0,0.0,0.0,0.0,0.0,0.0,0.0,0.0,0.0,0.0,0.0,0.0,0.0,0.0,0.0,0.0,0.0,0.0,0.0,0.0,0.0,0.0,0.0,0.0,0.0,0.0,0.0,0.0,0.0,0.0
0.0,0.15947780521879712,0.0,0.0,0.247455177600519,0.0,0.0,0.0,0.0,0.0,0.2301022831057689,0.37106943861326885,0.0,0.0,0.0,0.0,0.23829332563262381,0.0,0.12879058537892069,0.10576743083339149,0.26127993150847684,0.0,0.0,0.0,0.0,0.0,0.0,0.0,0.0,0.0,0.0,0.0,0.11015087164027618,0.19464847550201236,0.2226457973294634,0.0,0.0,0.0,0.0,0.0,0.0,0.4102178615577295,0.0,0.0,0.0,0.0,0.1346052702979502,0.0,0.0,0.15585776579341837,0.18656363390338532,0.0,0.14388898101744316,0.0,0.0,0.27347857437181966,0.0,0.0,0.0,0.0,0.1413667416423517,0.0,0.0,0.0,0.0,0.0,0.0,0.0,0.0,0.12368981287108961,0.0,0.2877779620348863,0.0,0.0,0.10576743083339149,0.0,0.0
0.6849035346939412,0.0,0.0,0.0,0.0,0.0,0.0,0.0,0.0,0.0,0.0,0.0,0.0,0.0,0.0,0.0,0.0,0.0,0.0,0.0,0.0,0.0,0.0,0.0,0.0,0.0,0.0,0.0,0.0,0.0,0.0,0.0,0.0,0.0,0.0,0.0,0.0,0.0,0.0,0.0,0.0,0.0,0.0,0.0,0.0,0.0,0.0,0.0,0.0,0.0,0.0,0.0,0.0,0.0,0.0,0.0,0.0,0.0,0.3424517673469706,0.0,0.0,0.0,0.0,0.0,0.30379634965779656,0.0,0.0,0.0,0.0,0.5668701025272715,0.0,0.0,0.0,0.0,0.0,0.0,0.0
0.0,0.0,0.0,0.0,0.17181078060387314,0.0,0.47395417375570004,0.0,0.0,0.0,0.23964372010205606,0.0,0.0,0.0,0.0,0.0,0.0,0.0,0.0,0.0,0.0,0.0,0.0,0.0,0.0,0.0,0.0,0.0,0.0,0.0,0.0,0.0,0.0,0.0,0.0,0.0,0.0,0.0,0.0,0.0,0.0,0.0,0.4125088831882088,0.0,0.3321814455771949,0.0,0.0,0.0,0.0,0.0,0.5828990828893401,0.0,0.0,0.0,0.0,0.0,0.0,0.0,0.0,0.0,0.0,0.0,0.0,0.0,0.0,0.0,0.0,0.0,0.0,0.0,0.0,0.0,0.0,0.2610363038646442,0.0,0.0,0.0
0.0,0.0,0.0,0.0,0.0,0.0,0.44134950443933213,0.0,0.0,0.0,0.0,0.0,0.0,0.0,0.0,0.0,0.0,0.0,0.0,0.0,0.0,0.0,0.0,0.14792446316261204,0.0,0.0,0.0,0.0,0.0,0.15466486477762847,0.0,0.0,0.0,0.0,0.0,0.11995693166099829,0.0,0.0,0.0,0.0,0.0,0.0,0.1280437373155416,0.0,0.30932972955525695,0.0,0.26108593481614784,0.0,0.0,0.0,0.542799780267274,0.0,0.0,0.0,0.08424686299509843,0.0,0.0,0.0,0.0,0.0,0.0,0.0,0.0,0.0,0.0,0.0,0.0,0.0,0.0,0.0,0.0,0.0,0.0,0.0,0.5128771795323009,0.0,0.0
0.0,0.0,0.0,0.0,0.18696103306837453,0.0,0.0,0.0,0.0,0.0,0.5215509448377278,0.0,0.0,0.3004960279107847,0.0,0.0,0.0,0.0,0.0,0.0,0.0,0.0,0.0,0.0,0.3457199125354676,0.0,0.0,0.0,0.0,0.0,0.0,0.0,0.0,0.0,0.0,0.0,0.0,0.26686147422734596,0.0,0.0,0.332225460263529,0.0,0.14962795442691865,0.0,0.0,0.0,0.0,0.0,0.0,0.0,0.0,0.0,0.0,0.0,0.0,0.0,0.0,0.3261394584550469,0.0,0.0,0.0,0.0,0.0,0.0,0.0,0.0,0.0,0.0,0.0,0.0,0.2578736958210293,0.3261394584550469,0.0,0.0,0.0,0.0,0.0
0.0,0.0,0.0,0.0,0.0,0.0,0.0,0.0,0.0,0.0,0.0,0.0,0.0,0.0,0.0,0.0,0.4516700085235893,0.2778219009232431,0.0,0.10023775583980477,0.12380991848824989,0.0,0.0,0.0,0.0,0.0,0.0,0.0,0.0,0.0,0.0,0.0,0.0,0.0,0.0,0.0,0.0,0.0,0.0,0.289106570012524,0.0,0.0,0.0,0.0,0.0,0.15114007379616654,0.0,0.0,0.0,0.0,0.0,0.4248938276353384,0.0,0.0,0.08232688858249651,0.0,0.0,0.0,0.4248938276353384,0.0,0.0,0.0,0.0,0.0,0.0,0.0,0.0,0.0,0.41673285138486466,0.0,0.0,0.0,0.0,0.0,0.0,0.21329145527202936,0.0
0.0,0.0,0.0,0.0,0.0,0.0,0.0,0.0,0.0,0.0,0.0,0.0,0.0,0.0,0.0,0.0,0.0,0.0,0.0,0.0,0.0,0.0,0.0,0.0,0.0,0.0,0.0,0.0,0.0,0.0,0.0,0.0,0.0,0.3228511947615609,0.0,0.0,0.0,0.0,0.0,0.0,0.0,0.0,0.21898699138894717,0.0,0.0,0.0,0.0,0.0,0.0,0.0,0.3094413760468609,0.0,0.0,0.0,0.0,0.0,0.0,0.0,0.0,0.0,0.46895226197967627,0.0,0.0,0.44652260671259947,0.43978895072479396,0.0,0.0,0.0,0.0,0.0,0.0,0.0,0.0,0.0,0.0,0.3732892376332193,0.0
0.0,0.0,0.0,0.0,0.0,0.0,0.6009270365164792,0.2685454751316968,0.0,0.0,0.0,0.0,0.0,0.0,0.0,0.0,0.20977374716259548,0.0,0.0,0.18621780727410858,0.0,0.0,0.0,0.0,0.0,0.0,0.0,0.0,0.0,0.0,0.0,0.0,0.0,0.0,0.0,0.21777257472843303,0.0,0.0,0.0,0.0,0.0,0.0,0.34868032176571656,0.0,0.0,0.0,0.0,0.0,0.0,0.0,0.0,0.0,0.0,0.4894166912036917,0.15294369415086662,0.0,0.0,0.0,0.0,0.0,0.0,0.0,0.0,0.23699070767737235,0.0,0.0,0.0,0.0,0.0,0.0,0.0,0.0,0.0,0.0,0.0,0.0,0.0
0.0,0.0,0.0,0.0,0.0,0.0,0.0,0.0,0.0,0.0,0.0,0.0,0.0,0.0,0.0,0.0,0.6437136613567895,0.0,0.0,0.0,0.0,0.6770747753763133,0.0,0.0,0.0,0.0,0.0,0.0,0.0,0.0,0.0,0.0,0.0,0.0,0.0,0.0,0.0,0.0,0.0,0.0,0.0,0.0,0.3566545537796358,0.0,0.0,0.0,0.0,0.0,0.0,0.0,0.0,0.0,0.0,0.0,0.0,0.0,0.0,0.0,0.0,0.0,0.0,0.0,0.0,0.0,0.0,0.0,0.0,0.0,0.0,0.0,0.0,0.0,0.0,0.0,0.0,0.0,0.0
0.0,0.0,0.0,0.0,0.14251896673958106,0.0,0.0,0.0,0.0,0.0,0.0,0.21371318027208075,0.0,0.0,0.0,0.0,0.0,0.0,0.0,0.0,0.0,0.21653253758320765,0.5164248808552739,0.0,0.0,0.0,0.0,0.0,0.0,0.0,0.0,0.0,0.0,0.0,0.0,0.0,0.0,0.0,0.0,0.26353964731160734,0.0,0.23626026472442455,0.22812049238605514,0.0,0.0,0.0,0.0,0.0,0.0,0.0,0.0,0.0,0.0,0.0,0.45027823159508085,0.0,0.0,0.0,0.25821244042763697,0.0,0.0,0.0,0.0,0.0,0.0,0.0,0.0,0.0,0.0,0.0,0.0,0.0,0.41677194677622076,0.0,0.0,0.0,0.0
0.0,0.0,0.0,0.0,0.0,0.0,0.0,0.0,0.0,0.0,0.0,0.0,0.0,0.0,0.0,0.0,0.0,0.0,0.0,0.0,0.0,0.0,0.0,0.0,0.0,0.49762852291308735,0.0,0.0,0.0,0.0,0.0,0.0,0.0,0.0,0.0,0.0,0.0,0.0,0.0,0.0,0.0,0.0,0.0,0.0,0.0,0.0,0.0,0.0,0.0,0.0,0.0,0.0,0.0,0.8673902542589114,0.0,0.0,0.0,0.0,0.0,0.0,0.0,0.0,0.0,0.0,0.0,0.0,0.0,0.0,0.0,0.0,0.0,0.0,0.0,0.0,0.0,0.0,0.0
0.0,0.0,0.0,0.0,0.0,0.0,0.6366310961864562,0.0,0.0,0.0,0.21459830601177032,0.0,0.0,0.0,0.0,0.0,0.0,0.0,0.0,0.0,0.0,0.0,0.0,0.0,0.0,0.0,0.0,0.0,0.0,0.0,0.0,0.0,0.0,0.1815333274694404,0.2076442280478394,0.0,0.0,0.0,0.0,0.0,0.0,0.0,0.12313238378664464,0.0,0.0,0.0,0.0,0.0,0.0,0.0,0.17399323143900966,0.0,0.0,0.0,0.16203083859649603,0.0,0.0,0.0,0.0,0.0,0.0,0.0,0.0,0.0,0.0,0.0,0.0,0.0,0.0,0.0,0.0,0.0,0.2249606020274121,0.0,0.5918457960965928,0.0,0.0
0.0,0.0,0.0,0.0,0.0,0.0,0.0,0.0,0.0,0.0,0.0,0.0,0.0,0.0,0.0,0.0,0.0,0.0,0.4943582714228708,0.0,0.0,0.0,0.0,0.0,0.0,0.0,0.0,0.0,0.0,0.0,0.0,0.0,0.0,0.0,0.0,0.0,0.0,0.0,0.0,0.5854721937243486,0.0,0.0,0.0,0.0,0.0,0.0,0.0,0.0,0.0,0.0,0.35805907433177236,0.0,0.0,0.5335034293611093,0.0,0.0,0.0,0.0,0.0,0.0,0.0,0.0,0.0,0.0,0.0,0.0,0.0,0.0,0.0,0.0,0.0,0.0,0.0,0.0,0.0,0.0,0.0
0.0,0.0,0.0,0.0,0.0,0.0,0.0,0.0,0.0,0.0,0.0,0.0,0.0,0.0,0.0,0.0,0.0,0.0,0.0,0.0,0.0,0.0,0.0,0.0,0.0,0.0,0.0,0.0,0.0,0.0,0.0,0.0,0.0,0.0,0.0,0.4793812967463592,0.0,0.0,0.0,0.0,0.0,0.0,0.2558492118156255,0.0,0.0,0.6180838606953645,0.0,0.0,0.0,0.0,0.0,0.0,0.0,0.0,0.0,0.0,0.0,0.0,0.0,0.0,0.0,0.0,0.0,0.0,0.0,0.0,0.0,0.0,0.5680731416736894,0.0,0.0,0.0,0.0,0.0,0.0,0.0,0.0
0.0,0.0,0.0,0.0,0.0,0.0,0.0,0.0,0.0,0.0,0.0,0.0,0.0,0.0,0.0,0.0,0.0,0.0,0.0,0.0,0.0,0.0,0.0,0.0,0.0,0.0,0.0,0.0,0.0,0.0,0.0,0.0,0.0,0.0,0.5671643994179443,0.0,0.0,0.0,0.0,0.0,0.0,0.0,0.6726534626636717,0.0,0.0,0.0,0.0,0.0,0.0,0.0,0.47524926428081427,0.0,0.0,0.0,0.0,0.0,0.0,0.0,0.0,0.0,0.0,0.0,0.0,0.0,0.0,0.0,0.0,0.0,0.0,0.0,0.0,0.0,0.0,0.0,0.0,0.0,0.0
0.0,0.0,0.0,0.0,0.0,0.0,0.0,0.0,0.0,0.0,0.0,0.0,0.0,0.0,0.0,0.0,0.0,0.0,0.0,0.0,0.47423075290462036,0.0,0.0,0.0,0.0,0.0,0.0,0.0,0.0,0.0,0.0,0.0,0.0,0.0,0.0,0.0,0.0,0.0,0.0,0.0,0.0,0.0,0.2396351856103595,0.0,0.0,0.5789138048517353,0.0,0.0,0.0,0.0,0.0,0.0,0.0,0.0,0.31533775995884666,0.0,0.0,0.0,0.0,0.0,0.0,0.0,0.0,0.0,0.0,0.0,0.0,0.0,0.532072433521254,0.0,0.0,0.0,0.0,0.0,0.0,0.0,0.0
0.0,0.0,0.0,0.0,0.6363996457345227,0.0,0.2194450976914763,0.0,0.0,0.0,0.0,0.0,0.0,0.0,0.0,0.0,0.0,0.0,0.2484155424747365,0.0,0.0,0.0,0.0,0.0,0.0,0.0,0.0,0.0,0.0,0.0,0.0,0.0,0.0,0.0,0.21472329037325474,0.0,0.0,0.0,0.0,0.0,0.0,0.0,0.5093209832363718,0.0,0.0,0.3076060674741834,0.0,0.0,0.0,0.0,0.0,0.0,0.0,0.0,0.16755483710031982,0.0,0.0,0.0,0.0,0.0,0.0,0.0,0.0,0.0,0.0,0.0,0.0,0.0,0.0,0.2385770036883411,0.0,0.0,0.0,0.0,0.0,0.0,0.0
0.0,0.0,0.0,0.0,0.0,0.0,0.0,0.0,0.0,0.0,0.31590225226465735,0.0,0.0,0.1820097786288842,0.0,0.0,0.0,0.0,0.0,0.0,0.0,0.0,0.0,0.0,0.0,0.0,0.0,0.0,0.0,0.0,0.0,0.6975312068734814,0.0,0.0,0.0,0.0,0.0,0.16163740394970363,0.0,0.0,0.20122822553713327,0.0,0.3625172825249025,0.0,0.0,0.0,0.0,0.0,0.0,0.0,0.0,0.0,0.0,0.0,0.0,0.0,0.0,0.0,0.20516892463027214,0.0,0.0,0.20940178539351442,0.0,0.0,0.1820097786288842,0.0,0.0,0.0,0.0,0.0,0.15619352647327708,0.19754194771975828,0.0,0.0,0.0,0.0,0.0
0.0,0.0,0.0,0.0,0.0,0.0,0.0,0.6293612252648807,0.0,0.0,0.0,0.0,0.0,0.0,0.0,0.0,0.0,0.3023977143841735,0.06642713581394531,0.0,0.0,0.0,0.0,0.0,0.0,0.0,0.0,0.0,0.0,0.0,0.0803877468648574,0.0,0.05681321261911638,0.0,0.0,0.0,0.0,0.06072555351381609,0.0,0.0,0.07559942859604338,0.0,0.20429116746856957,0.0,0.0,0.0,0.0,0.0,0.0,0.0,0.04811255345560262,0.0,0.0,0.07168708770134365,0.26882829816846143,0.0,0.0,0.0,0.0,0.0,0.5833089565683973,0.0,0.0,0.0,0.0,0.0,0.0,0.0,0.0,0.0,0.11736068655638698,0.0,0.0,0.0,0.0,0.11607948897764479,0.0
0.0,0.0,0.0,0.0,0.0,0.0,0.0,0.0,0.0,0.0,0.0,0.0,0.0,0.0,0.0,0.0,0.0,0.0,0.0,0.2472718748282133,0.0,0.0,0.0,0.0,0.0,0.0,0.0,0.0,0.0,0.0,0.0,0.0,0.0,0.2275326775482233,0.0,0.0,0.0,0.0,0.0,0.0,0.0,0.0,0.15433331921152085,0.0,0.0,0.0,0.0,0.0,0.0,0.36437721565709086,0.21808197082296124,0.0,0.0,0.0,0.0,0.0,0.0,0.3363955976140778,0.0,0.0,0.0,0.7131836002633533,0.0,0.0,0.0,0.0,0.0,0.0,0.0,0.0,0.0,0.0,0.0,0.0,0.2472718748282133,0.0,0.0
0.0,0.0,0.0,0.0,0.0,0.0,0.0,0.0,0.0,0.0,0.24429555946261083,0.0,0.0,0.0,0.0,0.0,0.0,0.0,0.0,0.0,0.0,0.0,0.0,0.0,0.0,0.0,0.0,0.0,0.0,0.0,0.0,0.0,0.0,0.0,0.0,0.0,0.0,0.0,0.0,0.0,0.0,0.0,0.2803441941752643,0.29512375522789025,0.0,0.0,0.0,0.0,0.0,0.0,0.0,0.0,0.0,0.0,0.0,0.0,0.0,0.0,0.0,0.0,0.0,0.0,0.0,0.0,0.0,0.0,0.0,0.0,0.0,0.0,0.24157716294000817,0.0,0.5121836900829786,0.0,0.6737485610211723,0.0,0.0
0.0,0.0,0.0,0.0,0.0,0.0,0.0,0.0,0.0,0.0,0.0,0.0,0.0,0.0,0.0,0.0,0.0,0.0,0.0,0.0,0.0,0.6984269068936712,0.0,0.0,0.0,0.0,0.0,0.0,0.0,0.0,0.0,0.0,0.6138794699821511,0.0,0.0,0.0,0.0,0.0,0.0,0.0,0.0,0.0,0.36790195984986607,0.0,0.0,0.0,0.0,0.0,0.0,0.0,0.0,0.0,0.0,0.0,0.0,0.0,0.0,0.0,0.0,0.0,0.0,0.0,0.0,0.0,0.0,0.0,0.0,0.0,0.0,0.0,0.0,0.0,0.0,0.0,0.0,0.0,0.0
0.0,0.0,0.0,0.0,0.12647793787033182,0.0,0.0,0.0,0.0,0.0,0.6174452617259059,0.1896589833261565,0.0,0.7114927139426325,0.0,0.0,0.0,0.0,0.0,0.0,0.0,0.0,0.0,0.0,0.0,0.12226713622894267,0.0,0.0,0.0,0.0,0.0,0.0,0.0,0.0,0.0,0.0,0.0,0.0,0.0,0.11693864999720605,0.0,0.0,0.0,0.10655872553315651,0.0,0.0,0.0,0.0,0.0,0.0,0.0,0.0,0.0,0.0,0.06659962939541976,0.0,0.0,0.0,0.0,0.0,0.0,0.0,0.0,0.0,0.0,0.0,0.0,0.0,0.0,0.0,0.08722494934684348,0.0,0.09246568649136251,0.0,0.0,0.0,0.0
0.0,0.0,0.0,0.0,0.0,0.0,0.0,0.0,0.0,0.0,0.0,0.0,0.0,0.0,0.3725904045561592,0.0,0.0,0.0,0.36195356320322686,0.0,0.0,0.0,0.20999963080613815,0.0,0.0,0.0,0.0,0.3002094752071571,0.42866430871077355,0.0,0.0,0.0,0.0,0.0,0.0,0.1738091661316371,0.0,0.0,0.21901163627700623,0.0,0.20596614787899148,0.0,0.0,0.0,0.0,0.0,0.0,0.0,0.0,0.0,0.0,0.0,0.0,0.0,0.12206778552627139,0.0,0.0,0.0,0.0,0.0,0.0,0.0,0.42866430871077355,0.0,0.0,0.0,0.0,0.0,0.0,0.0,0.0,0.0,0.0,0.17610209978528563,0.0,0.15812583267156227,0.19214631287369716
0.0,0.542725282488964,0.0,0.0,0.0,0.0,0.0,0.0,0.0,0.0,0.0,0.0,0.0,0.0,0.0,0.0,0.0,0.0,0.0,0.0,0.0,0.0,0.0,0.0,0.0,0.0,0.0,0.36352598457664687,0.0,0.0,0.0,0.0,0.0,0.0,0.0,0.0,0.0,0.0,0.0,0.0,0.0,0.46534292444956077,0.0,0.0,0.0,0.542725282488964,0.0,0.0,0.0,0.0,0.0,0.0,0.0,0.0,0.0,0.0,0.0,0.0,0.0,0.0,0.0,0.0,0.0,0.0,0.0,0.0,0.0,0.0,0.2494060077401068,0.0,0.0,0.0,0.0,0.0,0.0,0.0,0.0
0.0,0.0,0.46204547441871807,0.0,0.0,0.0,0.0,0.0,0.0,0.0,0.0,0.0,0.0,0.0,0.0,0.0,0.0,0.0,0.0,0.6271020569130601,0.0,0.0,0.0,0.0,0.0,0.0,0.0,0.0,0.0,0.0,0.0,0.0,0.0,0.0,0.0,0.0,0.0,0.0,0.0,0.0,0.0,0.0,0.0,0.0,0.0,0.0,0.0,0.0,0.0,0.0,0.0,0.0,0.0,0.0,0.0,0.0,0.0,0.0,0.0,0.0,0.0,0.0,0.0,0.0,0.0,0.0,0.0,0.0,0.0,0.0,0.0,0.0,0.0,0.0,0.6271020569130601,0.0,0.0
0.0,0.0,0.0,0.0,0.0,0.0,0.0,0.0,0.0,0.0,0.0,0.0,0.0,0.0,0.0,0.0,0.0,0.0,0.0,0.1795370900533431,0.0,0.0,0.0,0.0,0.0,0.0,0.0,0.3626501642379739,0.0,0.0,0.0,0.0,0.0,0.0,0.0,0.0,0.0,0.39970749743739203,0.0,0.0,0.0,0.0,0.0,0.0,0.13535443213222742,0.0,0.0,0.0,0.0,0.0,0.0,0.0,0.0,0.0,0.07372835657289196,0.3481663522109886,0.0,0.0,0.0,0.0,0.11998293437216483,0.0,0.0,0.0,0.0,0.0,0.0,0.0,0.0,0.0,0.0,0.0,0.0,0.0,0.1795370900533431,0.0,0.6963327044219773
0.0,0.0,0.0,0.0,0.0,0.0,0.3033177342830184,0.4066447344810183,0.0,0.0,0.0,0.0,0.0,0.0,0.0,0.0,0.3176497003875729,0.0,0.0,0.0,0.0,0.0,0.0,0.0,0.0,0.0,0.0,0.0,0.0,0.0,0.0,0.0,0.0,0.0,0.0,0.32976191754585615,0.0,0.0,0.0,0.0,0.0,0.0,0.0,0.0,0.0,0.0,0.0,0.0,0.0,0.0,0.4973860031983528,0.0,0.0,0.0,0.0,0.0,0.39077220946258656,0.0,0.0,0.0,0.0,0.0,0.0,0.0,0.0,0.0,0.0,0.0,0.0,0.0,0.0,0.0,0.0,0.0,0.0,0.0,0.36455233054054115
0.0,0.0,0.0,0.0,0.35039392480739345,0.0,0.0,0.0,0.0,0.0,0.0,0.0,0.0,0.0,0.14079402119342296,0.0,0.0,0.0,0.0,0.0,0.0,0.0,0.0,0.16198316174401592,0.0,0.0,0.0,0.6806568075492991,0.0,0.0,0.331039431853574,0.0,0.0,0.1033575715867081,0.0,0.0,0.0,0.12503493080856323,0.0,0.0,0.0,0.0,0.0,0.0,0.0,0.0,0.1429497336147875,0.0,0.0,0.0,0.0,0.0,0.0,0.0,0.0922536607076236,0.14521604269011598,0.15566048848813835,0.0,0.0,0.0,0.0,0.0,0.0,0.0,0.14079402119342296,0.0,0.0,0.16936416919661415,0.0,0.1313576040644408,0.0,0.0,0.0,0.2661810123522777,0.0,0.0,0.14521604269011598
0.0,0.0,0.0,0.0,0.0,0.0,0.0,0.0,0.0,0.0,0.0,0.0,0.5504573810686704,0.0,0.0,0.0,0.0,0.0,0.0,0.0,0.0,0.0,0.0,0.0,0.0,0.0,0.0,0.0,0.0,0.0,0.0,0.0,0.0,0.0,0.0,0.0,0.0,0.0,0.0,0.0,0.17996156455934467,0.0,0.648409806018437,0.0,0.0,0.0,0.0,0.0,0.0,0.0,0.0,0.0,0.0,0.0,0.2133118465516829,0.0,0.0,0.0,0.0,0.0,0.0,0.0,0.0,0.0,0.0,0.0,0.0,0.0,0.0,0.1518646136460317,0.41905897629135563,0.0,0.0,0.0,0.0,0.0,0.0
0.0,0.0,0.0,0.0,0.0,0.0,0.0,0.0,0.0,0.0,0.4792282187471299,0.0,0.0,0.18407428538750373,0.0,0.0,0.0,0.0,0.0,0.0,0.0,0.0,0.0,0.0,0.0,0.0,0.0,0.0,0.0,0.0,0.0,0.0,0.0,0.13512982275769964,0.15456626132459,0.0,0.0,0.0,0.0,0.0,0.0,0.0,0.09165731399719618,0.0,0.0,0.0,0.0,0.0,0.0,0.0,0.0,0.0,0.0,0.19297885430110423,0.0,0.0,0.0,0.19978263329858015,0.0,0.42355399029161367,0.0,0.0,0.0,0.3737853331900606,0.36814857077500746,0.3925612608615988,0.0,0.0,0.0,0.0,0.0,0.0,0.0,0.0,0.0,0.0,0.0
0.0,0.0,0.059298346691244855,0.0,0.0,0.728107718106843,0.04328579261614748,0.0,0.0,0.0,0.0,0.18823833046668248,0.0,0.0,0.15132069253565453,0.0,0.0,0.0,0.0,0.0,0.3976309523797533,0.047680404309277405,0.0,0.1160627134895434,0.0,0.0,0.20485010660748573,0.0,0.0,0.0,0.0,0.0,0.0,0.0,0.0,0.0,0.0,0.044794450220549745,0.0,0.0,0.0,0.052024444316820705,0.30139241232562164,0.0,0.0,0.0,0.0,0.0,0.0,0.0,0.0,0.0,0.0,0.0,0.06610076057159082,0.0,0.0,0.0,0.0,0.0,0.0,0.0,0.0,0.05121252665187143,0.0,0.0,0.052880270259923166,0.0,0.0,0.2352979130833531,0.04328579261614748,0.0,0.0,0.0,0.16096301009508143,0.04281325232756371,0.0
0.0,0.0,0.0,0.0,0.33816877217408897,0.0,0.0,0.0,0.0,0.0,0.0,0.0,0.0,0.0,0.0,0.0,0.0,0.0,0.0,0.43362085895018504,0.0,0.0,0.0,0.0,0.0,0.0,0.0,0.43793924605933476,0.0,0.0,0.0,0.0,0.0,0.0,0.0,0.0,0.0,0.0,0.0,0.0,0.0,0.0,0.5412839328178787,0.0,0.0,0.0,0.0,0.0,0.0,0.0,0.0,0.0,0.0,0.0,0.0,0.0,0.0,0.0,0.0,0.0,0.0,0.0,0.0,0.0,0.0,0.0,0.0,0.0,0.0,0.0,0.0,0.0,0.0,0.0,0.0,0.4613412544351137,0.0
0.0,0.0,0.0,0.0,0.18845254260925895,0.0,0.0,0.0,0.0,0.0,0.0,0.2825925077395276,0.0,0.0,0.0,0.0,0.0,0.0,0.0,0.0,0.0,0.0,0.0,0.0,0.0,0.0,0.0,0.2440519977574297,0.0,0.0,0.0,0.5804015493429907,0.503320529378795,0.0,0.0,0.0,0.3287412846535932,0.0,0.0,0.0,0.0,0.0,0.0,0.0,0.0,0.0,0.0,0.0,0.35608621166033516,0.0,0.0,0.0,0.0,0.0,0.0,0.0,0.0,0.0,0.0,0.0,0.0,0.0,0.0,0.0,0.0,0.0,0.0,0.0,0.0,0.0,0.0,0.0,0.0,0.0,0.0,0.0,0.0
0.0,0.0,0.0,0.0,0.0,0.0,0.5357915570610553,0.0,0.0,0.0,0.0,0.0,0.0,0.0,0.0,0.0,0.0,0.0,0.0,0.0,0.0,0.0,0.0,0.0,0.0,0.0,0.0,0.0,0.0,0.0,0.0,0.0,0.3458289204447462,0.30555850873749746,0.0,0.3883356873917003,0.0,0.0,0.0,0.0,0.0,0.0,0.0,0.0,0.0,0.0,0.0,0.0,0.0,0.0,0.14643347607306967,0.0,0.0,0.0,0.1363658731462575,0.0,0.0,0.0,0.0,0.0,0.0,0.0,0.0,0.0,0.0,0.0,0.0,0.0,0.0,0.0,0.0,0.0,0.0,0.0,0.0,0.3532949687957733,0.4293057273692651
0.0,0.0,0.0,0.0,0.0,0.0,0.0,0.0,0.0,0.0,0.17454529253526083,0.09382555566079359,0.11336186973030404,0.0,0.0,0.0,0.0,0.0,0.0,0.0,0.0,0.09506332567566132,0.0,0.0,0.0,0.0,0.0,0.0,0.0,0.0,0.0,0.0,0.0,0.0,0.16888913617929796,0.0,0.10914774049741074,0.0,0.0,0.3471019496717218,0.0,0.0,0.2503768360061645,0.0,0.24194544955471942,0.0,0.7147387316057523,0.11570064989057392,0.0,0.0,0.21227823307476312,0.0,0.0,0.0,0.13178911170439447,0.0,0.0,0.0,0.0,0.23140129978114785,0.0,0.0,0.0,0.0,0.0,0.0,0.0,0.0,0.0,0.0,0.08630152072341613,0.0,0.0,0.09506332567566132,0.0,0.0,0.0
0.0,0.0,0.0,0.0,0.0,0.0,0.0,0.0,0.0,0.0,0.0,0.0,0.0,0.0,0.0,0.0,0.0,0.0,0.0,0.0,0.2415733414522859,0.0,0.0,0.0,0.0,0.0,0.0,0.0,0.0,0.0,0.0,0.0,0.0,0.17996744856804658,0.0,0.22872144237306383,0.0,0.0,0.0,0.0,0.0,0.0,0.2441405251045636,0.0,0.0,0.0,0.0,0.0,0.0,0.0,0.6899695690414641,0.0,0.0,0.0,0.0,0.0,0.2710379174549865,0.0,0.0,0.0,0.0,0.0,0.0,0.4978115959420173,0.0,0.0,0.0,0.0,0.0,0.0,0.0,0.0,0.0,0.0,0.0,0.0,0.0
0.0,0.0,0.0,0.0,0.0,0.27357216613487245,0.0,0.0,0.0,0.0,0.0,0.0,0.0,0.0,0.0,0.0,0.0,0.0,0.0,0.0,0.2241030240298295,0.0,0.0,0.0,0.0,0.0,0.2309052053861592,0.0,0.0,0.0,0.0,0.0,0.18895552591115558,0.0,0.1909660500176857,0.0,0.0,0.0,0.0,0.0,0.0,0.0,0.3397268276907723,0.0,0.0,0.0,0.0,0.0,0.26736226109049466,0.0,0.0,0.0,0.4936614241194957,0.0,0.2980327410853642,0.0,0.0,0.0,0.0,0.0,0.0,0.0,0.0,0.0,0.0,0.24250400033702402,0.0,0.0,0.0,0.0,0.0,0.0,0.41378311338254875,0.0,0.0,0.0,0.0
0.0,0.0,0.0,0.0,0.23521921620184869,0.0,0.0,0.1449855896303704,0.4349567688911112,0.0,0.0,0.0,0.0,0.0,0.12601991441195837,0.0,0.11325519600144368,0.0,0.0,0.0,0.0,0.11912476151469364,0.0,0.0,0.0,0.0,0.0,0.0,0.0,0.0,0.14815103835928903,0.0,0.0,0.0,0.0,0.0,0.0,0.33574347430605966,0.0,0.0,0.0,0.0,0.0,0.0,0.0,0.0,0.0,0.0,0.4444531150778671,0.0,0.0,0.1420548418698933,0.0,0.0,0.0,0.38993374397434805,0.0,0.0,0.0,0.0,0.0,0.0,0.0,0.0,0.0,0.0,0.0,0.0,0.0,0.0,0.43258104012089915,0.0,0.0,0.0,0.0,0.0,0.0
0.0,0.0,0.0,0.0,0.24452077953774817,0.0,0.33726534395741103,0.0,0.0,0.0,0.0,0.0,0.0,0.0,0.0,0.0,0.0,0.0,0.0,0.0,0.19363619651099254,0.0,0.22150843731234784,0.0,0.0,0.0,0.0,0.0,0.0,0.0,0.0,0.3765410573008956,0.1632670041181608,0.0,0.0,0.0,0.0,0.0,0.0,0.0,0.0,0.0,0.19569395534805545,0.0,0.0,0.0,0.0,0.0,0.23101433616197556,0.0,0.0,0.0,0.0,0.0,0.2575151614724922,0.0,0.0,0.0,0.22150843731234784,0.0,0.419071116663838,0.0,0.0,0.0,0.0,0.0,0.0,0.0,0.4345078072831146,0.0,0.0,0.0,0.0,0.0,0.0,0.0,0.0
0.0,0.0,0.0,0.07909242945126906,0.0,0.0,0.0,0.0,0.07909242945126906,0.0,0.0,0.0641387161510837,0.0,0.0,0.4812240203212893,0.0,0.37069733437249663,0.0,0.06678369549446742,0.0,0.0,0.0,0.0,0.0,0.0,0.0,0.0,0.0,0.0,0.0,0.0,0.0,0.0,0.05046698280834242,0.0,0.0,0.0,0.0,0.0,0.5536470061588834,0.0,0.0,0.102693868652139,0.0,0.0,0.0,0.0,0.0,0.0,0.0,0.33859564409158127,0.07749365014447068,0.0,0.0,0.0,0.0,0.0,0.0,0.0,0.0,0.0,0.0,0.0,0.0,0.0,0.0,0.2162156433783789,0.0,0.0,0.0,0.1179906412938847,0.0,0.0,0.32492425005893627,0.0,0.05835128332756568,0.0
0.0,0.0,0.0,0.3191015568221126,0.0,0.0,0.0,0.0,0.0,0.0,0.0,0.0,0.0,0.0,0.0,0.0,0.0,0.0,0.0,0.8850998838096522,0.0,0.0,0.0,0.0,0.0,0.0,0.0,0.0,0.0,0.0,0.0,0.0,0.0,0.20361105220796155,0.23289750894280145,0.0,0.0,0.0,0.0,0.0,0.0,0.0,0.13810750110275904,0.0,0.0,0.0,0.0,0.0,0.0,0.0,0.0,0.0,0.0,0.0,0.0,0.0,0.0,0.0,0.0,0.0,0.0,0.0,0.0,0.0,0.0,0.0,0.0,0.0,0.0,0.0,0.0,0.0,0.0,0.0,0.0,0.0,0.0
0.0,0.0,0.0,0.0,0.0,0.8889329061996633,0.0,0.0,0.0,0.0,0.0,0.0,0.0,0.0,0.0,0.0,0.0,0.0,0.0,0.05895500602294263,0.0,0.0,0.0,0.0,0.0,0.0,0.0,0.0,0.0,0.0,0.0,0.0,0.0,0.0,0.0,0.0,0.0,0.0,0.08687547242730662,0.0,0.0,0.0,0.33116785291409984,0.0,0.0,0.0,0.0,0.0,0.0,0.0,0.0,0.0,0.0,0.0,0.048420699082568984,0.0,0.0,0.0,0.0,0.0,0.0,0.0,0.08501925962708103,0.0,0.0,0.0,0.0,0.0,0.0,0.27577992980763827,0.0,0.0,0.0,0.0,0.05895500602294263,0.0,0.0
0.0,0.0,0.0,0.0,0.0,0.0,0.18511873259470868,0.0,0.0,0.0,0.0,0.0,0.0,0.0,0.0,0.0,0.0,0.0,0.0,0.0,0.0,0.0,0.0,0.0,0.0,0.2594892569863732,0.0,0.0,0.0,0.0,0.0,0.0,0.3584570003220442,0.3167160985959826,0.0,0.0,0.0,0.0,0.0,0.0,0.0,0.0,0.42965122434936137,0.0,0.0,0.0,0.21901869998865586,0.0,0.0,0.0,0.15178055239677052,0.0,0.0,0.22615107678843502,0.0,0.0,0.2384933288518173,0.0,0.2431637991211712,0.24818053596957923,0.0,0.0,0.0,0.0,0.0,0.0,0.22615107678843502,0.0,0.0,0.0,0.0,0.0,0.0,0.0,0.0,0.36619567438298384,0.0
0.0,0.0,0.0,0.0,0.0,0.0,0.2616885795740323,0.0,0.0,0.0,0.0,0.0,0.0,0.0,0.0,0.0,0.2740535402357275,0.0,0.0,0.0,0.3004897012215913,0.0,0.0,0.0,0.0,0.0,0.0,0.0,0.0,0.0,0.0,0.0,0.0,0.0,0.0,0.0,0.0,0.0,0.0,0.0,0.0,0.0,0.15184149253331972,0.0,0.0,0.0,0.0,0.0,0.0,0.358494073432575,0.2145608745638537,0.0,0.0,0.639385903570032,0.3996187454885594,0.0,0.0,0.0,0.0,0.0,0.0,0.0,0.0,0.0,0.0,0.0,0.0,0.0,0.0,0.0,0.0,0.0,0.0,0.0,0.0,0.0,0.0
0.0,0.0,0.0,0.0,0.0,0.0,0.0,0.0,0.0,0.0,0.0,0.0,0.0,0.0,0.0,0.0,0.0,0.0,0.0,0.6960379519952026,0.0,0.0,0.0,0.0,0.0,0.0,0.0,0.0,0.0,0.0,0.0,0.0,0.0,0.0,0.0,0.0,0.0,0.0,0.0,0.0,0.0,0.0,0.4344280865069583,0.0,0.0,0.0,0.0,0.0,0.0,0.0,0.0,0.0,0.0,0.0,0.5716672170382232,0.0,0.0,0.0,0.0,0.0,0.0,0.0,0.0,0.0,0.0,0.0,0.0,0.0,0.0,0.0,0.0,0.0,0.0,0.0,0.0,0.0,0.0
0.0,0.0,0.0,0.0,0.0,0.0,0.0,0.0,0.0,0.0,0.0,0.0,0.0,0.0,0.0,0.0,0.0,0.0,0.0,0.0,0.0,0.0,0.0,0.4266711347572181,0.0,0.0,0.0,0.0,0.0,0.892226099062453,0.0,0.0,0.0,0.0,0.0,0.0,0.0,0.0,0.0,0.0,0.0,0.0,0.0,0.0,0.0,0.0,0.0,0.0,0.0,0.0,0.0,0.0,0.0,0.0,0.0,0.0,0.0,0.0,0.0,0.0,0.0,0.0,0.0,0.0,0.0,0.0,0.0,0.0,0.0,0.0,0.0,0.0,0.0,0.0,0.1479335354704452,0.0,0.0
0.0,0.0,0.0,0.0,0.0,0.0,0.0,0.0,0.0,0.0,0.0,0.0,0.42735714073584713,0.0,0.0,0.0,0.0,0.0,0.09207363797253486,0.0,0.0,0.3583743911973522,0.0,0.0,0.0,0.0,0.0,0.0,0.0,0.0,0.0,0.0,0.0,0.0,0.0,0.0,0.0,0.42085380932073146,0.0,0.0,0.0,0.0,0.0,0.0,0.0,0.0,0.0,0.0,0.0,0.0,0.20006422561465012,0.0,0.0,0.0,0.0,0.0,0.0,0.0,0.0,0.0,0.0,0.0,0.0,0.6736142881175226,0.0,0.0,0.0,0.0,0.0,0.0,0.0,0.0,0.0,0.0,0.0,0.0,0.09775624194840077
0.0,0.0,0.0,0.0,0.0,0.0,0.0,0.0,0.0,0.0,0.0,0.0,0.0,0.0,0.0,0.0,0.0,0.0,0.0,0.0,0.0,0.0,0.0,0.0,0.0,0.0,0.0,0.0,0.0,0.0,0.0,0.0,0.0,0.0,0.0,0.0,0.0,0.0,0.0,0.0,0.0,0.0,1.0,0.0,0.0,0.0,0.0,0.0,0.0,0.0,0.0,0.0,0.0,0.0,0.0,0.0,0.0,0.0,0.0,0.0,0.0,0.0,0.0,0.0,0.0,0.0,0.0,0.0,0.0,0.0,0.0,0.0,0.0,0.0,0.0,0.0,0.0
0.0,0.0,0.0,0.0,0.0,0.0,0.37703062807341514,0.0,0.0,0.0,0.0,0.0,0.0,0.4393476650499476,0.0,0.0,0.0,0.0,0.0,0.0,0.0,0.0,0.0,0.0,0.0,0.0,0.0,0.0,0.0,0.0,0.0,0.0,0.0,0.2150181632095908,0.24594536517508508,0.0,0.0,0.0,0.0,0.0,0.0,0.0,0.1458448394159452,0.0,0.0,0.0,0.0,0.0,0.0,0.0,0.20608725437049583,0.0,0.31789351881310207,0.0,0.5757549941488269,0.0,0.0,0.0,0.0,0.0,0.0,0.0,0.0,0.0,0.0,0.0,0.0,0.0,0.0,0.0,0.0,0.0,0.0,0.0,0.0,0.2486097853256562,0.0
0.782044009942115,0.0,0.0,0.0,0.0,0.0,0.0,0.0,0.0,0.0,0.4013757030635407,0.0,0.0,0.23125603675786457,0.0,0.0,0.0,0.0,0.0,0.0,0.0,0.0,0.0,0.0,0.0,0.0,0.0,0.0,0.0,0.0,0.0,0.0,0.0,0.0,0.0,0.0,0.0,0.0,0.0,0.2660594795780941,0.0,0.0,0.0,0.24244301657778644,0.0,0.0,0.0,0.0,0.0,0.0,0.0,0.0,0.0,0.0,0.0,0.0,0.0,0.0,0.0,0.0,0.0,0.0,0.0,0.0,0.0,0.0,0.0,0.0,0.0,0.0,0.0,0.0,0.21037845423485654,0.0,0.0,0.0,0.0
0.0,0.0,0.0,0.0,0.0,0.0,0.0,0.0,0.0,0.0,0.0,0.0,0.0,0.0,0.0,0.0,0.0,0.0,0.6265588510344084,0.0,0.0,0.0,0.0,0.0,0.0,0.0,0.0,0.0,0.0,0.0,0.0,0.0,0.0,0.0,0.0,0.0,0.0,0.0,0.0,0.0,0.0,0.0,0.0,0.0,0.0,0.0,0.0,0.0,0.0,0.0,0.0,0.0,0.0,0.0,0.42261029713754916,0.0,0.0,0.0,0.0,0.0,0.0,0.0,0.0,0.6548469614679101,0.0,0.0,0.0,0.0,0.0,0.0,0.0,0.0,0.0,0.0,0.0,0.0,0.0
0.0,0.0,0.0,0.0,0.0,0.0,0.0,0.5924840978141328,0.0,0.0,0.0,0.0,0.0,0.0,0.0,0.0,0.0,0.0,0.0,0.0,0.0,0.0,0.0,0.0,0.0,0.0,0.0,0.0,0.0,0.0,0.0,0.0,0.0,0.0,0.0,0.0,0.0,0.0,0.0,0.0,0.0,0.0,0.0,0.0,0.6194815307227642,0.0,0.0,0.0,0.0,0.0,0.0,0.0,0.0,0.0,0.0,0.0,0.0,0.0,0.0,0.0,0.0,0.0,0.0,0.0,0.514980802487582,0.0,0.0,0.0,0.0,0.0,0.0,0.0,0.0,0.0,0.0,0.0,0.0
0.0,0.0,0.0,0.0,0.14925585683003967,0.14428671503733256,0.0,0.0,0.0,0.7956726851351865,0.10409192209026101,0.0,0.0,0.11994689851613374,0.0,0.0,0.0,0.0,0.0,0.0,0.0,0.0,0.0,0.0,0.0,0.0,0.24356683679409308,0.0,0.0,0.0,0.0,0.0,0.0,0.0,0.0,0.0,0.0,0.0,0.0,0.0,0.0,0.0,0.29862972215643996,0.0,0.0,0.0,0.0,0.0,0.0,0.0,0.0,0.0,0.0,0.0,0.0,0.0,0.0,0.0,0.0,0.0,0.12790082443837172,0.0,0.2759972007098207,0.0,0.2398937970322675,0.0,0.0,0.0,0.0,0.0,0.0,0.0,0.0,0.0,0.0,0.0,0.0
0.4901676758985844,0.0,0.0,0.0,0.0,0.0,0.0,0.0,0.0,0.0,0.0,0.0,0.0,0.0,0.2174191592174786,0.0,0.0,0.480752978622277,0.0,0.0,0.0,0.0,0.0,0.0,0.0,0.0,0.0,0.0,0.0,0.0,0.0,0.0,0.0,0.0,0.0,0.0,0.0,0.0,0.0,0.0,0.0,0.0,0.21652189064269683,0.0,0.0,0.0,0.0,0.0,0.0,0.0,0.0,0.0,0.0,0.0,0.0,0.0,0.0,0.0,0.2450838379492922,0.250140187312286,0.0,0.0,0.0,0.0,0.0,0.4636733430647684,0.0,0.0,0.0,0.2028471066486401,0.0,0.23597305873870814,0.0,0.0,0.0,0.0,0.0
0.0,0.0,0.0,0.0,0.0,0.0,0.19622963411029865,0.0,0.0,0.0,0.0,0.0,0.0,0.0,0.0,0.0,0.0,0.0,0.0,0.0,0.0,0.0,0.0,0.0,0.0,0.27506390758125104,0.0,0.0,0.0,0.0,0.0,0.0,0.18998586753364713,0.1678627637333645,0.19200735467849006,0.0,0.2481766370075261,0.0,0.0,0.0,0.0,0.0,0.22771953266799452,0.0,0.0,0.0,0.0,0.0,0.0,0.0,0.0,0.0,0.2481766370075261,0.0,0.0,0.0,0.0,0.0,0.0,0.2630764325360359,0.4876526649564297,0.0,0.0,0.0,0.0,0.0,0.0,0.5501278151625021,0.0,0.0,0.0,0.0,0.0,0.0,0.0,0.0,0.0
0.0,0.0,0.0,0.0,0.0,0.0,0.0,0.0,0.0,0.0,0.0,0.0,0.0,0.0,0.0,0.0,0.0,0.0,0.626895062908638,0.0,0.0,0.1525023485695798,0.0,0.0,0.0,0.1940666867089427,0.0,0.0,0.0,0.0,0.0,0.0,0.40212394448247984,0.0,0.0,0.0,0.0,0.0,0.0,0.0,0.0,0.0,0.1606636639186566,0.0,0.0,0.1940666867089427,0.0,0.0,0.0,0.0,0.0,0.5455716360405941,0.0,0.0,0.0,0.0,0.0,0.0,0.0,0.0,0.0,0.0,0.0,0.0,0.0,0.0,0.0,0.0,0.0,0.0,0.0,0.0,0.0,0.1525023485695798,0.0,0.0,0.0
0.0,0.0,0.0,0.0,0.0,0.0,0.0,0.0,0.0,0.0,0.0,0.40033329843220333,0.0,0.0,0.0,0.0,0.0,0.0,0.13894747043690905,0.0,0.0,0.13520486488513972,0.0,0.0,0.0,0.0,0.0,0.0,0.0,0.0,0.0,0.0,0.0,0.10499957437041015,0.0,0.13344443281073443,0.0,0.0,0.16814926526833043,0.0,0.15813340799936665,0.0,0.5697619525423238,0.0,0.0,0.0,0.0,0.0,0.0,0.0,0.30191506153332226,0.0,0.0,0.0,0.09371925984432104,0.0,0.0,0.0,0.0,0.0,0.0,0.0,0.0,0.43566216646231054,0.0,0.0,0.0,0.0,0.0,0.13344443281073443,0.0,0.0,0.0,0.27040972977027944,0.0,0.1214033328806177,0.0
0.0,0.0,0.0,0.0,0.2669366436166057,0.0,0.0,0.0,0.0,0.0,0.3723264051475829,0.0,0.16120979956712805,0.0,0.14301269056654434,0.0,0.1285267521120521,0.47434028273846585,0.0,0.0,0.0,0.13518778152493055,0.0,0.0,0.0,0.0,0.0,0.0,0.0,0.0,0.16812801932817936,0.1370198560217283,0.0,0.209972614998084,0.0,0.13342757188405438,0.0,0.12700526427303754,0.0,0.0,0.0,0.0,0.0,0.0,0.0,0.0,0.0,0.0,0.0,0.0,0.0,0.0,0.0,0.29986182065519124,0.0,0.0,0.0,0.155216965022312,0.0,0.0,0.0,0.0,0.0,0.0,0.14301269056654434,0.45748847002035076,0.0,0.0,0.0,0.0,0.1227277822010121,0.0,0.0,0.0,0.0,0.0,0.0
0.0,0.3022480673790806,0.0,0.0,0.1563286483451229,0.0,0.0,0.0,0.0,0.0,0.0,0.0,0.0,0.0,0.0,0.0,0.0,0.0,0.0,0.0,0.0,0.0,0.0,0.0,0.0,0.0,0.0,0.0,0.0,0.0,0.0,0.0,0.0,0.0,0.0,0.0,0.0,0.0,0.0,0.0,0.0,0.25915321088117776,0.12511235890342637,0.0,0.0,0.0,0.0,0.0,0.0,0.0,0.0,0.0,0.0,0.0,0.0,0.0,0.0,0.0,0.0,0.0,0.8037699865719448,0.2890758878771189,0.0,0.0,0.0,0.2679233288573149,0.0,0.0,0.0,0.0,0.0,0.0,0.0,0.0,0.0,0.0,0.0
0.0,0.0,0.0,0.0,0.39017667108278903,0.0,0.0,0.0,0.0,0.0,0.0,0.0,0.0,0.0,0.0,0.0,0.0,0.0,0.0,0.0,0.0,0.0,0.0,0.0,0.0,0.0,0.0,0.0,0.0,0.0,0.0,0.0,0.0,0.9207400096350505,0.0,0.0,0.0,0.0,0.0,0.0,0.0,0.0,0.0,0.0,0.0,0.0,0.0,0.0,0.0,0.0,0.0,0.0,0.0,0.0,0.0,0.0,0.0,0.0,0.0,0.0,0.0,0.0,0.0,0.0,0.0,0.0,0.0,0.0,0.0,0.0,0.0,0.0,0.0,0.0,0.0,0.0,0.0
0.0,0.0,0.0,0.0,0.0,0.0,0.0,0.0,0.0,0.0,0.0,0.0,0.0,0.0,0.0,0.0,0.2946210379026965,0.0,0.0,0.0,0.0,0.0,0.0,0.0,0.0,0.7887005038226463,0.0,0.0,0.0,0.0,0.0,0.0,0.0,0.0,0.0,0.0,0.0,0.0,0.0,0.0,0.0,0.0,0.3264741487256959,0.0,0.0,0.0,0.0,0.0,0.0,0.0,0.0,0.0,0.0,0.0,0.42960981076888133,0.0,0.0,0.0,0.0,0.0,0.0,0.0,0.0,0.0,0.0,0.0,0.0,0.0,0.0,0.0,0.0,0.0,0.0,0.0,0.0,0.0,0.0
0.0,0.0,0.0,0.0,0.3641070508163177,0.0,0.0,0.0,0.0,0.3235049319031317,0.0,0.0,0.0,0.0,0.0,0.0,0.0,0.0,0.0,0.0,0.0,0.0,0.0,0.0,0.0,0.0,0.0,0.0,0.0,0.0,0.0,0.0,0.0,0.21480521153818044,0.0,0.0,0.0,0.0,0.0,0.0,0.0,0.0,0.1457003962588807,0.0,0.0,0.0,0.0,0.0,0.0,0.0,0.20588314777494376,0.0,0.0,0.0,0.19172825753600667,0.0,0.0,0.0,0.0,0.0,0.0,0.3366451706429342,0.0,0.0,0.0,0.0,0.0,0.0,0.0,0.27299691251491637,0.25110481400196594,0.0,0.26619194601822854,0.27659835553417295,0.4668805197764139,0.0,0.0
0.0,0.0,0.0,0.0,0.0,0.0,0.3583002170426356,0.0,0.0,0.0,0.1811660318234272,0.0,0.0,0.0,0.0,0.48035732881956644,0.0,0.0,0.0,0.0,0.0,0.0,0.0,0.0,0.0,0.0,0.21195706842413406,0.16820600486957393,0.24017866440978322,0.0,0.0,0.0,0.0,0.0,0.0,0.0,0.0,0.0,0.0,0.0,0.0,0.0,0.20789917473404654,0.21885948213335524,0.0,0.0,0.0,0.24017866440978322,0.0,0.0,0.0,0.2353236778926549,0.22657572417101385,0.0,0.0,0.0,0.0,0.0,0.0,0.0,0.0,0.24017866440978322,0.0,0.0,0.2087607107000323,0.0,0.0,0.0,0.0,0.19476897206219657,0.0,0.0,0.18991398554506825,0.0,0.0,0.0,0.2153174120610385
0.4509690194447287,0.0,0.0,0.0,0.02489099230710251,0.0,0.0,0.0,0.0,0.0,0.0,0.03732508905848955,0.0,0.4400707792375891,0.0,0.0,0.0,0.0,0.0,0.0,0.0,0.0,0.04509690194447287,0.0,0.04602730067385422,0.04812460415675311,0.0,0.0,0.0,0.0,0.0,0.03832999624123131,0.0,0.0,0.0,0.0,0.0,0.0,0.0,0.04602730067385422,0.0,0.0,0.25896865576088285,0.04194174038826757,0.0,0.0,0.0,0.5523276080862507,0.04703220785659598,0.0,0.0,0.0,0.0,0.0,0.07864126617735417,0.0,0.0,0.0,0.0,0.0,0.0,0.0,0.0,0.0,0.0,0.0,0.0,0.0,0.0,0.03732508905848955,0.4463150259497804,0.0,0.0727893806582164,0.0,0.03191676568755403,0.0,0.04126294602230247
0.0,0.0,0.0,0.0,0.0,0.0,0.0,0.0,0.0,0.0,0.0,0.0,0.0,0.0,0.0,0.0,0.0,0.0,0.18734203787657946,0.0,0.0,0.0,0.0,0.0,0.0,0.0,0.19580022539965206,0.0,0.0,0.0,0.22671464204252795,0.0,0.0,0.0,0.0,0.0,0.0,0.0,0.0,0.0,0.0,0.0,0.0,0.0,0.0,0.0,0.0,0.0,0.0,0.0,0.1356900866095482,0.0,0.0,0.0,0.0,0.0,0.21321032198582973,0.0,0.0,0.0,0.0,0.8874822996423045,0.0,0.0,0.0,0.0,0.0,0.0,0.0,0.0,0.0,0.0,0.0,0.0,0.15385197586454033,0.0,0.0
0.0,0.0,0.26919609778022563,0.0,0.0,0.0,0.1965040698733583,0.0,0.0,0.0,0.0,0.0,0.0,0.0,0.0,0.0,0.0,0.0,0.0,0.0,0.0,0.43290848722890346,0.0,0.0,0.0,0.27544859653870385,0.0,0.0,0.0,0.0,0.0,0.0,0.0,0.0,0.0,0.0,0.24852372293600752,0.2033529073646659,0.26919609778022563,0.0,0.0,0.0,0.0,0.0,0.0,0.0,0.0,0.0,0.26919609778022563,0.5383921955604513,0.1611154952043164,0.0,0.24852372293600752,0.0,0.0,0.0,0.0,0.0,0.0,0.0,0.0,0.0,0.0,0.0,0.0,0.0,0.0,0.0,0.0,0.0,0.0,0.0,0.0,0.0,0.0,0.0,0.0
0.0,0.0,0.0,0.0,0.0,0.0,0.2930644140287051,0.0,0.0,0.0,0.29636218139337966,0.0,0.0,0.0,0.0,0.0,0.0,0.0,0.0,0.0,0.0,0.0,0.0,0.0,0.0,0.0,0.0,0.0,0.0,0.0,0.4014766549396127,0.0,0.0,0.0,0.2867585374817769,0.0,0.0,0.0,0.0,0.0,0.0,0.0,0.0,0.0,0.0,0.0,0.0,0.0,0.4014766549396127,0.0,0.0,0.0,0.37064605980635695,0.0,0.44753207676133633,0.0,0.0,0.0,0.0,0.0,0.0,0.0,0.0,0.0,0.0,0.0,0.0,0.0,0.0,0.0,0.0,0.0,0.0,0.0,0.0,0.28986510232828594,0.0
0.0,0.0,0.0,0.0,0.25528583017888,0.0,0.0,0.0,0.0,0.0,0.0,0.0,0.0,0.0,0.0,0.0,0.0,0.0,0.0,0.0,0.0,0.0,0.0,0.0,0.0,0.0,0.0,0.0,0.0,0.0,0.0,0.0,0.0,0.0,0.0,0.0,0.6679903911474802,0.0,0.0,0.0,0.0,0.0,0.0,0.0,0.0,0.0,0.0,0.0,0.0,0.0,0.0,0.0,0.0,0.0,0.2688522910176835,0.0,0.0,0.0,0.0,0.0,0.0,0.0,0.0,0.0,0.0,0.0,0.6452413717819553,0.0,0.0,0.0,0.0,0.0,0.0,0.0,0.0,0.0,0.0
0.0,0.0,0.0,0.0,0.0,0.0,0.0,0.0,0.0,0.0,0.0,0.0,0.0,0.0,0.0,0.0,0.0,0.0,0.0,0.0,0.0,0.0,0.0,0.0,0.0,0.0,0.0,0.6884726395041758,0.0,0.0,0.0,0.0,0.0,0.0,0.0,0.0,0.0,0.0,0.0,0.0,0.0,0.0,0.0,0.0,0.0,0.0,0.0,0.0,0.0,0.0,0.0,0.0,0.0,0.0,0.0,0.0,0.0,0.0,0.0,0.0,0.0,0.0,0.0,0.0,0.0,0.0,0.0,0.0,0.0,0.0,0.0,0.0,0.0,0.0,0.0,0.7252623143760836,0.0
0.8776529938668673,0.0,0.0,0.0,0.0,0.0,0.16703762080311294,0.0,0.0,0.0,0.0,0.0,0.0,0.19464622556090122,0.0,0.0,0.0,0.0,0.0,0.0,0.0,0.0,0.0,0.0,0.0,0.0,0.0,0.0,0.0,0.0,0.0,0.0,0.0,0.0,0.0,0.0,0.0,0.0,0.0,0.0,0.21519895728780858,0.0,0.0,0.20406221066512448,0.0,0.0,0.0,0.0,0.0,0.0,0.0,0.0,0.0,0.0,0.0,0.0,0.0,0.2112567511661038,0.0,0.0,0.0,0.0,0.0,0.0,0.0,0.0,0.0,0.0,0.0,0.0,0.0,0.0,0.17707374315606492,0.0,0.0,0.0,0.0
0.0,0.17996783431652372,0.17588268494647794,0.0,0.09308290546988097,0.17996783431652372,0.0,0.0,0.0,0.0,0.1298331435682182,0.0,0.0,0.0,0.0,0.0,0.0,0.0,0.0,0.23871328605498787,0.1474248512494825,0.0,0.0,0.0,0.0,0.0,0.15189962609453514,0.0,0.0,0.0,0.0,0.0,0.0,0.0,0.12562588853692216,0.0,0.0,0.0,0.0,0.0,0.0,0.30861565152682235,0.07449576261422836,0.0,0.0,0.0,0.0,0.0,0.17588268494647794,0.0,0.10526685236779144,0.0,0.0,0.0,0.49014769783000567,0.15430782576341118,0.0,0.16237612663525938,0.0,0.0,0.0,0.0,0.0,0.0,0.44882684216659496,0.1595298248734543,0.15684626019065528,0.0,0.0,0.13958172874831073,0.0,0.0,0.0,0.0,0.23871328605498787,0.0,0.0
0.0,0.0,0.0,0.0,0.0,0.0,0.5143957877333298,0.0,0.0,0.0,0.0,0.0,0.0,0.0,0.0,0.0,0.0,0.0,0.0,0.0,0.0,0.0,0.0,0.0,0.0,0.0,0.0,0.0,0.0,0.0,0.0,0.0,0.0,0.0,0.0,0.0,0.0,0.0,0.0,0.0,0.0,0.0,0.2984716577598487,0.31420688673905967,0.0,0.0,0.0,0.0,0.0,0.0,0.0,0.0,0.0,0.0,0.0,0.0,0.0,0.0,0.0,0.0,0.0,0.0,0.0,0.0,0.0,0.6391656333352842,0.0,0.0,0.0,0.0,0.0,0.0,0.2726511164362676,0.0,0.0,0.254390128093062,0.0
0.0,0.0,0.0,0.0,0.2468351359218628,0.0,0.0,0.0,0.2282182019457981,0.0,0.0,0.0,0.0,0.0,0.396729610850044,0.0,0.0,0.0,0.0,0.0,0.0,0.0,0.0,0.0,0.0,0.0,0.0,0.0,0.0,0.0,0.0,0.0,0.0,0.0,0.0,0.18506983002881294,0.0,0.0,0.0,0.0,0.0,0.0,0.0,0.0,0.0,0.0,0.0,0.0,0.0,0.0,0.697860624383873,0.0,0.0,0.0,0.0,0.0,0.0,0.0,0.0,0.0,0.0,0.0,0.4564364038915962,0.0,0.0,0.0,0.0,0.0,0.0,0.0,0.0,0.0,0.0,0.0,0.0,0.0,0.0
0.0,0.0,0.0,0.5008371277741819,0.10833859828430017,0.0,0.0,0.0,0.0,0.0,0.0,0.08122914063734547,0.0,0.0,0.0870644484563486,0.0,0.07824557904751014,0.0,0.16915780418252385,0.06945921668561567,0.08579342069317134,0.0,0.09814263496105384,0.0,0.0,0.0,0.0,0.0,0.0,0.0,0.10235436599981418,0.0,0.0,0.1278288650001947,0.073107584059641,0.0,0.0,0.0,0.10235436599981418,0.0,0.0,0.17959789139709764,0.08670514160472728,0.0,0.0,0.0,0.0,0.0,0.0,0.10235436599981418,0.12251941614582557,0.09814263496105384,0.09449426758702849,0.18255235899021785,0.17114393110245735,0.26939683709564644,0.0,0.0,0.09814263496105384,0.0,0.5570272282784178,0.0,0.0,0.08839750160310658,0.0,0.0,0.0,0.2094634112213245,0.0,0.0,0.0,0.0,0.0,0.08230073561918466,0.06945921668561567,0.14779917292449077,0.0
0.0,0.0,0.0,0.0,0.0,0.0,0.6887346823036427,0.0,0.0,0.0,0.1741212026076895,0.0,0.0,0.0,0.0,0.0,0.0,0.0,0.0,0.0,0.0,0.0,0.0,0.0,0.0,0.0,0.4074297955720647,0.0,0.0,0.0,0.2358789426111282,0.1922350532902355,0.0,0.0,0.0,0.0,0.0,0.3563697182953711,0.0,0.0,0.0,0.0,0.09990739975228971,0.0,0.0,0.24135759853515018,0.20371489778603236,0.0,0.0,0.0,0.0,0.0,0.0,0.0,0.0,0.0,0.0,0.0,0.0,0.0,0.0,0.0,0.0,0.0,0.0,0.0,0.0,0.0,0.0,0.0,0.0,0.0,0.0,0.0,0.0,0.0,0.0
0.0,0.0,0.0,0.0,0.0,0.0,0.0,0.0,0.0,0.0,0.26589917599764623,0.0,0.0,0.30640015899847894,0.0,0.0,0.0,0.0,0.297652939955996,0.24444323043122165,0.0,0.0,0.0,0.0,0.0,0.0,0.0,0.24687761630871094,0.0,0.0,0.0,0.0,0.0,0.0,0.2572826885947531,0.0,0.0,0.0,0.0,0.0,0.0,0.31602349440858174,0.0,0.0,0.0,0.0,0.3110914848308002,0.0,0.0,0.0,0.0,0.0,0.0,0.0,0.0,0.0,0.0,0.0,0.0,0.0,0.0,0.3525126002705667,0.0,0.0,0.0,0.0,0.0,0.0,0.0,0.0,0.0,0.0,0.0,0.0,0.4888864608624433,0.0,0.0
0.0,0.0,0.0,0.0,0.0,0.0,0.0,0.0,0.0,0.0,0.0,0.0,0.0,0.0,0.1889706805785702,0.0,0.0,0.0,0.0,0.0,0.0,0.7145247594313676,0.21301554022550254,0.0,0.0,0.0,0.0,0.0,0.0,0.0,0.0,0.18105201253559877,0.0,0.0,0.0,0.0,0.0,0.3356383427465083,0.0,0.0,0.0,0.0,0.0,0.0,0.0,0.0,0.0,0.21741028530595882,0.0,0.0,0.0,0.0,0.0,0.0,0.0,0.0,0.0,0.0,0.0,0.0,0.0,0.0,0.0,0.0,0.0,0.0,0.19811211195405823,0.0,0.0,0.0,0.16216709465816592,0.0,0.34382116232022136,0.1786311898578419,0.0,0.0,0.0
0.0,0.0,0.0,0.0,0.1296418490948713,0.0,0.0,0.0,0.0,0.0,0.0,0.0,0.0,0.0,0.0,0.0,0.0,0.0,0.0,0.0,0.0,0.0,0.2348819880058903,0.0,0.0,0.5013028482645064,0.0,0.0,0.0,0.0,0.0,0.39927468758204293,0.0,0.0,0.0,0.0,0.0,0.0,0.0,0.0,0.0,0.0,0.10375447958235609,0.0,0.0,0.0,0.0,0.0,0.0,0.0,0.0,0.0,0.0,0.0,0.0,0.0,0.0,0.0,0.0,0.0,0.0,0.0,0.0,0.0,0.0,0.0,0.0,0.0,0.0,0.3888068023541659,0.17881385340302602,0.0,0.5686725816255807,0.0,0.0,0.0,0.0
0.0,0.0,0.0,0.0,0.0,0.0,0.0,0.0,0.0,0.0,0.0,0.0,0.0,0.0,0.0,0.0,0.0,0.0,0.0,0.0,0.0,0.0,0.0,0.0,0.0,0.0,0.0,0.65361194255469,0.0,0.0,0.0,0.0,0.0,0.0,0.0,0.7568298544256064,0.0,0.0,0.0,0.0,0.0,0.0,0.0,0.0,0.0,0.0,0.0,0.0,0.0,0.0,0.0,0.0,0.0,0.0,0.0,0.0,0.0,0.0,0.0,0.0,0.0,0.0,0.0,0.0,0.0,0.0,0.0,0.0,0.0,0.0,0.0,0.0,0.0,0.0,0.0,0.0,0.0
0.0,0.0,0.0,0.0,0.240858395138139,0.0,0.0,0.0,0.0,0.0,0.0,0.0,0.0,0.0,0.0,0.0,0.0,0.0,0.0,0.0,0.0,0.0,0.21819072727261965,0.0,0.0,0.0,0.0,0.0,0.0,0.0,0.0,0.7418025980169175,0.0,0.0,0.0,0.0,0.0,0.0,0.0,0.0,0.0,0.0,0.032127148261504444,0.0,0.0,0.0,0.0,0.0,0.0,0.0,0.0,0.0,0.0,0.0,0.0,0.0,0.0,0.07002655871252786,0.0,0.0,0.0,0.0,0.0,0.0,0.0,0.0,0.0,0.0,0.0,0.0,0.49832077442371725,0.0,0.2934785469131748,0.060990337743114104,0.0,0.0,0.0
0.0,0.0,0.0,0.0,0.08132388186075158,0.15723276817382958,0.0,0.0,0.0,0.14451066962025294,0.0,0.0,0.0,0.392127221470336,0.0,0.0,0.0,0.2890213392405059,0.0,0.0,0.0,0.0,0.0,0.0,0.0,0.0,0.13271037452952542,0.0,0.0,0.0,0.0,0.0,0.0,0.0,0.0,0.0,0.0,0.0,0.0,0.0,0.0,0.0,0.45559377386951844,0.0,0.0,0.0,0.0,0.45114136666641463,0.0,0.0,0.0,0.0,0.0,0.0,0.0,0.0,0.0,0.0,0.0,0.0,0.0,0.0,0.0,0.13271037452952542,0.13070907382344532,0.0,0.0,0.0,0.0,0.3658457359494457,0.3365079283597334,0.0,0.0,0.0,0.0,0.0,0.0
0.0,0.0,0.0,0.18099903410827858,0.0,0.0,0.13500781463014497,0.0,0.0,0.0,0.0,0.0,0.0,0.0,0.0,0.0,0.0,0.0,0.0,0.1255103748586563,0.3100514202555433,0.0,0.0,0.0,0.0,0.0,0.0,0.1267603202283656,0.0,0.0,0.0,0.0,0.26142409022597013,0.11549114379268209,0.0,0.44033464717797693,0.0,0.0,0.0,0.0,0.0,0.0,0.07833657896141978,0.0,0.0,0.0,0.3194623864818851,0.0,0.0,0.0,0.4427765984614334,0.0,0.0,0.0,0.0,0.0,0.0,0.0,0.0,0.0,0.0,0.0,0.18099903410827858,0.0,0.0,0.0,0.0,0.0,0.17393411612560214,0.0,0.27001562926028994,0.0,0.0,0.0,0.0,0.0,0.32452710739742724
0.0,0.0,0.0,0.0,0.0,0.0,0.0,0.0,0.0,0.0,0.0,0.0,0.0,0.0,0.0,0.0,0.0,0.0,0.0,0.0,0.0,0.0,0.0,0.0,0.0,0.0,0.0,0.0,0.0,0.0,0.0,0.0,0.43637468776069316,0.3855605791195018,0.0,0.0,0.5700318865269184,0.46642485492486313,0.0,0.0,0.0,0.0,0.0,0.0,0.0,0.0,0.0,0.0,0.0,0.0,0.0,0.0,0.0,0.0,0.34413903405698487,0.0,0.0,0.0,0.0,0.0,0.0,0.0,0.0,0.0,0.0,0.0,0.0,0.0,0.0,0.0,0.0,0.0,0.0,0.0,0.0,0.0,0.0
0.0,0.0,0.2140370629708959,0.0,0.0,0.0,0.0,0.0,0.0,0.0,0.0,0.0,0.0,0.0,0.0,0.0,0.0,0.20128788640111597,0.0,0.0,0.0,0.0,0.0,0.20946386958375537,0.0,0.0,0.0,0.0,0.20946386958375537,0.0,0.0,0.0,0.6050739641890711,0.0,0.0,0.0,0.19760051566291,0.0,0.0,0.0,0.0,0.0,0.0,0.0,0.0,0.0,0.0,0.0,0.0,0.0,0.1281024787394466,0.4104595076936311,0.0,0.0,0.0,0.0,0.0,0.0,0.0,0.0,0.0,0.0,0.0,0.18485133909313006,0.0,0.0,0.0,0.21900840721224676,0.0,0.0,0.0,0.0,0.0,0.3442043250467003,0.0,0.0,0.18778195153136162
0.0,0.0,0.0,0.0,0.19724616380543372,0.0,0.0,0.0,0.0,0.0,0.09170709836339587,0.19718594152853333,0.0,0.0,0.0,0.0,0.0,0.0,0.0,0.0,0.0,0.0,0.0,0.12157957085070276,0.36473871255210827,0.0,0.0,0.34058668677851145,0.0,0.0,0.0,0.0,0.5268066018633263,0.07757700900752412,0.5324119281294839,0.0,0.11469369844983196,0.0,0.0,0.0,0.0,0.0,0.0526197705913945,0.0,0.0,0.0,0.0,0.0,0.0,0.0,0.07435480124091558,0.0,0.0,0.0,0.0,0.0,0.0,0.0,0.11912195381511412,0.0,0.0,0.0,0.0,0.0,0.0,0.0,0.0,0.1271195276515885,0.0,0.0,0.0,0.11469369844983196,0.0,0.09989363370230386,0.0,0.08969662500915088,0.0
0.0,0.0,0.0,0.0,0.0,0.0,0.0,0.7699066628745598,0.0,0.0,0.0,0.0,0.0,0.0,0.0,0.0,0.0,0.0,0.0,0.0,0.0,0.0,0.0,0.0,0.0,0.0,0.0,0.0,0.0,0.0,0.0,0.0,0.0,0.0,0.0,0.0,0.0,0.0,0.0,0.0,0.0,0.0,0.0,0.0,0.0,0.0,0.0,0.0,0.0,0.0,0.0,0.1885859303811686,0.0,0.17539169636676757,0.5481025565300177,0.0,0.0,0.0,0.0,0.0,0.0,0.0,0.0,0.0,0.0,0.0,0.0,0.20124715574257002,0.0,0.0,0.0,0.0,0.0,0.0,0.0,0.0,0.0
0.0,0.0,0.0,0.0,0.0,0.0,0.0,0.0,0.0,0.0,0.34859260530155134,0.0,0.0,0.0,0.0,0.2310712044685482,0.0,0.0,0.19511082241158462,0.0,0.0,0.0,0.0,0.0,0.4621424089370964,0.0,0.0,0.0,0.0,0.0,0.0,0.0,0.16687265681614596,0.0,0.0,0.18738342590966445,0.0,0.0,0.0,0.0,0.4441036485009281,0.0,0.0,0.0,0.0,0.0,0.0,0.0,0.0,0.0,0.0,0.0,0.0,0.0,0.0,0.0,0.0,0.43596816241931885,0.0,0.0,0.0,0.0,0.0,0.0,0.0,0.0,0.0,0.24160031295056741,0.0,0.18738342590966445,0.1723568221949269,0.0,0.0,0.0,0.0,0.0,0.0
0.0,0.0,0.06450540355406353,0.0,0.17069191271291362,0.06600364204623585,0.2825206107752425,0.0,0.0,0.0,0.04761662197224884,0.0,0.0,0.21947778496909165,0.0,0.0,0.0,0.0,0.0,0.0,0.0,0.05186727612500121,0.0,0.0,0.0,0.0,0.0,0.04421028416156448,0.0,0.0,0.25802161421625414,0.0,0.0,0.0,0.23036800465543045,0.05119193935675654,0.0,0.0,0.3870324213243812,0.0,0.2426524857447521,0.0,0.49178704643549637,0.11504749671774293,0.0,0.0,0.05570955824287671,0.0,0.0,0.0,0.0,0.0,0.0,0.05752374835887147,0.14381029063430995,0.0,0.0,0.0,0.0,0.0,0.0,0.0,0.0,0.0,0.0,0.0,0.05752374835887147,0.0,0.0,0.0,0.0,0.059551840360752215,0.04991588304896159,0.0,0.0,0.0,0.4527421707462753
0.0,0.0,0.0,0.0,0.0,0.0,0.0,0.0,0.0,0.0,0.0,0.0,0.0,0.0,0.0,0.0,0.0,0.0,0.0,0.0,0.0,0.0,0.0,0.0,0.0,0.0,0.0,0.0,0.0,0.0,0.0,0.0,0.0,0.0,0.0,0.0,0.0,0.8722473762018791,0.0,0.0,0.0,0.0,0.48906493915321464,0.0,0.0,0.0,0.0,0.0,0.0,0.0,0.0,0.0,0.0,0.0,0.0,0.0,0.0,0.0,0.0,0.0,0.0,0.0,0.0,0.0,0.0,0.0,0.0,0.0,0.0,0.0,0.0,0.0,0.0,0.0,0.0,0.0,0.0
0.0,0.0,0.0,0.0,0.0,0.0,0.0,0.0,0.0,0.0,0.0,0.0,0.0,0.0,0.0,0.0,0.0,0.0,0.0,0.0,0.0,0.0,0.0,0.0,0.0,0.0,0.0,0.0,0.0,0.28752531278713894,0.0,0.0,0.0,0.0,0.0,0.22300251803409518,0.0,0.21226867383215745,0.0,0.0,0.0,0.0,0.11901803190730423,0.0,0.0,0.0,0.0,0.0,0.0,0.0,0.0,0.26943599982829086,0.0,0.2505851681334065,0.0,0.0,0.0,0.25941995011094304,0.0,0.0,0.0,0.0,0.0,0.0,0.0,0.0,0.0,0.0,0.0,0.0,0.0,0.778259850332829,0.0,0.0,0.0,0.0,0.0
0.0,0.0,0.0,0.0,0.0,0.0,0.0,0.0,0.0,0.0,0.0,0.0,0.0,0.0,0.25885185162711294,0.0,0.23263241629835127,0.0,0.0,0.20650962787244795,0.0,0.0,0.0,0.0,0.0,0.0,0.525630320409072,0.41713247353187566,0.0,0.0,0.0,0.0,0.21506824296499563,0.0,0.21735661153715113,0.0,0.0,0.0,0.0,0.0,0.0,0.0,0.0,0.0,0.0,0.0,0.0,0.0,0.0,0.0,0.18213161796758148,0.0,0.0,0.0,0.0,0.0,0.0,0.0,0.0,0.0,0.0,0.29780839409544,0.0,0.0,0.0,0.0,0.0,0.0,0.0,0.0,0.0,0.0,0.0,0.0,0.4130192557448959,0.0,0.0
0.0,0.0,0.0,0.0,0.08068943417388143,0.0,0.0,0.0,0.0,0.0,0.0,0.0,0.0,0.0,0.0,0.0,0.0,0.0,0.0,0.0,0.0,0.0,0.0,0.0,0.0,0.0,0.0,0.0,0.0,0.0,0.0,0.24850963516705082,0.0,0.0,0.0,0.0,0.0,0.0,0.0,0.0,0.0,0.0,0.06457706603968087,0.0,0.0,0.0,0.0,0.0,0.0,0.15246488340339195,0.09125115628853031,0.0,0.0,0.0,0.16995490288957926,0.0,0.0,0.0,0.0,0.0,0.0,0.0,0.0,0.0,0.0,0.0,0.0,0.0,0.0,0.0,0.0,0.0,0.0,0.0,0.931184726986077,0.0,0.0
0.0,0.0,0.0,0.0,0.03419814884061147,0.0,0.09433840717537066,0.0,0.4426637242215642,0.4253852734224259,0.0,0.0,0.0,0.0,0.05496550655423108,0.0,0.0,0.0,0.0,0.043850975888271096,0.0,0.0,0.0,0.0,0.0,0.0,0.0,0.0,0.0,0.0,0.0,0.0,0.0,0.0,0.09230852459391378,0.10256312286489892,0.0,0.04881321131828684,0.0,0.0,0.0,0.0,0.21895467615806882,0.0,0.0,0.0,0.0,0.06323767488879489,0.0,0.0,0.03867446409288591,0.0,0.0,0.0,0.4682016959302276,0.0,0.0,0.0,0.0,0.0,0.0,0.0,0.0,0.0,0.38475854587961755,0.11722076503734317,0.05762445557556102,0.0,0.0,0.1538446842973484,0.0,0.0,0.0,0.0,0.35080780710616877,0.046654269062326156,0.0
0.6712089392628882,0.7162723627506206,0.0,0.0,0.0,0.0,0.0,0.0,0.08563208981758588,0.0,0.0,0.0,0.0,0.0,0.0,0.0,0.0,0.0,0.0,0.05937996158866655,0.0,0.0,0.0,0.0,0.0,0.0,0.0,0.059971320734273886,0.0,0.0,0.0,0.0,0.0,0.0,0.0,0.0,0.0,0.0,0.0,0.0,0.0,0.0,0.14824664670008622,0.0,0.0,0.0,0.0,0.0,0.0,0.0,0.0,0.0,0.0,0.0,0.0,0.0,0.0,0.0,0.0,0.0,0.0,0.0,0.0,0.0,0.0,0.0,0.0,0.0,0.0,0.0,0.0,0.0,0.0,0.0,0.0,0.0,0.0
0.0,0.0,0.0,0.5176185423444731,0.0,0.0,0.1930467434764398,0.0,0.25880927117223657,0.0,0.0,0.0,0.0,0.0,0.0,0.0,0.0,0.0,0.0,0.0,0.0,0.0,0.0,0.25880927117223657,0.0,0.0,0.0,0.1812537080846339,0.0,0.27060230656404244,0.0,0.21552770303696697,0.0,0.0,0.0,0.0,0.0,0.0,0.0,0.0,0.0,0.0,0.1120129342513663,0.0,0.0,0.0,0.0,0.0,0.0,0.0,0.0,0.0,0.0,0.0,0.0,0.2320195368858068,0.0,0.24415115381761282,0.0,0.0,0.4797428244937314,0.0,0.0,0.22839853212381978,0.0,0.0,0.0,0.0,0.0,0.0,0.0,0.0,0.0,0.0,0.0,0.0,0.0
0.0,0.0,0.0,0.0,0.1725423229029662,0.0,0.0,0.0,0.0,0.6132074871496084,0.0,0.0,0.0,0.0,0.27732133176585333,0.31905748381730686,0.0,0.0,0.0,0.0,0.0,0.26214775389824935,0.0,0.0,0.31905748381730686,0.0,0.0,0.0,0.0,0.0,0.0,0.0,0.0,0.0,0.0,0.0,0.0,0.0,0.0,0.0,0.0,0.0,0.0,0.0,0.0,0.0,0.0,0.0,0.0,0.0,0.0,0.0,0.0,0.0,0.0,0.0,0.0,0.30098710318726885,0.0,0.0,0.0,0.0,0.0,0.0,0.0,0.2957110805364335,0.0,0.0,0.0,0.2587344646309746,0.0,0.0,0.0,0.0,0.0,0.0,0.0
0.21179664527573075,0.0,0.0,0.0,0.31173338246720106,0.0,0.16123915929491145,0.0,0.0,0.761671705374675,0.0,0.058432163528954334,0.0,0.0,0.0,0.0,0.11257187837882433,0.0,0.0,0.0,0.061715477331382336,0.0,0.0,0.0,0.0,0.0,0.0,0.0,0.0,0.0,0.0,0.24002135452881546,0.052036247732458685,0.0,0.0,0.0,0.06797442953194904,0.0556196314318681,0.0,0.0,0.0,0.0,0.21829963245379308,0.0,0.0,0.0,0.0,0.0,0.0,0.0,0.0,0.0,0.0,0.0,0.04103744908416604,0.0,0.0,0.0,0.0,0.0,0.0,0.0,0.0,0.0,0.0,0.0,0.0,0.0,0.0,0.0,0.1074927728632743,0.0,0.22790252353462562,0.17760904539383263,0.0,0.053159650428441806,0.1291937016350237
0.0,0.0,0.0,0.0,0.0,0.0,0.0,0.0,0.0,0.6645277191021635,0.0,0.5607766612033963,0.0,0.0,0.0,0.0,0.0,0.0,0.0,0.0,0.0,0.0,0.22584710660622362,0.0,0.23050658102598784,0.0,0.0,0.0,0.0,0.0,0.0,0.0,0.0,0.0,0.0,0.0,0.0,0.17792821240919876,0.0,0.0,0.0,0.0,0.0,0.0,0.0,0.0,0.0,0.0,0.0,0.0,0.0,0.0,0.0,0.0,0.0,0.0,0.0,0.0,0.0,0.0,0.0,0.0,0.0,0.0,0.0,0.0,0.0,0.0,0.0,0.0,0.17193566758797235,0.0,0.0,0.18939152202845072,0.0,0.0,0.20664650047713443
0.0,0.0,0.0,0.0,0.0,0.0,0.0,0.0,0.0,0.318760191683894,0.0,0.0,0.0,0.0,0.0,0.0,0.0,0.0,0.0,0.0,0.0,0.0,0.0,0.0,0.3317077068727066,0.0,0.29273121863345253,0.0,0.0,0.0,0.0,0.0,0.0,0.0,0.0,0.0,0.0,0.0,0.0,0.0,0.0,0.0,0.14356345656519043,0.0,0.0,0.0,0.0,0.0,0.0,0.33894983170573056,0.0,0.0,0.0,0.0,0.1889162423702909,0.0,0.0,0.0,0.0,0.0,0.0,0.6634154137454132,0.0,0.0,0.0,0.0,0.3022640546536666,0.0,0.0,0.0,0.0,0.0,0.0,0.0,0.0,0.0,0.0
0.7178476967332995,0.0,0.0,0.0,0.13207072420082086,0.0,0.0,0.0,0.0,0.0,0.5526414504284699,0.0,0.0,0.0,0.0,0.0,0.0,0.0,0.0,0.1693492290904114,0.0,0.0,0.0,0.0,0.0,0.0,0.0,0.0,0.0,0.0,0.0,0.0,0.0,0.0,0.0,0.0,0.0,0.0,0.0,0.0,0.0,0.21893973115205398,0.0,0.0,0.0,0.0,0.0,0.0,0.0,0.0,0.0,0.0,0.0,0.0,0.0,0.21893973115205398,0.0,0.0,0.0,0.0,0.0,0.0,0.0,0.0,0.0,0.0,0.0,0.0,0.0,0.0,0.0,0.0,0.19310893874883298,0.0,0.0,0.0,0.0
0.0,0.0,0.0,0.5669302386552962,0.3832360360708914,0.0,0.0,0.0,0.0,0.1362003262216241,0.10690843617425926,0.0,0.13886756885418275,0.0,0.0,0.14173255966382406,0.0,0.0,0.0,0.0,0.24278793329876802,0.0,0.0,0.0,0.0,0.0,0.0,0.0,0.0,0.0,0.0,0.0,0.0,0.09043614795450954,0.10344405840737719,0.0,0.0,0.0,0.0,0.0,0.0,0.0,0.061342006084227324,0.0,0.4445724535277488,0.14819081784258292,0.0,0.2834651193276481,0.0,0.0,0.08667982811117919,0.0,0.0,0.0,0.0,0.0,0.0,0.0,0.0,0.14173255966382406,0.0,0.0,0.0,0.0,0.0,0.0,0.0,0.0,0.1362003262216241,0.0,0.10571881356395767,0.0,0.11207071766098385,0.0,0.0,0.10456470743233955,0.0
0.0,0.0,0.0,0.0,0.0,0.0,0.0,0.0,0.0,0.0,0.0,0.0,0.0,0.0,0.0,0.0,0.0,0.0,0.0,0.0,0.27859557235923144,0.2672538332212405,0.0,0.0,0.0,0.0,0.0,0.455600092879492,0.0,0.0,0.0,0.0,0.23490166239189603,0.0,0.0,0.0,0.0,0.0,0.0,0.0,0.0,0.0,0.140778094384689,0.0,0.34009355534512875,0.0,0.2870517617233059,0.0,0.33237365929453094,0.0,0.3978552969503168,0.0,0.0,0.0,0.0,0.0,0.0,0.0,0.31869697395098956,0.0,0.0,0.0,0.0,0.0,0.0,0.0,0.0,0.0,0.0,0.0,0.0,0.0,0.0,0.0,0.0,0.0,0.0
0.0,0.0,0.0,0.0,0.42334269519395756,0.0,0.0,0.0,0.0,0.0,0.0,0.0,0.0,0.0,0.0,0.0,0.0,0.0,0.0,0.0,0.0,0.0,0.0,0.0,0.0,0.0,0.0,0.0,0.0,0.0,0.0,0.0,0.0,0.0,0.0,0.0,0.0,0.0,0.0,0.0,0.0,0.0,0.5082120626731178,0.0,0.0,0.0,0.6908421775749405,0.0,0.0,0.0,0.0,0.0,0.0,0.0,0.0,0.0,0.0,0.0,0.0,0.0,0.0,0.0,0.0,0.0,0.0,0.0,0.0,0.0,0.0,0.0,0.29195641363560654,0.0,0.0,0.0,0.0,0.0,0.0
0.0,0.0,0.19258848942422674,0.0,0.10192416701574496,0.0,0.0,0.0,0.0,0.0,0.0,0.1528395720081236,0.0,0.0,0.0,0.0,0.0,0.5433507091244872,0.0,0.0,0.4842829653362825,0.0,0.0,0.0,0.0,0.0,0.0,0.0,0.0,0.0,0.0,0.0,0.0,0.0,0.0,0.0,0.0,0.0,0.19258848942422674,0.0,0.0,0.0,0.40785783986484797,0.0,0.0,0.0,0.0,0.0,0.0,0.19258848942422674,0.23053075508968127,0.0,0.0,0.0,0.21468129110848766,0.0,0.0,0.0,0.0,0.0,0.0,0.0,0.0,0.0,0.16381920250272536,0.0,0.0,0.0,0.18111690304149575,0.0,0.0,0.0,0.0,0.0,0.0,0.0,0.0
0.0,0.0,0.19844946474074038,0.19420932162142776,0.21005197609568016,0.0,0.0,0.0,0.0,0.0,0.0,0.0,0.0,0.0,0.0,0.0,0.0,0.0,0.0,0.1346708001942639,0.0,0.0,0.0,0.0,0.0,0.0,0.17138923880967705,0.13601197333096623,0.0,0.0,0.0,0.0,0.0,0.12392031150752794,0.0,0.0,0.0,0.0,0.0,0.0,0.0,0.3482128492338505,0.16810801155037652,0.0,0.0,0.0,0.0,0.0,0.0,0.0,0.0,0.0,0.0,0.0,0.0,0.696425698467701,0.0,0.0,0.0,0.0,0.0,0.0,0.0,0.0,0.0,0.0,0.17697055506569204,0.0,0.0,0.0,0.0,0.18320993580037556,0.0,0.15956854181897853,0.2693416003885278,0.0,0.0
0.0,0.0,0.0,0.0,0.0,0.0,0.0,0.0,0.0,0.0,0.0,0.0,0.0,0.0,0.0,0.0,0.0,0.0,0.0,0.398921368117407,0.0,0.0,0.0,0.0,0.0,0.0,0.0,0.0,0.0,0.0,0.0,0.0,0.0,0.0,0.0,0.0,0.0,0.0,0.0,0.0,0.0,0.0,0.7469534360355291,0.0,0.0,0.0,0.0,0.0,0.0,0.0,0.35182957310804464,0.0,0.0,0.0,0.0,0.0,0.0,0.0,0.0,0.0,0.0,0.0,0.0,0.0,0.0,0.0,0.0,0.0,0.0,0.0,0.0,0.0,0.0,0.0,0.398921368117407,0.0,0.0
0.0,0.0,0.0,0.0,0.0,0.0,0.0,0.0,0.0,0.0,0.0,0.0,0.0,0.0,0.0,0.0,0.0,0.0,0.0,0.3862004522089487,0.0,0.0,0.0,0.0,0.0,0.0,0.0,0.7800931683851089,0.0,0.0,0.0,0.0,0.0,0.3553708767828316,0.0,0.0,0.0,0.0,0.0,0.0,0.0,0.0,0.0,0.0,0.0,0.0,0.0,0.0,0.0,0.0,0.3406103335001553,0.0,0.0,0.0,0.0,0.0,0.0,0.0,0.0,0.0,0.0,0.0,0.0,0.0,0.0,0.0,0.0,0.0,0.0,0.0,0.0,0.0,0.0,0.0,0.0,0.0,0.0
0.0,0.0,0.0,0.0,0.0,0.0,0.0,0.0,0.0,0.0,0.0,0.0,0.0,0.0,0.0,0.0,0.470380883939365,0.0,0.0,0.41756081480945284,0.0,0.0,0.0,0.0,0.0,0.0,0.0,0.0,0.0,0.0,0.0,0.0,0.0,0.38422780714069416,0.0,0.0,0.0,0.0,0.0,0.0,0.0,0.0,0.0,0.0,0.0,0.0,0.5314101505575585,0.0,0.0,0.0,0.0,0.0,0.0,0.0,0.0,0.0,0.0,0.0,0.0,0.0,0.0,0.0,0.0,0.0,0.0,0.0,0.0,0.0,0.0,0.0,0.0,0.0,0.0,0.0,0.41756081480945284,0.0,0.0
0.0,0.0,0.0,0.0,0.0,0.0,0.0,0.0,0.0,0.0,0.0,0.0,0.0,0.0,0.0,0.0,0.0,0.0,0.0,0.461463423153734,0.0,0.0,0.0,0.0,0.0,0.0,0.0,0.0,0.3327391618469265,0.0,0.0,0.0,0.0,0.21231288098107182,0.0,0.0,0.0,0.0,0.0,0.0,0.0,0.0,0.0,0.0,0.0,0.0,0.0,0.0,0.0,0.0,0.20349433766778305,0.0,0.0,0.0,0.0,0.0,0.0,0.0,0.0,0.3327391618469265,0.0,0.0,0.0,0.0,0.0,0.0,0.0,0.0,0.0,0.0,0.0,0.0,0.0,0.0,0.692195134730601,0.0,0.0
0.0,0.0,0.0,0.0,0.0,0.0,0.0,0.0,0.0,0.0,0.0,0.0,0.0,0.0,0.0,0.0,0.6655149271261391,0.0,0.0,0.2953914207900362,0.0,0.0,0.0,0.0,0.0,0.0,0.0,0.0,0.0,0.0,0.0,0.0,0.0,0.1359054703326538,0.3109069488020378,0.0,0.0,0.0,0.0,0.42598519769444526,0.0,0.0,0.0,0.0,0.0,0.0,0.0,0.0,0.0,0.0,0.2605211096281767,0.0,0.0,0.0,0.24260974703455632,0.0,0.0,0.0,0.0,0.0,0.0,0.0,0.0,0.0,0.0,0.0,0.0,0.0,0.0,0.0,0.0,0.0,0.0,0.0,0.1476957103950181,0.15713756130940812,0.0
0.0,0.0,0.0,0.0,0.0,0.0,0.0,0.0,0.0,0.0,0.0,0.0,0.0,0.0,0.0,0.0,0.0,0.0,0.0,0.3978690662679797,0.0,0.0,0.0,0.0,0.0,0.0,0.0,0.0,0.0,0.0,0.0,0.0,0.0,0.36610800975427304,0.0,0.0,0.5412722430011723,0.0,0.0,0.0,0.0,0.0,0.0,0.0,0.0,0.0,0.5063493817161596,0.0,0.0,0.0,0.0,0.0,0.0,0.0,0.0,0.0,0.0,0.0,0.0,0.0,0.0,0.0,0.0,0.0,0.0,0.0,0.0,0.0,0.0,0.0,0.0,0.0,0.0,0.0,0.3978690662679797,0.0,0.0
0.0,0.0,0.0,0.0,0.0,0.0,0.0,0.0,0.0,0.0,0.0,0.0,0.0,0.0,0.0,0.0,0.0,0.0,0.0,0.7071067811865476,0.0,0.0,0.0,0.0,0.0,0.0,0.0,0.0,0.0,0.0,0.0,0.0,0.0,0.0,0.0,0.0,0.0,0.0,0.0,0.0,0.0,0.0,0.0,0.0,0.0,0.0,0.0,0.0,0.0,0.0,0.0,0.0,0.0,0.0,0.0,0.0,0.0,0.0,0.0,0.0,0.0,0.0,0.0,0.0,0.0,0.0,0.0,0.0,0.0,0.0,0.0,0.0,0.0,0.0,0.7071067811865476,0.0,0.0
0.0,0.0,0.0,0.0,0.2305887313367275,0.0,0.0,0.0,0.0,0.20487543886193388,0.0,0.05762958226573385,0.1392583747873261,0.18530866221287118,0.0,0.0,0.0,0.0,0.0,0.0,0.42607459217608484,0.11677969203371379,0.0,0.0,0.0,0.0,0.06271531436563589,0.0,0.0,0.0,0.0,0.0,0.3592506124830202,0.04534532825081509,0.15560276140150797,0.0,0.0,0.0,0.0,0.07106571417678192,0.20487543886193388,0.0,0.12302927377455082,0.3885458878803057,0.0,0.0,0.06271531436563589,0.0,0.0,0.0,0.04346188274629687,0.0,0.0670407827144149,0.0,0.0,0.0,0.0,0.0,0.0,0.0,0.0,0.3553285708839096,0.0,0.06271531436563589,0.0,0.0,0.06475764798005094,0.0,0.0,0.0,0.0,0.0,0.33715833289568997,0.0,0.14783754736376345,0.0,0.0
0.0,0.0,0.0,0.0,0.33624713575725607,0.0,0.0,0.49741843401897173,0.0,0.0,0.0,0.0,0.0,0.0,0.4323507504560337,0.0,0.29141804221632717,0.0,0.10500196245496927,0.0,0.0,0.0,0.0,0.0,0.0,0.0,0.0,0.0,0.0,0.0,0.0,0.0,0.2694154465015915,0.0,0.0,0.0,0.35193470092613305,0.0,0.0,0.0,0.0,0.0,0.0,0.0,0.0,0.0,0.0,0.0,0.0,0.127069624103397,0.0,0.3655226900542961,0.0,0.0,0.0,0.0,0.0,0.0,0.0,0.0,0.0,0.0,0.0,0.0,0.0,0.0,0.0,0.0,0.0,0.0,0.0,0.0,0.0,0.10217369270385436,0.0,0.0,0.0
0.0,0.0,0.0,0.0,0.0,0.0,0.0,0.0,0.0,0.0,0.0,0.0,0.0,0.0,0.0,0.0,0.3402898245394579,0.0,0.0,0.10069265231476987,0.0,0.0,0.0,0.14520929310663352,0.0,0.0,0.0,0.0,0.0,0.0,0.0,0.6046272079269259,0.0,0.09265456820161498,0.0,0.0,0.0,0.5604358416290462,0.0,0.0,0.0,0.0,0.31423370051176047,0.0,0.0,0.0,0.0,0.14520929310663352,0.0,0.0,0.0,0.14227402339012107,0.0,0.0,0.0,0.0,0.0,0.0,0.0,0.0,0.0,0.0,0.0,0.0,0.0,0.0,0.0,0.0,0.0,0.0,0.0,0.0,0.11481983905536061,0.0,0.0,0.10712970460821707,0.0
0.0,0.0,0.0,0.0,0.0,0.0,0.0,0.0,0.0,0.0,0.0,0.0,0.0,0.0,0.0,0.0,0.0,0.0,0.0,0.0,0.6364832823674315,0.0,0.0,0.0,0.0,0.0,0.0,0.0,0.0,0.0,0.0,0.0,0.0,0.0,0.0,0.0,0.0,0.0,0.0,0.0,0.0,0.0,0.32162357370081107,0.0,0.0,0.0,0.0,0.0,0.0,0.0,0.0,0.0,0.0,0.0,0.0,0.0,0.0,0.0,0.0,0.0,0.0,0.0,0.0,0.0,0.0,0.0,0.0,0.0,0.0,0.0,0.0,0.701033029255184,0.0,0.0,0.0,0.0,0.0
0.20765227370311762,0.0,0.0,0.0,0.3438376645247661,0.0,0.0,0.0,0.0,0.0,0.0,0.0,0.0,0.0,0.0,0.0,0.0,0.0,0.0,0.0,0.0,0.0,0.0,0.0,0.0,0.0,0.0,0.0,0.0,0.0,0.0,0.0,0.0,0.0,0.0,0.0,0.0,0.0,0.0,0.0,0.0,0.0,0.8255366193706464,0.19312408123762617,0.0,0.0,0.0,0.0,0.0,0.0,0.0,0.0,0.0,0.0,0.24140664546057733,0.0,0.0,0.19993298044365632,0.0,0.0,0.0,0.0,0.0,0.0,0.0,0.0,0.0,0.0,0.0,0.0,0.0,0.0,0.0,0.0,0.1469632874655268,0.0,0.0
0.0,0.0,0.0,0.36582201885919685,0.19783200239603554,0.0,0.0,0.0,0.0,0.0,0.0,0.0,0.0,0.0,0.0,0.36582201885919685,0.0,0.0,0.0,0.0,0.0,0.30057097994721765,0.35842726973110683,0.0,0.0,0.0,0.0,0.0,0.0,0.0,0.0,0.0,0.0,0.2334222588023433,0.0,0.0,0.0,0.0,0.0,0.0,0.0,0.0,0.0,0.0,0.0,0.0,0.0,0.0,0.0,0.0,0.0,0.0,0.0,0.0,0.20834523813374686,0.0,0.3515429229942365,0.34510304670238057,0.0,0.36582201885919685,0.0,0.0,0.0,0.0,0.0,0.0,0.0,0.0,0.0,0.0,0.0,0.0,0.0,0.0,0.0,0.0,0.0
0.0,0.0,0.0,0.0,0.0,0.7802737517358782,0.0,0.0,0.0,0.0,0.0,0.0,0.0,0.0,0.0,0.0,0.0,0.0,0.0,0.17249537211904586,0.0,0.0,0.0,0.0,0.0,0.0,0.2195268052393624,0.0,0.0,0.0,0.0,0.0,0.0,0.0,0.36311149243650365,0.0,0.0,0.0,0.0,0.0,0.0,0.0,0.0,0.0,0.0,0.0,0.0,0.0,0.0,0.0,0.1521326707119278,0.0,0.0,0.0,0.28334647284275477,0.0,0.0,0.0,0.0,0.0,0.0,0.0,0.0,0.2195268052393624,0.0,0.0,0.0,0.0,0.0,0.0,0.0,0.0,0.0,0.0,0.17249537211904586,0.0,0.0
0.0,0.5788929938578576,0.0,0.22146577496612455,0.17964890902562775,0.11577859877157154,0.0,0.0,0.0,0.10641066127944193,0.1670509565614796,0.0,0.0,0.0,0.0,0.0,0.0,0.0,0.0,0.07678563747951447,0.0,0.0,0.0,0.22146577496612455,0.0,0.0,0.0,0.23265101407282943,0.0,0.0,0.0,0.09221464432776284,0.0,0.0,0.0,0.0,0.0,0.08547480352653751,0.0,0.0,0.0,0.39708304351663204,0.19170125689739614,0.0,0.0,0.0,0.0,0.0,0.0,0.0,0.0,0.0,0.0,0.0,0.0,0.19854152175831602,0.0,0.0,0.0,0.0,0.3078906792916868,0.0,0.0,0.0,0.0,0.10263022643056226,0.10090381037478588,0.0,0.0,0.0,0.0,0.0,0.0,0.1819633088623871,0.15357127495902895,0.0,0.0
0.0,0.38152719313629707,0.0,0.0,0.0986666861546888,0.0,0.0,0.0,0.0,0.0,0.13762146727432206,0.0,0.0,0.3171671314606069,0.0,0.0,0.0,0.0,0.0,0.0,0.0,0.0,0.0,0.0,0.0,0.0,0.0,0.0,0.0,0.0,0.0,0.0,0.0,0.11641696222972105,0.26632366178529143,0.0,0.0,0.0,0.0,0.0,0.0,0.0,0.1579291061577489,0.0,0.0,0.0,0.0,0.0,0.0,0.0,0.0,0.0,0.34423322402455797,0.0,0.0,0.0,0.0,0.17211661201227899,0.17876193185895695,0.0,0.0,0.0,0.1824499872927452,0.0,0.6343342629212138,0.0,0.0,0.0,0.0,0.0,0.0,0.0,0.0,0.0,0.0,0.0,0.0
0.0,0.0,0.0,0.0,0.0,0.0,0.0,0.0,0.0,0.0,0.4307609680014072,0.0,0.0,0.0,0.0,0.0,0.0,0.0,0.0,0.0,0.0,0.0,0.0,0.0,0.0,0.0,0.0,0.0,0.0,0.0,0.0,0.0,0.0,0.0,0.0,0.0,0.538732218657034,0.0,0.0,0.0,0.0,0.0,0.0,0.0,0.0,0.0,0.0,0.0,0.0,0.0,0.0,0.0,0.0,0.0,0.0,0.5119631749585903,0.0,0.0,0.0,0.0,0.0,0.0,0.0,0.0,0.0,0.0,0.0,0.0,0.0,0.0,0.0,0.0,0.0,0.0,0.0,0.0,0.5119631749585903
0.0,0.0,0.0,0.0,1.0,0.0,0.0,0.0,0.0,0.0,0.0,0.0,0.0,0.0,0.0,0.0,0.0,0.0,0.0,0.0,0.0,0.0,0.0,0.0,0.0,0.0,0.0,0.0,0.0,0.0,0.0,0.0,0.0,0.0,0.0,0.0,0.0,0.0,0.0,0.0,0.0,0.0,0.0,0.0,0.0,0.0,0.0,0.0,0.0,0.0,0.0,0.0,0.0,0.0,0.0,0.0,0.0,0.0,0.0,0.0,0.0,0.0,0.0,0.0,0.0,0.0,0.0,0.0,0.0,0.0,0.0,0.0,0.0,0.0,0.0,0.0,0.0
0.0,0.0,0.0,0.0,0.14599769765236498,0.0,0.0,0.0,0.0,0.0,0.0,0.0,0.0,0.0,0.0,0.0,0.21088835508901105,0.0,0.0,0.0,0.0,0.0,0.0,0.0,0.0,0.0,0.0,0.0945358159850433,0.0,0.0,0.0,0.0,0.38993179637186404,0.0,0.1970403738402636,0.0,0.0,0.0,0.0,0.0,0.0,0.0,0.058422165550331376,0.0,0.0,0.0,0.0,0.0,0.0,0.0,0.0,0.0,0.0,0.2460085743738306,0.0,0.24202711741190694,0.0,0.0,0.0,0.0,0.12510883185713206,0.0,0.0,0.0,0.0,0.0,0.0,0.7056851451149793,0.0,0.0,0.0,0.0,0.0,0.0,0.0,0.19917498752636548,0.24202711741190694
0.0,0.0,0.0,0.0,0.26650421153070075,0.0,0.0,0.0,0.0,0.0,0.0,0.0,0.0,0.2141715192523123,0.0,0.0,0.0,0.0,0.0,0.0,0.0,0.0,0.0,0.0,0.0,0.0,0.21745072244887734,0.17256568771718075,0.0,0.0,0.0,0.41039365969066854,0.0,0.0,0.0,0.0,0.0,0.0,0.0,0.0,0.2367859304285501,0.0,0.21328765338451108,0.22453203782500697,0.0,0.0,0.0,0.0,0.0,0.0,0.0,0.0,0.46489654982182804,0.0,0.14033342114148006,0.0,0.0,0.0,0.0,0.0,0.0,0.0,0.0,0.0,0.0,0.22837367387123247,0.0,0.0,0.0,0.39963426556552106,0.0,0.0,0.19483631127263953,0.0,0.0,0.0,0.0
0.0,0.0,0.0,0.0,0.0,0.0,0.0,0.0,0.0,0.0,0.0,0.0,0.0,0.0,0.0,0.0,0.0,0.0,0.0,0.0,0.0,0.0,0.0,0.0,0.0,0.0,0.0,0.0,0.0,0.0,0.0,0.0,0.0,0.0,0.0,0.0,0.0,0.0,0.7499104030071646,0.0,0.0,0.0,0.3176273285875873,0.0,0.0,0.0,0.0,0.0,0.0,0.0,0.0,0.0,0.0,0.0,0.0,0.0,0.0,0.0,0.0,0.0,0.0,0.0,0.0,0.0,0.0,0.0,0.0,0.0,0.0,0.0,0.0,0.0,0.5802992913970727,0.0,0.0,0.0,0.0
0.0,0.0,0.0,0.0,0.0,0.0,0.0,0.0,0.0,0.0,0.0,0.0,0.0,0.0,0.0,0.0,0.0,0.0,0.0,0.0,0.0,0.0,0.0,0.0,0.536558038523895,0.0,0.0,0.0,0.0,0.0,0.0,0.0,0.0,0.684729638316322,0.0,0.4351129933702416,0.0,0.0,0.0,0.0,0.0,0.0,0.2322229030629349,0.0,0.0,0.0,0.0,0.0,0.0,0.0,0.0,0.0,0.0,0.0,0.0,0.0,0.0,0.0,0.0,0.0,0.0,0.0,0.0,0.0,0.0,0.0,0.0,0.0,0.0,0.0,0.0,0.0,0.0,0.0,0.0,0.0,0.0
0.0,0.0,0.0,0.0,0.0,0.0,0.0,0.0,0.0,0.0,0.0,0.0,0.0,0.0,0.0,0.0,0.0,0.0,0.0,0.1802797362490015,0.0,0.42721918324189934,0.0,0.0,0.0,0.0,0.0,0.0,0.0,0.0,0.0,0.0,0.0,0.0,0.3794979730833388,0.0,0.4905152246313753,0.0,0.0,0.0,0.0,0.0,0.0,0.0,0.0,0.0,0.22943360196831866,0.0,0.0,0.0,0.47699432304551,0.0,0.0,0.0,0.2961333209329422,0.0,0.0,0.0,0.0,0.0,0.0,0.0,0.0,0.0,0.0,0.0,0.0,0.0,0.0,0.0,0.0,0.0,0.0,0.0,0.1802797362490015,0.0,0.0
0.0,0.0,0.0,0.0,0.4993749616854811,0.0,0.06261667804971019,0.0,0.0,0.0,0.06332128504896341,0.0,0.08225050544317519,0.07296619756039463,0.0,0.0,0.0,0.0,0.0,0.05821176171137082,0.0,0.0,0.08225050544317519,0.0,0.0,0.17554523018097495,0.0,0.0,0.0,0.0,0.0,0.06990860632417956,0.06062429844139898,0.0,0.0612693529475859,0.0,0.0,0.0,0.0,0.0,0.0,0.0752579006555193,0.03633253643709955,0.0,0.0,0.0,0.0,0.0,0.0,0.0,0.0,0.0,0.0,0.0,0.09562052103923471,0.0752579006555193,0.0,0.0,0.08225050544317519,0.0,0.0,0.0,0.0,0.0,0.21889859268118392,0.0,0.7649592759939567,0.0,0.0,0.0,0.12523335609942038,0.0,0.0,0.0,0.0,0.0,0.0
0.0,0.0,0.0,0.0,0.0,0.0,0.0,0.5301883650793666,0.2650941825396833,0.0,0.0,0.5374345131758848,0.0,0.0,0.0,0.0,0.0,0.0,0.11191949271828132,0.0,0.0,0.0,0.0,0.0,0.0,0.0,0.0,0.0,0.0,0.1385867997058888,0.0,0.0,0.0,0.2537253624456808,0.0,0.10748690263517695,0.0,0.10231320470205119,0.0,0.0,0.0,0.0,0.057366525365847534,0.0,0.0,0.1385867997058888,0.0,0.0,0.13544097212139145,0.0,0.0,0.0,0.0,0.24156340301822815,0.37744523116280404,0.0,0.0,0.0,0.0,0.0,0.0,0.0,0.0,0.0,0.0,0.0,0.0,0.0,0.0,0.0,0.0,0.0,0.0,0.0,0.0,0.0,0.0
0.0,0.0,0.0,0.0,0.20587706886278312,0.0,0.0,0.0,0.0,0.36583882126726547,0.0,0.0,0.0,0.3308991206127768,0.0,0.0,0.0,0.0,0.0,0.0,0.0,0.0,0.0,0.0,0.0,0.0,0.0,0.0,0.0,0.0,0.0,0.0,0.0,0.0,0.0,0.0,0.0,0.0,0.0,0.0,0.36583882126726547,0.0,0.3295335308302693,0.0,0.0,0.0,0.0,0.0,0.0,0.0,0.0,0.0,0.0,0.0,0.0,0.0,0.0,0.0,0.0,0.0,0.0,0.0,0.0,0.0,0.0,0.0,0.0,0.0,0.0,0.6174426343148618,0.0,0.0,0.301025852030312,0.0,0.0,0.0,0.0
0.0,0.0,0.0,0.0,0.2779508507753146,0.0,0.0,0.0,0.0,0.0,0.0,0.41679898218084455,0.0,0.0,0.0,0.0,0.0,0.0,0.0,0.0,0.0,0.0,0.0,0.0,0.0,0.0,0.0,0.0,0.0,0.0,0.0,0.0,0.7423533130226091,0.0,0.0,0.0,0.0,0.0,0.0,0.0,0.0,0.0,0.44489716974897353,0.0,0.0,0.0,0.0,0.0,0.0,0.0,0.0,0.0,0.0,0.0,0.0,0.0,0.0,0.0,0.0,0.0,0.0,0.0,0.0,0.0,0.0,0.0,0.0,0.0,0.0,0.0,0.0,0.0,0.0,0.0,0.0,0.0,0.0
0.0,0.0,0.0,0.0,0.0,0.0,0.0,0.0,0.0,0.0,0.49635694662234847,0.0,0.0,0.1906535272181931,0.0,0.0,0.0,0.0,0.0,0.15210163153522815,0.0,0.0,0.0,0.0,0.0,0.0,0.0,0.15361639659171686,0.0,0.0,0.0,0.5479930224230597,0.0,0.0,0.16009081794573468,0.0,0.0,0.0,0.0,0.0,0.0,0.0,0.0949333589540977,0.0,0.0,0.0,0.0,0.0,0.0,0.224135353178402,0.0,0.0,0.0,0.0,0.0,0.0,0.21078466917284733,0.0,0.0,0.0,0.0,0.0,0.0,0.0,0.0,0.2032961553400275,0.0,0.0,0.0,0.0,0.3272224929353627,0.0,0.0,0.0,0.3042032630704563,0.0,0.0
0.0,0.0,0.0,0.0,0.0,0.0,0.2363007008195415,0.0,0.0,0.0,0.0,0.0,0.0,0.0,0.13767868367250577,0.0,0.12373303360274905,0.0,0.0,0.0,0.0,0.0,0.0,0.0,0.0,0.0,0.0,0.0,0.0,0.0,0.0,0.0,0.45756385214248585,0.0,0.0,0.0,0.0,0.0,0.0,0.0,0.30443240377976016,0.0,0.0,0.0,0.0,0.0,0.0,0.1583989738839031,0.6474291001132841,0.0,0.19374511914284348,0.0,0.0,0.0,0.2706371150394186,0.0,0.15221620188988008,0.0,0.0,0.0,0.0,0.0,0.0,0.0,0.0,0.0,0.0,0.0,0.0,0.0,0.11815035040977075,0.0,0.1252491786082056,0.0,0.0,0.0,0.0
0.0,0.0,0.0,0.0,0.0,0.0,0.0,0.0,0.0,0.0,0.0,0.0,0.0,0.0,0.0,0.0,0.0,0.3126714243050849,0.0,0.4512456618203926,0.0,0.26733565165927814,0.0,0.0,0.0,0.0,0.0,0.0,0.3253716237682361,0.0,0.0,0.0,0.0,0.6228354947606389,0.0,0.0,0.0,0.0,0.0,0.0,0.0,0.0,0.0,0.0,0.0,0.0,0.0,0.0,0.0,0.0,0.0,0.0,0.0,0.0,0.0,0.0,0.0,0.0,0.0,0.0,0.0,0.0,0.0,0.28713964119914753,0.0,0.0,0.0,0.0,0.0,0.0,0.0,0.0,0.0,0.0,0.2256228309101963,0.0,0.0
0.0,0.0,0.0,0.0,0.15916030089423155,0.0,0.0,0.0,0.0,0.0,0.0,0.0,0.0,0.0,0.0,0.0,0.0,0.0,0.0,0.0,0.0,0.0,0.2883628099001846,0.0,0.0,0.0,0.0,0.0,0.0,0.0,0.0,0.7352796939262679,0.0,0.0,0.0,0.0,0.0,0.0,0.0,0.0,0.0,0.0,0.1273785764762398,0.0,0.0,0.0,0.0,0.0,0.0,0.0,0.17999334907382714,0.0,0.0,0.0,0.0,0.0,0.0,0.0,0.0,0.0,0.0,0.0,0.0,0.0,0.0,0.272776347067065,0.0,0.0,0.0,0.47733512044500126,0.0,0.0,0.0,0.0,0.0,0.0,0.0
0.0,0.0,0.0,0.0,0.0,0.0,0.0,0.0,0.0,0.0,0.0,0.0,0.0,0.0,0.0,0.0,0.0,0.0,0.20385848028068926,0.0,0.0,0.0,0.0,0.0,0.0,0.0,0.0,0.5072494397346109,0.0,0.0,0.0,0.0,0.0,0.15405140945685852,0.0,0.0,0.0,0.0,0.0,0.0,0.0,0.0,0.10449165195470052,0.0,0.0,0.0,0.0,0.0,0.0,0.0,0.0,0.0,0.0,0.0,0.0,0.0,0.0,0.0,0.0,0.24143112102832162,0.0,0.0,0.7242933630849648,0.0,0.0,0.0,0.0,0.0,0.0,0.0,0.0,0.2277572457105539,0.0,0.0,0.0,0.17811838433784957,0.0
0.0,0.0,0.0,0.0,0.0,0.0,0.0,0.0,0.0,0.0,0.0,0.0,0.0,0.0,0.0,0.0,0.0,0.0,0.0,0.0,0.0,0.0,0.0,0.0,0.0,0.0,0.0,0.0,0.0,0.0,0.0,0.0,0.0,0.6938916529265651,0.0,0.0,0.0,0.0,0.0,0.0,0.0,0.0,0.0,0.0,0.0,0.0,0.0,0.0,0.0,0.0,0.0,0.0,0.0,0.0,0.0,0.0,0.0,0.0,0.0,0.0,0.0,0.0,0.0,0.0,0.0,0.0,0.4954732177477013,0.0,0.5225137935916893,0.0,0.0,0.0,0.0,0.0,0.0,0.0,0.0
0.0,0.0,0.0,0.0,0.0,0.0,0.3232848716291031,0.0,0.0,0.0,0.0,0.0,0.0,0.0,0.0,0.4334137965790111,0.0,0.0,0.0,0.30054264292373384,0.0,0.0,0.0,0.0,0.0,0.0,0.0,0.6070714345677751,0.0,0.0,0.0,0.0,0.0,0.0,0.0,0.0,0.0,0.0,0.0,0.0,0.0,0.0,0.0,0.0,0.0,0.0,0.0,0.0,0.0,0.0,0.0,0.0,0.0,0.0,0.24684052900998646,0.0,0.0,0.0,0.0,0.0,0.0,0.4334137965790111,0.0,0.0,0.0,0.0,0.0,0.0,0.0,0.0,0.0,0.0,0.0,0.0,0.0,0.0,0.0
0.0,0.0,0.0,0.0,0.0,0.0,0.0,0.0,0.0,0.0,0.0,0.0,0.0,0.0,0.0,0.0,0.2421789895650768,0.0,0.0,0.0,0.5310808402910002,0.0,0.0,0.0,0.0,0.0,0.0,0.43425040483253907,0.0,0.0,0.0,0.0,0.22389403247224157,0.19782245680743582,0.22627630918747949,0.0,0.0,0.0,0.0,0.0,0.0,0.0,0.0,0.0,0.0,0.0,0.0,0.0,0.0,0.0,0.0,0.0,0.0,0.0,0.0,0.0,0.0,0.0,0.0,0.0,0.5746875966108028,0.0,0.0,0.0,0.0,0.0,0.0,0.0,0.0,0.0,0.0,0.0,0.0,0.0,0.0,0.0,0.0
0.6351772714357233,0.0,0.0,0.0,0.0,0.0,0.0,0.0,0.32414083887145484,0.0,0.0,0.0,0.0,0.0,0.0,0.0,0.0,0.0,0.0,0.0,0.0,0.0,0.0,0.0,0.0,0.0,0.0,0.22700782209620296,0.6482816777429097,0.0,0.0,0.0,0.0,0.0,0.0,0.0,0.0,0.0,0.0,0.0,0.0,0.0,0.14028850785846916,0.0,0.0,0.0,0.0,0.0,0.0,0.0,0.0,0.0,0.0,0.0,0.0,0.0,0.0,0.0,0.0,0.0,0.0,0.0,0.0,0.0,0.0,0.0,0.0,0.0,0.0,0.0,0.0,0.0,0.0,0.0,0.0,0.0,0.0
0.4750616898872338,0.0,0.0,0.0,0.0874025809499575,0.0,0.0,0.0,0.1616209118310909,0.0,0.0,0.0,0.0,0.0,0.0,0.0,0.0,0.0,0.0,0.0,0.0,0.0,0.0,0.0,0.0,0.0,0.0,0.45275641696637065,0.0,0.0,0.0,0.13459248863814247,0.11671774947610661,0.0,0.0,0.0,0.0,0.0,0.0,0.0,0.0,0.0,0.699497065487038,0.0,0.0,0.0,0.0,0.0,0.0,0.0,0.0,0.0,0.0,0.0,0.0,0.0,0.0,0.0,0.0,0.0,0.0,0.0,0.0,0.0,0.0,0.0,0.0,0.0,0.0,0.0,0.12055360522970278,0.0,0.0,0.0,0.0,0.0,0.0
0.0,0.0,0.0,0.0,0.0,0.0,0.0,0.0,0.0,0.0,0.20464568284007764,0.0,0.0,0.0,0.0,0.2713065263231205,0.10596526831918833,0.0,0.0,0.0,0.0,0.22291405185865246,0.2658223192619124,0.0,0.0,0.0,0.0,0.5700179947290329,0.0,0.14183450901195951,0.0,0.22593499905359385,0.0,0.0,0.19801412055098053,0.0,0.0,0.0,0.0,0.0,0.0,0.0,0.0,0.24722431526711003,0.0,0.0,0.0,0.0,0.0,0.0,0.08296189359350026,0.0,0.25594060498689053,0.0,0.15451618524850624,0.0,0.0,0.0,0.0,0.0,0.0,0.0,0.0,0.0,0.0,0.0,0.0,0.0,0.0,0.0,0.0,0.0,0.0,0.0,0.0,0.4003185664148049,0.0
0.0,0.0,0.0,0.0,0.33019194453287715,0.0,0.0,0.0,0.0,0.0,0.0,0.0,0.0,0.0,0.0,0.0,0.0,0.0,0.0,0.0,0.0,0.0,0.0,0.30528802796589816,0.0,0.0,0.2694159183191838,0.21380450109856963,0.0,0.0,0.0,0.5084673136642546,0.0,0.0,0.0,0.0,0.0,0.0,0.0,0.0,0.0,0.27368720813053865,0.264257981558288,0.0,0.0,0.0,0.0,0.0,0.0,0.0,0.0,0.0,0.0,0.0,0.0,0.27368720813053865,0.2933717495763581,0.0,0.0,0.0,0.0,0.0,0.0,0.0,0.26535306890388477,0.0,0.0,0.0,0.0,0.0,0.0,0.0,0.0,0.0,0.21169623925693246,0.0,0.0
0.0,0.0,0.0,0.0,0.0,0.0,0.0,0.0,0.0,0.0,0.0,0.0,0.0,0.0,0.0,0.0,0.0,0.0,0.0,0.11908529467658745,0.1470896919382411,0.0,0.0,0.0,0.0,0.0,0.15155429371923893,0.8418987731719522,0.34346679845766526,0.0,0.0,0.0,0.0,0.0,0.0,0.0,0.0,0.0,0.0,0.0,0.0,0.0,0.1486528042017563,0.0,0.0,0.0,0.0,0.0,0.0,0.0,0.0,0.0,0.0,0.0,0.0,0.0,0.1650301458859882,0.0,0.0,0.0,0.0,0.0,0.0,0.0,0.0,0.0,0.0,0.0,0.1650301458859882,0.0,0.0,0.0,0.0,0.0,0.11908529467658745,0.0,0.15395701852729257
0.0,0.0,0.0,0.0,0.0,0.0,0.0,0.0,0.0,0.0,0.0,0.0,0.0,0.0,0.0,0.0,0.0,0.0,0.0,0.0,0.0,0.0,0.0,0.0,0.0,0.0,0.0,0.0,0.0,0.0,0.0,0.0,0.0,0.0,0.0,0.0,0.0,0.0,0.0,0.0,0.0,0.0,0.0,0.0,0.0,0.0,0.0,0.0,0.0,0.0,0.0,0.0,0.0,0.0,0.0,0.0,0.0,0.0,0.0,0.0,0.0,0.0,0.0,0.0,0.0,0.0,0.0,0.0,0.0,0.0,0.0,0.0,0.0,0.0,0.0,0.0,0.0
0.0,0.0,0.0,0.2818716375245537,0.0,0.0,0.0,0.0,0.0,0.0,0.0,0.2285792088529457,0.0,0.0,0.0,0.2818716375245537,0.0,0.0,0.0,0.0,0.0,0.46318936500479646,0.0,0.0,0.0,0.0,0.0,0.0,0.0,0.0,0.0,0.0,0.4071183957604915,0.35971106675577613,0.0,0.2285792088529457,0.26590734257074106,0.0,0.0,0.0,0.0,0.0,0.12199435150972972,0.0,0.0,0.0,0.0,0.2818716375245537,0.0,0.0,0.0,0.0,0.0,0.0,0.0,0.0,0.0,0.0,0.0,0.0,0.0,0.0,0.0,0.24875101253656964,0.0,0.0,0.0,0.0,0.0,0.0,0.0,0.0,0.0,0.0,0.0,0.0,0.0
0.0,0.0,0.0,0.0,0.0,0.0,0.0,0.0,0.0,0.0,0.0,0.0,0.0,0.0,0.0,0.0,0.0,0.0,0.0,0.0,0.0,0.0,0.0,0.0,0.0,0.0,0.0,0.28528424231753124,0.0,0.0,0.0,0.0,0.0,0.0,0.0,0.0,0.0,0.0,0.0,0.0,0.0,0.0,0.35260547676898607,0.0,0.0,0.0,0.7189756598298711,0.0,0.0,0.0,0.24912603995563543,0.0,0.0,0.0,0.46399622371960403,0.0,0.0,0.0,0.0,0.0,0.0,0.0,0.0,0.0,0.0,0.0,0.0,0.0,0.0,0.0,0.0,0.0,0.0,0.0,0.0,0.0,0.0
0.0,0.0,0.0,0.0,0.15213786941096563,0.0,0.20984241483622396,0.0,0.0,0.0,0.0,0.0,0.0,0.0,0.0,0.0,0.0,0.0,0.0,0.0,0.0,0.0,0.0,0.28132648842850516,0.0,0.0,0.0,0.0,0.0,0.0,0.0,0.0,0.0,0.3590153736218279,0.41065445751585494,0.0,0.0,0.0,0.0,0.0,0.0,0.0,0.0,0.0,0.2941455548385408,0.0,0.0,0.0,0.0,0.0,0.17205172698456953,0.0,0.0,0.0,0.0,0.0,0.0,0.0,0.0,0.28132648842850516,0.0,0.0,0.28132648842850516,0.0,0.0,0.0,0.0,0.0,0.0,0.0,0.0,0.5307861379012689,0.0,0.0,0.0,0.0,0.0
0.0,0.0,0.0,0.0,0.05399610940936861,0.0,0.0,0.0,0.0,0.0,0.0,0.0,0.0,0.0,0.0,0.0,0.0,0.0,0.08430848697265947,0.0,0.0,0.0,0.0,0.0,0.0,0.0,0.0,0.0,0.0,0.0,0.6121627156979854,0.0,0.07210661632904782,0.0,0.0,0.0,0.0,0.0,0.0,0.0,0.0,0.0,0.0,0.0,0.0,0.0,0.0,0.0,0.0,0.0,0.12212769786113527,0.0,0.0,0.5459061113071043,0.05686558361103761,0.5370710465417701,0.0,0.0,0.0,0.0,0.0,0.0,0.0,0.0,0.0,0.0,0.0,0.0,0.0,0.0,0.0,0.0,0.0,0.0,0.0,0.07366331518248465,0.0
0.0,0.0,0.0,0.0,0.4080183130488198,0.0,0.28138802140144714,0.0,0.0,0.0,0.0,0.0,0.4928251855956587,0.0,0.10929896315273878,0.0,0.0,0.0,0.42471463230169243,0.0,0.10770334037999163,0.0,0.0,0.12574817791801496,0.12574817791801496,0.0,0.0,0.0,0.0,0.0,0.0,0.0,0.09081154264647787,0.0,0.0,0.0,0.0,0.09706511810239278,0.12849361910957896,0.0,0.0,0.11273179617029766,0.16327184480171802,0.0,0.0,0.0,0.0,0.0,0.0,0.0,0.0,0.0,0.11862620913882967,0.0,0.0,0.0,0.0,0.0,0.0,0.0,0.0,0.0,0.0,0.3329173540457061,0.0,0.0,0.0,0.0,0.0,0.0,0.0,0.0,0.0,0.0,0.0,0.2783161779904649,0.0
0.0,0.0,0.0,0.0,0.0,0.0,0.0,0.48238773640145927,0.0,0.0,0.0,0.19559223502471731,0.0,0.0,0.0,0.0,0.0,0.0,0.0,0.16725135004517855,0.0,0.19817253632908488,0.0,0.0,0.0,0.0,0.0,0.0,0.0,0.5043684622934991,0.0,0.0,0.0,0.0,0.0,0.39118447004943463,0.0,0.0,0.0,0.0,0.0,0.0,0.0,0.0,0.0,0.0,0.0,0.0,0.0,0.0,0.0,0.0,0.0,0.0,0.0,0.0,0.0,0.0,0.0,0.0,0.0,0.0,0.0,0.0,0.0,0.0,0.0,0.5043684622934991,0.0,0.0,0.0,0.0,0.0,0.0,0.0,0.0,0.0
0.0,0.0,0.09800634692410526,0.0,0.0,0.0,0.0,0.0,0.0,0.0,0.0,0.0,0.0,0.0,0.0,0.09591230782905348,0.0,0.0,0.24295795708893936,0.0,0.0,0.0,0.0,0.0,0.0,0.0,0.0,0.8732221908473274,0.19182461565810696,0.0,0.0,0.0,0.0,0.24479737562238318,0.0,0.07777852229249381,0.0,0.0,0.0,0.0,0.0,0.0,0.0,0.0,0.0,0.0,0.0,0.0,0.0,0.0,0.0,0.09397353045063389,0.0,0.0,0.054624575844060094,0.0,0.0,0.0,0.0,0.0,0.0,0.0,0.0,0.0,0.0,0.0,0.0,0.0,0.0,0.0,0.0,0.0,0.0,0.0,0.0,0.21228098394102357,0.0
0.0,0.0,0.0,0.0,0.0,0.0,0.0,0.5571539277384845,0.0,0.0,0.0,0.0,0.0,0.0,0.0,0.0,0.0,0.0,0.0,0.0,0.0,0.0,0.0,0.0,0.0,0.0,0.0,0.0,0.0,0.29127074403937175,0.0,0.0,0.0,0.0,0.0,0.0,0.0,0.21503377898806264,0.0,0.0,0.0,0.0,0.0,0.0,0.0,0.0,0.0,0.0,0.0,0.0,0.0,0.0,0.0,0.0,0.0,0.0,0.0,0.0,0.27294579172957145,0.0,0.0,0.0,0.0,0.0,0.4842721988225975,0.0,0.0,0.0,0.0,0.0,0.0,0.0,0.0,0.0,0.0,0.0,0.49948209236276686
0.0,0.0,0.0,0.0,0.0,0.0,0.0,0.0,0.0,0.0,0.0,0.0,0.0,0.0,0.0,0.0,0.4232847160889258,0.0,0.0,0.0,0.0,0.0,0.0,0.0,0.0,0.0,0.0,0.0,0.0,0.0,0.0,0.0,0.0,0.0,0.0,0.0,0.0,0.0,0.0,0.0,0.0,0.0,0.0,0.0,0.5665665819662535,0.0,0.4782035205634022,0.0,0.0,0.0,0.0,0.0,0.0,0.0,0.0,0.0,0.0,0.0,0.0,0.0,0.0,0.0,0.0,0.0,0.0,0.0,0.0,0.0,0.520724255480155,0.0,0.0,0.0,0.0,0.0,0.0,0.0,0.0
0.0,0.0,0.0,0.0,0.3885227377107556,0.0,0.0,0.0,0.0,0.34519798922911554,0.0,0.2913030868231831,0.0,0.0,0.0,0.0,0.0,0.0,0.0,0.0,0.0,0.0,0.0,0.0,0.0,0.0,0.0,0.0,0.0,0.0,0.0,0.0,0.0,0.0,0.0,0.0,0.0,0.27728171174155497,0.3670621470525274,0.0,0.0,0.0,0.0,0.0,0.0,0.0,0.0,0.0,0.0,0.0,0.0,0.0,0.0,0.0,0.0,0.0,0.0,0.0,0.0,0.0,0.0,0.0,0.0,0.0,0.0,0.0,0.0,0.0,0.0,0.0,0.26794298426703705,0.0,0.28404180416635016,0.0,0.0,0.5300358339999863,0.0
0.0,0.0,0.0,0.0,0.2610145011106332,0.0,0.0,0.0,0.0,0.0,0.0,0.0,0.0,0.0,0.1398398720197057,0.0,0.0,0.30921118104584666,0.0,0.0,0.0,0.0,0.0,0.0,0.0,0.0,0.0,0.11267400898872094,0.0,0.0,0.0,0.0,0.2323731924858118,0.20531425213143936,0.0,0.0,0.0,0.1241875796575304,0.0,0.0,0.0,0.0,0.0,0.0,0.0,0.0,0.0,0.0,0.0,0.0,0.09839320054012238,0.0,0.0,0.0,0.2748853963545878,0.0,0.0,0.15177338764847295,0.0,0.0,0.298225883986004,0.0,0.1608854155568974,0.0,0.0,0.0,0.0,0.0,0.0,0.0,0.12000499597807507,0.3035467752969459,0.0,0.5287542522886196,0.0,0.0,0.2884638517014323
0.0,0.0,0.0,0.035237880156389303,0.0,0.0,0.0,0.0,0.035237880156389303,0.0,0.0,0.0,0.0,0.0,0.09188515878070748,0.0,0.24773398036077307,0.03386244335135452,0.5355719345342151,0.0,0.0,0.0,0.0,0.0,0.0,0.0,0.0,0.0,0.0,0.0,0.03600722353206686,0.0,0.0,0.0,0.0,0.0,0.03324212096151572,0.0,0.0,0.0,0.0,0.0,0.0,0.0,0.0,0.3315919265566185,0.2798760670272305,0.035237880156389303,0.0,0.0,0.043101082802750906,0.0,0.0,0.03211003034535343,0.0,0.6002167362712361,0.0,0.0,0.0,0.0,0.0,0.0,0.0,0.0,0.0,0.0,0.0,0.0,0.0,0.028575584399124745,0.0,0.0,0.0,0.2895256060009105,0.0,0.0,0.0
0.7300709670578894,0.5193908344193178,0.0,0.0,0.13431958028995694,0.0,0.0,0.0,0.0,0.0,0.0,0.0,0.0,0.0,0.0,0.0,0.0,0.0,0.0,0.0,0.0,0.0,0.0,0.0,0.0,0.0,0.0,0.0,0.0,0.0,0.0,0.20684064918411188,0.0,0.0,0.0,0.0,0.0,0.0,0.0,0.0,0.0,0.0,0.0,0.22633075034035183,0.0,0.0,0.0,0.0,0.0,0.0,0.0,0.0,0.0,0.0,0.0,0.0,0.0,0.0,0.0,0.0,0.0,0.0,0.0,0.0,0.2158872342827428,0.0,0.0,0.0,0.0,0.0,0.0,0.0,0.1963971331265028,0.0,0.0,0.0,0.0
0.0,0.0,0.0,0.0,0.2955192478655361,0.0,0.0,0.0,0.0,0.0,0.0,0.22157176598241834,0.5354146744842176,0.0,0.23748895343956478,0.0,0.0,0.0,0.0,0.0,0.0,0.22449479570649308,0.0,0.0,0.0,0.0,0.0,0.0,0.0,0.0,0.0,0.0,0.0,0.0,0.0,0.0,0.0,0.0,0.0,0.27323043429925936,0.0,0.0,0.0,0.0,0.0,0.0,0.0,0.0,0.0,0.0,0.33420079530035685,0.0,0.0,0.0,0.0,0.0,0.0,0.0,0.0,0.0,0.0,0.0,0.0,0.0,0.0,0.0,0.0,0.0,0.0,0.0,0.203803539653813,0.0,0.0,0.44898959141298617,0.0,0.20157866683476983,0.0
0.0,0.0,0.0,0.0,0.0,0.0,0.0,0.0,0.0,0.0,0.0,0.0,0.0,0.0,0.0,0.0,0.0,0.0,0.0,0.0,0.0,0.0,0.0,0.0,0.21060427046000663,0.0,0.0,0.0,0.0,0.0,0.0,0.0,0.0,0.2687630705089718,0.0,0.0,0.0,0.1625656031246573,0.0,0.0,0.0,0.0,0.0,0.0,0.0,0.0,0.0,0.0,0.0,0.0,0.0,0.0,0.0,0.0,0.0,0.0,0.0,0.0,0.0,0.8424170818400265,0.0,0.0,0.0,0.0,0.0,0.0,0.3838204503403228,0.0,0.0,0.0,0.0,0.0,0.0,0.0,0.0,0.0,0.0
0.0,0.0,0.0,0.0,0.0,0.0,0.3181326861075295,0.0,0.0,0.0,0.0,0.3458684829385733,0.0,0.18535742511374287,0.0,0.0,0.0,0.0,0.0,0.0,0.0,0.1752156328996603,0.0,0.0,0.2132532441232405,0.0,0.18819545261180615,0.14934913685024687,0.2132532441232405,0.0,0.0,0.0,0.1540050630858725,0.0,0.0,0.17293424146928665,0.0,0.0,0.0,0.0,0.0,0.0,0.2768887084841368,0.0,0.0,0.0,0.0,0.0,0.0,0.43581834071773223,0.0,0.0,0.20117527232395202,0.0,0.0,0.0,0.20492935064672024,0.0,0.0,0.0,0.0,0.0,0.0,0.0,0.0,0.19764885779545727,0.19432406573982633,0.0,0.0,0.17293424146928665,0.15906634305376474,0.0,0.0,0.1752156328996603,0.0,0.0,0.0
0.0,0.4400547426675601,0.0,0.0,0.2276049726822568,0.0,0.0,0.0,0.0,0.0,0.0,0.0,0.0,0.0,0.0,0.0,0.0,0.0,0.0,0.0,0.0,0.0,0.0,0.0,0.0,0.0,0.0,0.0,0.0,0.0,0.0,0.35049216358108326,0.0,0.0,0.3071786036790861,0.0,0.0,0.0,0.0,0.0,0.0,0.0,0.36431192019981995,0.3835182043985448,0.0,0.0,0.0,0.0,0.0,0.0,0.25739698322234766,0.0,0.0,0.0,0.2397004107504298,0.0,0.0,0.0,0.0,0.0,0.0,0.0,0.0,0.0,0.3658216319266269,0.0,0.0,0.0,0.0,0.0,0.0,0.0,0.0,0.0,0.0,0.0,0.0
0.0,0.0,0.0,0.0,0.0,0.0,0.35264556302949107,0.0,0.0,0.0,0.0,0.0,0.0,0.0,0.0,0.0,0.0,0.0,0.0,0.0,0.0,0.0,0.0,0.0,0.0,0.0,0.0,0.0,0.47277638309876124,0.0,0.0,0.0,0.0,0.30166727414456307,0.0,0.0,0.0,0.0,0.0,0.47277638309876124,0.0,0.0,0.20461813317498037,0.0,0.0,0.0,0.0,0.0,0.0,0.0,0.0,0.0,0.0,0.0,0.0,0.0,0.0,0.0,0.0,0.0,0.0,0.0,0.0,0.4172239712800108,0.0,0.0,0.0,0.0,0.0,0.0,0.0,0.0,0.0,0.0,0.0,0.34879581866649706,0.0
0.0,0.0,0.0,0.0,0.0,0.0,0.6830964475208061,0.0,0.0,0.0,0.0,0.24755030665086822,0.0,0.0,0.0,0.0,0.0,0.0,0.0,0.0,0.0,0.0,0.0,0.0,0.0,0.0,0.0,0.0,0.0,0.0,0.0,0.0,0.22045374165801,0.0,0.0,0.24755030665086822,0.0,0.0,0.0,0.0,0.0,0.0,0.396358084501064,0.0,0.0,0.0,0.0,0.0,0.0,0.0,0.0,0.0,0.0,0.27816921423326674,0.0,0.0,0.0,0.0,0.0,0.0,0.0,0.0,0.0,0.0,0.0,0.0,0.0,0.0,0.0,0.0,0.0,0.287976515993861,0.0,0.0,0.21168081128692798,0.0,0.0
0.0,0.0,0.0,0.0,0.24882251366303007,0.0,0.0,0.0,0.0,0.0,0.0,0.0,0.0,0.0,0.0,0.0,0.0,0.0,0.0,0.0,0.0,0.0,0.0,0.0,0.0,0.0,0.0,0.0,0.0,0.0,0.0,0.0,0.0,0.2935860350027237,0.6716281407228528,0.0,0.0,0.3551603332914096,0.0,0.0,0.0,0.0,0.0,0.0,0.0,0.0,0.0,0.0,0.0,0.0,0.0,0.0,0.0,0.0,0.5240909987695737,0.0,0.0,0.0,0.0,0.0,0.0,0.0,0.0,0.0,0.0,0.0,0.0,0.0,0.0,0.0,0.0,0.0,0.0,0.0,0.0,0.0,0.0
0.0,0.0,0.0,0.0,0.9544996608217498,0.0,0.0,0.0,0.0,0.0,0.0,0.0,0.0,0.0,0.15341344236915475,0.0,0.0,0.0,0.0,0.0,0.0,0.0,0.0,0.0,0.0,0.0,0.0,0.0,0.0,0.0,0.0,0.0,0.0,0.0,0.0,0.0,0.0,0.0,0.0,0.0,0.0,0.0,0.0,0.0,0.0,0.0,0.0,0.0,0.0,0.0,0.0,0.0,0.0,0.0,0.0,0.0,0.0,0.0,0.0,0.0,0.0,0.0,0.0,0.0,0.0,0.0,0.24125219565946335,0.0,0.08480619836485298,0.0,0.0,0.0,0.0,0.0,0.0,0.0,0.0
0.0,0.0,0.0,0.0,0.0,0.0,0.0,0.0,0.0,0.0,0.0,0.0,0.0,0.0,0.0,0.0,0.0,0.0,0.0,0.0,0.0,0.0,0.0,0.0,0.0,0.0,0.0,0.0,0.6324112219539477,0.0,0.0,0.0,0.0,0.4035264372023991,0.0,0.0,0.0,0.0,0.0,0.0,0.0,0.0,0.0,0.0,0.6612279945869297,0.0,0.0,0.0,0.0,0.0,0.0,0.0,0.0,0.0,0.0,0.0,0.0,0.0,0.0,0.0,0.0,0.0,0.0,0.0,0.0,0.0,0.0,0.0,0.0,0.0,0.0,0.0,0.0,0.0,0.0,0.0,0.0
0.0,0.0,0.8838532758657479,0.0,0.46776424269217715,0.0,0.0,0.0,0.0,0.0,0.0,0.0,0.0,0.0,0.0,0.0,0.0,0.0,0.0,0.0,0.0,0.0,0.0,0.0,0.0,0.0,0.0,0.0,0.0,0.0,0.0,0.0,0.0,0.0,0.0,0.0,0.0,0.0,0.0,0.0,0.0,0.0,0.0,0.0,0.0,0.0,0.0,0.0,0.0,0.0,0.0,0.0,0.0,0.0,0.0,0.0,0.0,0.0,0.0,0.0,0.0,0.0,0.0,0.0,0.0,0.0,0.0,0.0,0.0,0.0,0.0,0.0,0.0,0.0,0.0,0.0,0.0
0.0,0.0,0.7147008358648146,0.0,0.0,0.0,0.0,0.0,0.6994302790229596,0.0,0.0,0.0,0.0,0.0,0.0,0.0,0.0,0.0,0.0,0.0,0.0,0.0,0.0,0.0,0.0,0.0,0.0,0.0,0.0,0.0,0.0,0.0,0.0,0.0,0.0,0.0,0.0,0.0,0.0,0.0,0.0,0.0,0.0,0.0,0.0,0.0,0.0,0.0,0.0,0.0,0.0,0.0,0.0,0.0,0.0,0.0,0.0,0.0,0.0,0.0,0.0,0.0,0.0,0.0,0.0,0.0,0.0,0.0,0.0,0.0,0.0,0.0,0.0,0.0,0.0,0.0,0.0
0.0,0.0,0.0,0.0,0.35178384677645796,0.0,0.0,0.0,0.0,0.0,0.0,0.0,0.6373535232342097,0.0,0.0,0.0,0.0,0.6251118133576091,0.0,0.0,0.0,0.0,0.0,0.0,0.0,0.0,0.0,0.0,0.0,0.0,0.0,0.0,0.0,0.0,0.0,0.0,0.0,0.0,0.0,0.0,0.0,0.0,0.2815383319707264,0.0,0.0,0.0,0.0,0.0,0.0,0.0,0.0,0.0,0.0,0.0,0.0,0.0,0.0,0.0,0.0,0.0,0.0,0.0,0.0,0.0,0.0,0.0,0.0,0.0,0.0,0.0,0.0,0.0,0.0,0.0,0.0,0.0,0.0
0.0,0.0,0.0,0.0,0.13301908451845793,0.0,0.0,0.0,0.0,0.0,0.0,0.0,0.0,0.0,0.0,0.0,0.0,0.23637185702657165,0.0,0.0,0.0,0.0,0.0,0.0,0.0,0.0,0.0,0.0,0.0,0.0,0.0,0.0,0.5329026218775743,0.0,0.0,0.0,0.0,0.0,0.0,0.0,0.0,0.0,0.31937200799953797,0.0,0.0,0.0,0.0,0.0,0.0,0.0,0.0,0.0,0.0,0.0,0.0,0.0,0.23637185702657165,0.0,0.0,0.0,0.0,0.24597289344486545,0.0,0.6512113830072401,0.0,0.0,0.0,0.0,0.0,0.0,0.0,0.0,0.0,0.0,0.0,0.0,0.0
0.0,0.0,0.0,0.0,0.0,0.0,0.0,0.803408716957156,0.0,0.0,0.0,0.0,0.0,0.0,0.0,0.0,0.0,0.0,0.0,0.0,0.0,0.0,0.0,0.0,0.0,0.0,0.0,0.28132842458934276,0.0,0.0,0.0,0.0,0.0,0.0,0.0,0.0,0.0,0.3100759123793483,0.0,0.0,0.0,0.0,0.17385808356457028,0.0,0.0,0.0,0.0,0.0,0.0,0.0,0.0,0.0,0.0,0.0,0.0,0.0,0.0,0.0,0.0,0.0,0.0,0.0,0.0,0.0,0.0,0.0,0.0,0.0,0.3860246706840176,0.0,0.0,0.0,0.0,0.0,0.0,0.0,0.0
0.0,0.0,0.0,0.0,0.0,0.0,0.0,0.0,0.0,0.0,0.0,0.0,0.0,0.0,0.0,0.0,0.0,0.0,0.0,0.0,0.0,0.0,0.0,0.0,0.0,0.0,0.0,0.0,0.0,0.0,0.0,0.0,0.0,0.0,0.0,0.0,0.0,0.0,0.0,0.0,0.0,0.0,1.0,0.0,0.0,0.0,0.0,0.0,0.0,0.0,0.0,0.0,0.0,0.0,0.0,0.0,0.0,0.0,0.0,0.0,0.0,0.0,0.0,0.0,0.0,0.0,0.0,0.0,0.0,0.0,0.0,0.0,0.0,0.0,0.0,0.0,0.0
0.0,0.0,0.0,0.0,0.0,0.0,0.0,0.0,0.0,0.0,0.0,0.0,0.18570232030955836,0.0,0.0,0.0,0.0,0.0,0.0,0.5257139350506272,0.1623355363990211,0.0,0.0,0.0,0.0,0.0,0.0,0.0,0.0,0.0,0.0,0.0,0.0,0.0,0.13833180653330643,0.0,0.0,0.0,0.0,0.0,0.0,0.33982932258116105,0.0,0.0,0.0,0.0,0.5017886822718498,0.0,0.0,0.0,0.0,0.0,0.0,0.0,0.0,0.0,0.0,0.0,0.0,0.0,0.0,0.0,0.0,0.0,0.0,0.0,0.0,0.0,0.0,0.0,0.0,0.0,0.0,0.0,0.5257139350506272,0.0,0.0
0.0,0.0,0.0,0.0,0.0,0.5330806451491091,0.0,0.0,0.0,0.0,0.3845772562521081,0.0,0.0,0.0,0.0,0.0,0.0,0.0,0.0,0.0,0.0,0.0,0.0,0.0,0.0,0.0,0.0,0.0,0.0,0.0,0.0,0.0,0.0,0.0,0.0,0.0,0.0,0.0,0.0,0.0,0.0,0.0,0.22066303873737045,0.0,0.0,0.0,0.0,0.0,0.0,0.0,0.0,0.0,0.0,0.0,0.0,0.0,0.0,0.0,0.0,0.0,0.0,0.0,0.0,0.0,0.0,0.4725414532382206,0.0,0.0,0.0,0.4134534279126215,0.0,0.0,0.0,0.0,0.3535449349022173,0.0,0.0
0.0,0.0,0.0,0.0,0.0,0.0,0.0,0.0,0.0,0.0,0.0,0.0,0.0,0.0,0.0,0.0,0.0,0.0,0.0,0.0,0.0,0.0,0.0,0.0,0.0,0.0,0.0,0.0,0.0,0.0,0.0,0.0,0.0,0.4210026374767712,0.0,0.0,0.0,0.0,0.0,0.0,0.0,0.0,0.0,0.0,0.0,0.0,0.0,0.0,0.0,0.0,0.0,0.0,0.0,0.0,0.0,0.0,0.0,0.0,0.0,0.6598001217922106,0.0,0.0,0.0,0.0,0.0,0.0,0.0,0.0,0.0,0.0,0.0,0.6224311837629816,0.0,0.0,0.0,0.0,0.0
0.0,0.0,0.0,0.0,0.0,0.0,0.0,0.0,0.0,0.0,0.4706664585286612,0.0,0.0,0.0,0.0,0.0,0.2437104798629271,0.0,0.0,0.2163437121358116,0.0,0.0,0.0,0.0,0.0,0.0,0.0,0.6554947730961408,0.0,0.0,0.0,0.0,0.0,0.0,0.0,0.0,0.0,0.0,0.0,0.0,0.0,0.0,0.13502968426012013,0.28429672034634296,0.0,0.0,0.0,0.0,0.0,0.0,0.19080481009217454,0.0,0.0,0.0,0.0,0.0,0.0,0.0,0.0,0.0,0.0,0.0,0.0,0.0,0.0,0.0,0.0,0.0,0.0,0.0,0.23271456098606855,0.0,0.0,0.0,0.0,0.23017407370006285,0.0
0.0,0.0,0.0,0.0,0.2110383889686539,0.0,0.0,0.0,0.0,0.0,0.0,0.15823046678551864,0.0,0.0,0.0,0.19512133672578275,0.15241863202598724,0.375010368512157,0.0,0.0,0.0,0.0,0.0,0.0,0.0,0.0,0.0,0.0,0.19512133672578275,0.0,0.0,0.0,0.0,0.0,0.0,0.15823046678551864,0.0,0.0,0.0,0.0,0.0,0.17492403567539652,0.0,0.0,0.0,0.0,0.0,0.0,0.0,0.0,0.35799291217904833,0.0,0.0,0.0,0.22225344167025227,0.0,0.0,0.0,0.0,0.0,0.0,0.0,0.3902426734515655,0.0,0.0,0.0,0.0,0.0,0.0,0.0,0.0,0.5522108919853707,0.0,0.0,0.0,0.0,0.0
0.0,0.0,0.0,0.0,0.38100229825543513,0.0,0.0,0.0,0.0,0.0,0.0,0.0,0.17257270293861857,0.0,0.0,0.0,0.1375859846700123,0.0,0.0,0.0,0.0,0.0,0.0,0.0,0.17613306776673232,0.0,0.0,0.0,0.0,0.0,0.0,0.0,0.0,0.0,0.25710280535041874,0.0,0.0,0.40787176341420445,0.17997855473481067,0.0,0.0,0.0,0.0,0.16049881904670965,0.0,0.0,0.0,0.0,0.0,0.0,0.0,0.0,0.0,0.0,0.10031240345106597,0.0,0.16925808258275207,0.0,0.0,0.0,0.6529795090758128,0.0,0.0,0.0,0.0,0.0,0.0,0.0,0.0,0.0,0.0,0.0,0.13927187482726797,0.0,0.0,0.0,0.0
0.0,0.0,0.0,0.0,0.5243875730526907,0.0,0.0,0.16161230936302592,0.0,0.15530411155265714,0.0,0.0,0.633381872207358,0.0,0.0,0.16161230936302592,0.12624312402231594,0.15530411155265714,0.1364614455711957,0.0,0.0,0.0,0.0,0.0,0.0,0.0,0.14262245731950993,0.0,0.0,0.16897641836668398,0.0,0.0,0.0,0.0,0.0,0.0,0.0,0.0,0.0,0.0,0.0,0.0,0.06994598339116236,0.14726697902366512,0.0,0.0,0.0,0.16161230936302592,0.0,0.0,0.0,0.0,0.0,0.0,0.09204245054627033,0.0,0.0,0.0,0.0,0.0,0.14978664677583226,0.0,0.16161230936302592,0.0,0.0,0.0,0.0,0.0,0.0,0.0,0.0,0.0,0.0,0.13278580209102792,0.11206701532888873,0.0,0.0
