alleluja,amen,bo,boga,bogiem,bogu,boże,bóg,chcę,chwała,chwałę,ci,ciebie,cię,czas,cześć,daj,dobry,duch,duchu,dzień,gdy,go,imię,jak,jego,jesteś,jezu,jezus,królem,miłości,miłość,moc,mym,nie,nieba,niech,nim,on,pan,pana,panem,panie,panu,pieśń,przyjdź,serca,serce,siebie,swe,swej,swym,swą,tobie,tobą,twa,twe,twej,twych,twym,twój,ty,tyś,wciąż,wieki,ziemi,świat,święty,życie
0.0,0.0,0.32927331670048016,0.0,0.0,0.0,0.0,0.24005238707885093,0.0,0.0,0.0,0.0,0.49563022893585035,0.0,0.0,0.0,0.0,0.0,0.0,0.0,0.0,0.0,0.0,0.0,0.0,0.0,0.0,0.0,0.0,0.0,0.0,0.0,0.0,0.0,0.0,0.0,0.0,0.0,0.0,0.0,0.0,0.0,0.20534431010172668,0.0,0.0,0.0,0.0,0.0,0.7028260357646336,0.0,0.0,0.0,0.0,0.0,0.0,0.0,0.0,0.0,0.0,0.0,0.0,0.22841604210742977,0.0,0.0,0.0,0.0,0.0,0.0,0.0
0.9104703704548377,0.04858443189081817,0.0,0.0,0.04858443189081817,0.0,0.0,0.0,0.0,0.13939236865491603,0.0,0.0,0.0,0.0,0.0,0.04037721322879125,0.0,0.0,0.0,0.0,0.0,0.0,0.0,0.08329501514109156,0.0,0.17716994938183991,0.0,0.0,0.0,0.0,0.0,0.0,0.0,0.0,0.0,0.0,0.11936029464620339,0.0,0.06852311062883976,0.0,0.2826404926015388,0.046464122884972,0.0,0.046464122884972,0.0,0.0,0.0,0.0,0.0,0.0,0.0,0.0,0.0,0.0,0.0,0.0,0.0,0.0,0.0,0.0,0.0,0.0,0.0,0.046464122884972,0.04037721322879125,0.0,0.0,0.0,0.0
0.6238632210360328,0.6658105778108909,0.0,0.0,0.0,0.0,0.0,0.0,0.0,0.0,0.0,0.0,0.0,0.0,0.0,0.0,0.0,0.0,0.0,0.0,0.0,0.0,0.0,0.0,0.0,0.0,0.0,0.0,0.07022796632052934,0.0,0.0,0.0,0.0,0.0,0.0,0.0,0.0,0.0779829026295041,0.23476353486912768,0.0,0.0,0.31837672379334764,0.0,0.0,0.0,0.0,0.0,0.0,0.0,0.0,0.0,0.0,0.0,0.0,0.0,0.0,0.0,0.0,0.0,0.0,0.0,0.0,0.0,0.0,0.0,0.0,0.0,0.0,0.0
0.0,0.0,0.0,0.0,0.0,0.0,0.0,0.0,0.0,0.0,0.0,0.0,0.0,0.0,0.0,0.0,0.0,0.0,0.0,0.0,0.0,0.0,0.0,0.0,0.0,0.0,0.607760369232855,0.0,0.0,0.0,0.0,0.0,0.0,0.0,0.0,0.0,0.0,0.0,0.0,0.0,0.0,0.0,0.4521031159966387,0.0,0.0,0.0,0.0,0.0,0.0,0.0,0.0,0.0,0.0,0.0,0.0,0.0,0.652863007143209,0.0,0.0,0.0,0.0,0.0,0.0,0.0,0.0,0.0,0.0,0.0,0.0
0.0,0.0,0.4689422979727713,0.0,0.0,0.0,0.0,0.0,0.0,0.0,0.0,0.0,0.35293169338918606,0.0,0.0,0.0,0.0,0.0,0.0,0.0,0.0,0.0,0.0,0.0,0.0,0.0,0.0,0.0,0.0,0.0,0.0,0.7385923388828692,0.0,0.0,0.0,0.0,0.0,0.0,0.0,0.3316831287795491,0.0,0.0,0.0,0.0,0.0,0.0,0.0,0.0,0.0,0.0,0.0,0.0,0.0,0.0,0.0,0.0,0.0,0.0,0.0,0.0,0.0,0.0,0.0,0.0,0.0,0.0,0.0,0.0,0.0
0.0,0.0,0.553159088112814,0.0,0.0,0.0,0.0,0.0,0.0,0.0,0.0,0.0,0.0,0.0,0.0,0.0,0.0,0.0,0.0,0.0,0.0,0.0,0.0,0.0,0.0,0.0,0.0,0.0,0.0,0.0,0.5060614393939217,0.43561762974864016,0.0,0.0,0.4981507035515748,0.0,0.0,0.0,0.0,0.0,0.0,0.0,0.0,0.0,0.0,0.0,0.0,0.0,0.0,0.0,0.0,0.0,0.0,0.0,0.0,0.0,0.0,0.0,0.0,0.0,0.0,0.0,0.0,0.0,0.0,0.0,0.0,0.0,0.0
0.0,0.0,0.0,0.0,0.0,0.0,0.35947836501068287,0.0,0.0,0.0,0.0,0.0,0.2810097114138211,0.0,0.0,0.0,0.0,0.0,0.0,0.0,0.0,0.0,0.0,0.0,0.0,0.0,0.0,0.0,0.0,0.0,0.3415885232325788,0.2940393621338254,0.0,0.0,0.0,0.0,0.0,0.0,0.0,0.0,0.0,0.0,0.0,0.0,0.0,0.0,0.37337916172280006,0.0,0.0,0.0,0.0,0.0,0.0,0.0,0.0,0.3810939008220382,0.0,0.3984844546475438,0.0,0.0,0.0,0.0,0.0,0.3810939008220382,0.0,0.0,0.0,0.0,0.0
0.0,0.0,0.0,0.5673959574816708,0.0,0.0,0.0,0.0,0.0,0.0,0.0,0.0,0.0,0.0,0.6174231994233256,0.0,0.0,0.0,0.0,0.0,0.0,0.0,0.26049676649583275,0.0,0.0,0.0,0.0,0.0,0.0,0.0,0.0,0.0,0.0,0.0,0.0,0.0,0.0,0.0,0.0,0.0,0.0,0.0,0.0,0.0,0.0,0.0,0.0,0.0,0.0,0.0,0.0,0.0,0.0,0.0,0.0,0.0,0.0,0.0,0.0,0.0,0.0,0.0,0.0,0.0,0.0,0.3016942370791522,0.27849302483414956,0.0,0.24579275279082555
0.0,0.0,0.0,0.0,0.0,0.0,0.0,0.2858951810662747,0.0,0.0,0.0,0.0,0.0,0.0,0.4185223467222183,0.0,0.0,0.4090088620345608,0.0,0.0,0.0,0.0,0.706314360258662,0.0,0.0,0.0,0.0,0.0,0.0,0.0,0.0,0.0,0.0,0.0,0.0,0.0,0.0,0.0,0.0,0.2773711701074932,0.0,0.0,0.0,0.0,0.0,0.0,0.0,0.0,0.0,0.0,0.0,0.0,0.0,0.0,0.0,0.0,0.0,0.0,0.0,0.0,0.0,0.0,0.0,0.0,0.0,0.0,0.0,0.0,0.0
0.0,0.0,0.0,0.0,0.0,0.0,0.0,0.23678691323145368,0.0,0.0,0.0,0.0,0.0,0.0,0.0,0.0,0.0,0.0,0.0,0.0,0.0,0.0,0.0,0.0,0.0,0.0,0.0,0.0,0.8774859190330011,0.0,0.0,0.0,0.0,0.0,0.0,0.0,0.0,0.0,0.0,0.0,0.0,0.0,0.0,0.0,0.0,0.0,0.0,0.0,0.0,0.0,0.0,0.0,0.0,0.0,0.0,0.0,0.0,0.0,0.0,0.0,0.0,0.0,0.0,0.0,0.0,0.0,0.31270216405902224,0.0,0.2759851014347224
0.0,0.0,0.0,0.0,0.0,0.0,0.0,0.2539112282590899,0.0,0.0,0.0,0.0,0.0,0.0,0.0,0.0,0.0,0.0,0.0,0.0,0.34158360398261023,0.0,0.0,0.0,0.0,0.0,0.0,0.0,0.0,0.0,0.0,0.0,0.0,0.0,0.0,0.0,0.0,0.0,0.0,0.49268164802909625,0.0,0.0,0.0,0.0,0.0,0.0,0.0,0.0,0.0,0.6706332666104018,0.0,0.3554793173519481,0.0,0.0,0.0,0.0,0.0,0.0,0.0,0.0,0.0,0.0,0.0,0.0,0.0,0.0,0.0,0.0,0.0
0.0,0.0,0.0,0.0,0.0,0.0,0.0,0.0,0.0,0.0,0.0,0.4918800077267173,0.0,0.0,0.0,0.0,0.0,0.0,0.0,0.0,0.0,0.0,0.0,0.0,0.0,0.2158305368354179,0.0,0.0,0.0,0.0,0.0,0.0,0.0,0.0,0.0,0.0,0.0,0.0,0.0,0.3922497048341209,0.0,0.0,0.0,0.0,0.2669631616401685,0.0,0.0,0.0,0.0,0.0,0.0,0.0,0.0,0.0,0.0,0.0,0.0,0.0,0.0,0.0,0.0,0.0,0.0,0.0,0.0,0.0,0.0,0.6973823031542529,0.0
0.0,0.0,0.0,0.0,0.0,0.0,0.0,0.0,0.0,0.0,0.0,0.0,0.05995282149110723,0.0,0.0,0.0,0.0,0.0,0.0,0.0,0.0,0.0,0.14347593567613692,0.2915087262107553,0.07812732859761104,0.37202648571207647,0.0,0.0,0.0,0.0,0.0,0.0,0.0,0.0,0.07173796783806846,0.0,0.0,0.0,0.3597169289466433,0.05634330887196409,0.777197829543598,0.0,0.0,0.0,0.0,0.0,0.0,0.0,0.0,0.0,0.0,0.0,0.0,0.0,0.0,0.0,0.0,0.0,0.0,0.0,0.0,0.0,0.0,0.0,0.0,0.0,0.0,0.0,0.0676886428639053
0.0,0.0,0.0,0.0,0.0,0.0,0.0,0.0,0.0,0.0,0.0,0.0,0.0,0.0940255006078537,0.0,0.0,0.0,0.0,0.12599020790308985,0.0,0.0,0.0,0.0,0.0,0.0,0.0940255006078537,0.0,0.0,0.0,0.0,0.0,0.0,0.0,0.0,0.0,0.0,0.10557576210457648,0.0,0.0,0.0,0.9642828623618336,0.0,0.0,0.0,0.0,0.0,0.0,0.0,0.0,0.0,0.0,0.0,0.0,0.0,0.0,0.0,0.0,0.0,0.0,0.0,0.0,0.0,0.0,0.12329439698457495,0.0,0.0,0.0,0.10127037803295723,0.0
0.0,0.0,0.0,0.31590518899241515,0.0,0.0,0.0,0.0,0.0,0.0,0.16797224887787623,0.0,0.0,0.0,0.0,0.14284422367340757,0.0,0.0,0.0,0.0,0.0,0.0,0.29007002664250553,0.2946763984496545,0.0,0.0,0.0,0.0,0.0,0.0,0.0,0.0,0.0,0.0,0.0,0.0,0.0,0.0,0.24241718926961855,0.0,0.28568844734681514,0.49313444624531316,0.0,0.0,0.0,0.0,0.0,0.0,0.0,0.0,0.0,0.0,0.0,0.0,0.0,0.0,0.29007002664250553,0.0,0.0,0.0,0.0,0.0,0.15233248391565743,0.3287562974968754,0.28568844734681514,0.0,0.0,0.0,0.0
0.555891988107516,0.0,0.0,0.05451989559498137,0.0,0.0,0.0,0.0,0.0,0.0,0.0,0.0,0.0,0.0,0.0,0.5423549644401735,0.0,0.0,0.0,0.0,0.0,0.0,0.0,0.0,0.0,0.08653756000479469,0.0,0.0,0.0,0.0,0.0,0.0,0.0,0.0,0.0,0.0,0.04858399470948198,0.0,0.0,0.03931826893757634,0.591659961207462,0.0,0.0,0.11347555937837177,0.05351962923838375,0.0,0.0,0.0,0.0,0.0,0.0,0.0,0.056737779689185884,0.0,0.0,0.0,0.0,0.0,0.0,0.0,0.0,0.0,0.0,0.0,0.0,0.11595668309070942,0.0,0.0,0.0
0.0,0.0,0.0,0.0,0.0,0.0,0.0,0.0,0.5702644370117064,0.0,0.22352694769312464,0.0,0.0,0.0,0.0,0.0,0.0,0.0,0.0,0.0,0.0,0.0,0.0,0.392136893699289,0.0,0.0,0.17966998285174382,0.0,0.0,0.22872615091718013,0.0,0.0,0.0,0.0,0.0,0.41267407954279867,0.0,0.0,0.0,0.0,0.0,0.0,0.13365359640160102,0.0,0.0,0.0,0.0,0.0,0.0,0.0,0.0,0.0,0.0,0.16491931739307458,0.0,0.0,0.3860070226231431,0.0,0.0,0.0,0.0,0.148670423292244,0.0,0.0,0.0,0.0,0.0,0.0,0.0
0.0,0.0,0.0,0.0,0.0,0.0,0.0,0.0,0.0,0.0,0.0,0.0,0.0,0.0,0.0,0.0,0.0,0.0,0.0,0.0,0.0,0.0,0.0,0.0,0.0,0.0,0.0,0.0,0.0,0.0,0.0,0.0,0.0,0.0,0.0,0.0,0.0,0.0,0.0,0.0,0.0,0.0,0.0,0.0,0.0,0.0,0.0,0.0,0.4436356591213906,0.0,0.0,0.8485492565970484,0.0,0.0,0.0,0.0,0.0,0.0,0.0,0.0,0.0,0.2883601239501152,0.0,0.0,0.0,0.0,0.0,0.0,0.0
0.0,0.0,0.0,0.08316487890501564,0.0,0.0,0.0,0.0,0.0,0.0,0.0,0.0,0.0,0.0,0.0,0.0,0.0,0.0,0.0,0.0,0.0,0.0,0.5345447823015812,0.0,0.0,0.0660023796817098,0.0,0.0,0.0,0.0,0.0,0.0,0.07411023063492296,0.0,0.0,0.08163906838187775,0.0,0.08479599854458557,0.3829110168352341,0.41983377398003696,0.07521005021772616,0.0,0.0,0.0,0.0,0.0,0.0,0.0,0.0,0.08163906838187775,0.16959199708917114,0.0865480486654665,0.173096097330933,0.0,0.0,0.0,0.0,0.0,0.0,0.0,0.0,0.0,0.0,0.0,0.5264703515240831,0.0,0.0,0.07108801227571687,0.0
0.0,0.0,0.0,0.0,0.0,0.0,0.0,0.0,0.0,0.0,0.0,0.0,0.0,0.0,0.0,0.0,0.0,0.0,0.0,0.0,0.0,0.0,0.0,0.0,0.0,0.3043339330485352,0.0,0.3698252025623962,0.0,0.0,0.0,0.0,0.0,0.0,0.0,0.0,0.0,0.0,0.0,0.2765477424084912,0.0,0.0,0.0,0.0,0.0,0.0,0.0,0.0,0.0,0.0,0.0,0.0,0.0,0.0,0.0,0.0,0.0,0.0,0.0,0.38346942656799843,0.0,0.0,0.7396504051247924,0.0,0.0,0.0,0.0,0.0,0.0
0.0,0.0,0.0,0.0,0.0,0.0,0.0,0.3429698654876093,0.0,0.0,0.0,0.0,0.0,0.0,0.0,0.0,0.0,0.0,0.0,0.0,0.46139307628864035,0.0,0.42365971372165995,0.0,0.0,0.3661767010867171,0.0,0.0,0.0,0.0,0.0,0.0,0.0,0.0,0.0,0.0,0.0,0.0,0.3540607011208049,0.0,0.0,0.0,0.0,0.48016267138615676,0.0,0.0,0.0,0.0,0.0,0.0,0.0,0.0,0.0,0.0,0.0,0.0,0.0,0.0,0.0,0.0,0.0,0.0,0.0,0.0,0.0,0.0,0.0,0.0,0.0
0.3023928651933162,0.0,0.0,0.0,0.3227251767877883,0.3086408894528208,0.0,0.14697036462528293,0.26820820518686617,0.0,0.0,0.08940273506228871,0.0,0.0,0.0,0.0,0.0,0.0,0.0,0.0,0.0,0.0,0.4538694858379973,0.0,0.0,0.0,0.0,0.0,0.0,0.0,0.0,0.0,0.0,0.0,0.0,0.0,0.0,0.0,0.3793075979811408,0.14258841948717435,0.44701367531144354,0.0,0.0,0.10288029648427359,0.0,0.0,0.0,0.0,0.0,0.0,0.0,0.10288029648427359,0.0,0.0,0.0,0.0,0.0,0.0,0.0,0.0,0.09534120702024043,0.0,0.0,0.0,0.0,0.0,0.0,0.0,0.08565006916019635
0.0,0.0,0.0,0.0,0.0,0.0,0.0,0.0,0.0,0.0,0.0,0.0,0.0,0.0,0.0,0.0,0.0,0.0,0.0,0.0,0.0,0.0,0.0,0.0,0.0,0.0,0.0,0.0,0.0,0.0,0.0,0.0,0.0,0.0,0.47532321579707176,0.5081606267974131,0.46129753802902346,0.0,0.0,0.0,0.0,0.0,0.0,0.0,0.0,0.0,0.0,0.0,0.0,0.0,0.0,0.0,0.0,0.0,0.0,0.0,0.0,0.0,0.0,0.0,0.0,0.0,0.0,0.0,0.0,0.5504954126108158,0.0,0.0,0.0
0.0,0.0,0.3710292446960734,0.0,0.0,0.0,0.0,0.0,0.0,0.0,0.0,0.0,0.27924113519633753,0.0,0.0,0.0,0.0,0.0,0.0,0.0,0.0,0.0,0.0,0.33943868529525284,0.0,0.0,0.0,0.0,0.0,0.0,0.0,0.0,0.0,0.0,0.33413259088651825,0.0,0.0,0.0,0.0,0.0,0.0,0.0,0.2313845076884386,0.0,0.0,0.0,0.0,0.0,0.0,0.0,0.0,0.0,0.0,0.5710250392162706,0.0,0.0,0.33413259088651825,0.0,0.0,0.0,0.0,0.25738202059256804,0.0,0.0,0.0,0.0,0.0,0.0,0.0
0.7956153128999756,0.0,0.0,0.0,0.0,0.27068475714944473,0.0,0.0,0.0,0.27068475714944473,0.0,0.0,0.0,0.0,0.0,0.0,0.0,0.0,0.0,0.25084892200474623,0.0,0.0,0.0,0.0,0.0,0.20642681598155666,0.0,0.0,0.0,0.0,0.0,0.0,0.0,0.0,0.0,0.0,0.0,0.0,0.0,0.0,0.0,0.0,0.0,0.27068475714944473,0.0,0.0,0.0,0.0,0.0,0.0,0.0,0.0,0.0,0.20407927036493875,0.0,0.0,0.0,0.0,0.0,0.0,0.0,0.0,0.0,0.0,0.0,0.0,0.0,0.0,0.0
0.0,0.0,0.0,0.0,0.43239047658184526,0.0,0.4875818233151426,0.0,0.0,0.0,0.10564043841767777,0.08983702078825435,0.5336101894167611,0.0,0.10809761914546132,0.0,0.0,0.0,0.0,0.0,0.0,0.0,0.0,0.0,0.09933891725126982,0.0,0.42456661165106296,0.0,0.0,0.0,0.0,0.07976460464393817,0.08852330653812968,0.09933891725126982,0.0,0.0,0.0,0.0,0.0,0.0,0.0,0.0,0.06316564810498139,0.0,0.0,0.0,0.0,0.0,0.0,0.0,0.0,0.0,0.0,0.0,0.0,0.10338005126487515,0.0,0.10809761914546132,0.10809761914546132,0.0,0.0,0.0,0.0,0.0,0.0,0.0,0.0,0.0,0.08606612581034613
0.0,0.0,0.0,0.0,0.0,0.0,0.0,0.0,0.0,0.0,0.0,0.0,0.4401479932017793,0.2276049553513915,0.0,0.0,0.0,0.0,0.0,0.0,0.0,0.3049810472596417,0.0,0.0,0.0,0.0,0.0,0.5531690000773553,0.0,0.0,0.0,0.0,0.0,0.0,0.0,0.0,0.0,0.0,0.0,0.0,0.0,0.0,0.18235749300589377,0.0,0.0,0.2924135395691704,0.0,0.23886799644368178,0.0,0.0,0.0,0.0,0.0,0.0,0.0,0.0,0.0,0.0,0.3120748606031902,0.28678872854678883,0.0,0.0,0.0,0.0,0.0,0.0,0.0,0.0,0.0
0.0,0.0,0.629752134662708,0.0,0.0,0.0,0.0,0.4591125230208021,0.0,0.0,0.0,0.0,0.0,0.24508903846164645,0.0,0.0,0.0,0.0,0.0,0.0,0.0,0.0,0.0,0.0,0.0,0.0,0.0,0.0,0.0,0.0,0.0,0.0,0.0,0.0,0.0,0.0,0.0,0.0,0.23697956898192785,0.44542400905933044,0.2792802165529001,0.0,0.0,0.0,0.0,0.0,0.0,0.0,0.0,0.0,0.0,0.0,0.0,0.0,0.0,0.0,0.0,0.0,0.0,0.0,0.0,0.0,0.0,0.0,0.0,0.0,0.0,0.0,0.0
0.0,0.0,0.0,0.16974172078663208,0.0,0.0,0.0,0.0,0.0,0.0,0.0,0.0,0.13025525470514415,0.0,0.0,0.0,0.0,0.541527639856825,0.0,0.0,0.0,0.0,0.46758002577892394,0.0,0.0,0.13471260525710205,0.0,0.0,0.0,0.0,0.0,0.0,0.0,0.0,0.31172001718594927,0.0,0.0,0.0,0.13025525470514415,0.36723936583052474,0.15350570472165892,0.0,0.1079319777245242,0.0,0.0,0.0,0.0,0.14137886437399058,0.0,0.16662750109195087,0.17307087917746783,0.0,0.0,0.0,0.0,0.0,0.15586000859297464,0.0,0.0,0.0,0.0,0.12005881807219254,0.0,0.0,0.15350570472165892,0.0,0.0,0.0,0.0
0.0,0.0,0.0,0.0,0.0,0.0,0.0,0.0,0.0,0.0,0.0,0.0,0.0,0.0,0.0,0.0,0.0,0.0,0.3699215491329772,0.0,0.0,0.0,0.0,0.0,0.0,0.0,0.0,0.0,0.0,0.0,0.0,0.0,0.0,0.0,0.0,0.0,0.3099824194167538,0.0,0.0,0.0,0.0,0.0,0.6635622139298066,0.0,0.0,0.0,0.35467800545912426,0.0,0.0,0.0,0.0,0.0,0.0,0.0,0.0,0.0,0.0,0.0,0.0,0.0,0.33547844247965164,0.0,0.0,0.0,0.0,0.0,0.0,0.29734132316099643,0.0
0.0,0.0,0.0,0.0,0.0,0.0,0.0,0.0,0.0,0.0,0.0,0.0,0.0,0.0,0.0,0.0,0.0,0.0,0.0,0.5722944287189122,0.0,0.0,0.0,0.0,0.0,0.0,0.0,0.0,0.0,0.0,0.5535315146606029,0.0,0.0,0.0,0.0,0.0,0.0,0.0,0.0,0.0,0.0,0.0,0.0,0.0,0.0,0.0,0.6050470635701264,0.0,0.0,0.0,0.0,0.0,0.0,0.0,0.0,0.0,0.0,0.0,0.0,0.0,0.0,0.0,0.0,0.0,0.0,0.0,0.0,0.0,0.0
0.0,0.0,0.0,0.0,0.0,0.0,0.0,0.0,0.0,0.0,0.0,0.0,0.0,0.0,0.0,0.0,0.502650098302565,0.0,0.0,0.4558487400531803,0.0,0.0,0.0,0.0,0.0,0.0,0.0,0.0,0.0,0.0,0.0,0.3795297233320788,0.0,0.0,0.0,0.0,0.0,0.0,0.0,0.0,0.0,0.0,0.0,0.0,0.0,0.48193714242286506,0.0,0.0,0.0,0.0,0.0,0.0,0.0,0.0,0.0,0.0,0.0,0.0,0.0,0.0,0.0,0.0,0.0,0.0,0.0,0.0,0.0,0.40402795043054684,0.0
0.0,0.0,0.0,0.0,0.0,0.0,0.0,0.0,0.0,0.0,0.0,0.0,0.0,0.2486226117672019,0.0,0.0,0.0,0.0,0.0,0.6042501198427567,0.0,0.0,0.0,0.0,0.0,0.0,0.0,0.0,0.0,0.0,0.0,0.0,0.0,0.0,0.0,0.0,0.2791638602726048,0.0,0.0,0.0,0.0,0.0,0.0,0.0,0.0,0.0,0.31941579572175477,0.0,0.0,0.0,0.0,0.0,0.0,0.0,0.0,0.3260155468080201,0.0,0.0,0.0,0.0,0.0,0.0,0.0,0.0,0.0,0.0,0.0,0.5355590923405866,0.0
0.0,0.0,0.0,0.0,0.0,0.0,0.0,0.0,0.0,0.0,0.0,0.0,0.0,0.0,0.0,0.0,0.8175892874570238,0.0,0.0,0.37073209358443276,0.0,0.0,0.0,0.0,0.0,0.0,0.0,0.0,0.0,0.0,0.0,0.0,0.0,0.0,0.0,0.0,0.0,0.0,0.0,0.0,0.0,0.0,0.0,0.0,0.0,0.0,0.0,0.0,0.0,0.0,0.0,0.0,0.0,0.0,0.4087946437285119,0.0,0.0,0.0,0.0,0.0,0.0,0.0,0.0,0.0,0.0,0.0,0.0,0.1642936732832361,0.0
0.0,0.0,0.0,0.0,0.0,0.0,0.0,0.0,0.0,0.0,0.0,0.0,0.0,0.0,0.0,0.0,0.0,0.0,0.0,0.37765175754252495,0.0,0.0,0.0,0.0,0.0,0.0,0.0,0.0,0.0,0.0,0.0,0.3144246204108551,0.0,0.0,0.0,0.0,0.6979012101924954,0.0,0.0,0.0,0.0,0.0,0.0,0.0,0.0,0.39926491590123536,0.0,0.0,0.0,0.0,0.0,0.0,0.0,0.0,0.0,0.0,0.0,0.0,0.0,0.0,0.0,0.0,0.0,0.0,0.0,0.0,0.0,0.334720384570109,0.0
0.0,0.0,0.0,0.0,0.0,0.0,0.0,0.0,0.0,0.0,0.0,0.0,0.0,0.0,0.0,0.0,0.0,0.0,0.0,0.5362402750991356,0.0,0.0,0.0,0.0,0.0,0.0,0.47528059255212773,0.0,0.0,0.0,0.0,0.0,0.0,0.0,0.5105517447313249,0.0,0.0,0.0,0.0,0.0,0.0,0.0,0.0,0.0,0.0,0.0,0.0,0.0,0.0,0.0,0.0,0.0,0.0,0.0,0.0,0.0,0.0,0.0,0.0,0.0,0.0,0.0,0.0,0.0,0.0,0.0,0.0,0.47528059255212773,0.0
0.0,0.0,0.0,0.0,0.0,0.328608981786631,0.3099703754000678,0.0,0.0,0.0,0.0,0.09518681011399,0.0,0.4176673173097852,0.22906965206750757,0.28556043034197,0.0,0.0,0.0,0.0,0.2105090879096086,0.0,0.0,0.09818145131451851,0.0,0.0,0.0,0.0,0.0,0.0,0.0,0.08451458217827171,0.0,0.0,0.0,0.0,0.0,0.0,0.0,0.0,0.28556043034197,0.0,0.06692715874970419,0.0,0.5166172923334463,0.0,0.0,0.08766712052623678,0.0,0.0,0.0,0.0,0.0,0.08258349669015667,0.11193132033756013,0.0,0.19329336416786683,0.0,0.0,0.0,0.0,0.0,0.0,0.0,0.0,0.0,0.0,0.0,0.0
0.0,0.0,0.0,0.0,0.0,0.18721104031945343,0.0,0.5348832730441151,0.0,0.0,0.0,0.0,0.0,0.0,0.0,0.0,0.0,0.0,0.0,0.0,0.0,0.0,0.0,0.0,0.0,0.0,0.0,0.0,0.0,0.0,0.0,0.0,0.0,0.0,0.0,0.0,0.0,0.5502636054968469,0.0,0.0,0.0,0.0,0.0,0.0,0.0,0.0,0.0,0.0,0.5872622664239395,0.0,0.0,0.0,0.0,0.0,0.0,0.0,0.0,0.0,0.0,0.0,0.0,0.0,0.0,0.0,0.0,0.0,0.17659248426915355,0.0,0.0
0.0,0.0,0.0,0.0,0.0,0.0,0.0,0.0,0.0,0.0,0.0,0.0,0.0,0.0,0.0,0.0,0.0,0.0,0.0,0.0,0.0,0.0,0.0,0.0,0.0,0.0,0.21346397732338934,0.0,0.0,0.0,0.0,0.20052059311386153,0.0,0.0,0.0,0.0,0.0,0.0,0.0,0.0,0.0,0.0,0.7939620135379749,0.0,0.0,0.0,0.0,0.0,0.2717470838350291,0.0,0.0,0.0,0.0,0.19593887008512306,0.0,0.0,0.0,0.0,0.0,0.0,0.0,0.3532674669702764,0.0,0.0,0.0,0.0,0.0,0.0,0.21636201510107253
0.10005947397567237,0.0,0.0,0.09813474903666548,0.0,0.0,0.0,0.1458940907717913,0.0,0.0,0.0,0.0,0.0,0.0,0.0,0.0,0.0,0.0,0.0,0.0,0.0,0.730519190199521,0.0,0.0,0.0,0.0,0.0,0.0,0.0,0.0,0.0,0.0,0.0,0.0,0.0,0.0,0.0,0.0,0.0,0.6369490571053695,0.0,0.0,0.0,0.0,0.09633428909808185,0.0,0.0,0.0,0.0,0.0,0.0,0.0,0.10212689716171083,0.0,0.0,0.0,0.0,0.0,0.0,0.0,0.0,0.0,0.0,0.0,0.0,0.0,0.0,0.0,0.0
0.0,0.0,0.0,0.24654382959234836,0.0,0.0,0.0,0.0,0.0,0.0,0.0,0.0,0.0,0.0,0.0,0.0,0.0,0.0,0.0,0.0,0.24654382959234836,0.524366461161041,0.0,0.0,0.0,0.0,0.0,0.0,0.0,0.0,0.0,0.19796341291997274,0.0,0.0,0.0,0.0,0.2197011564650296,0.0,0.0,0.0,0.0,0.0,0.0,0.0,0.0,0.0,0.0,0.0,0.0,0.0,0.0,0.2565732992420935,0.0,0.19344011925851787,0.524366461161041,0.2565732992420935,0.0,0.0,0.2682815731374052,0.0,0.0,0.0,0.0,0.0,0.0,0.0,0.0,0.0,0.0
0.0,0.0,0.0,0.0,0.0,0.0,0.0,0.0,0.0,0.0,0.0,0.0,0.0,0.0,0.0,0.0,0.0,0.0,0.28157105993539494,0.0,0.0,0.5631421198707899,0.0,0.24698230333791268,0.0,0.0,0.0,0.0,0.0,0.0,0.0,0.0,0.0,0.0,0.0,0.0,0.23594753698746504,0.0,0.0,0.0,0.0,0.0,0.0,0.0,0.0,0.0,0.2699682193885866,0.0,0.0,0.0,0.0,0.0,0.5510925749046364,0.0,0.0,0.0,0.24312148406312148,0.0,0.0,0.0,0.0,0.0,0.0,0.0,0.0,0.0,0.0,0.22632558638788144,0.0
0.0,0.6048266849442228,0.0,0.11116401726884229,0.0,0.0,0.32737353532782903,0.0,0.0,0.11568619954850051,0.0,0.10053103462992691,0.0,0.35289366238852427,0.0,0.0,0.0,0.0,0.0,0.0,0.0,0.0,0.0,0.0,0.0,0.0,0.0,0.4288347634077606,0.0,0.0,0.0,0.0,0.0,0.0,0.0,0.10912451177594301,0.0,0.0,0.0,0.0,0.0,0.11568619954850051,0.21205427009976824,0.0,0.0,0.0,0.0,0.0,0.0,0.0,0.0,0.0,0.0,0.0,0.0,0.0,0.0,0.0,0.0,0.0,0.0,0.0,0.32162607255582043,0.0,0.0,0.0,0.0,0.0950212292529277,0.0
0.0,0.442027041288076,0.0,0.0,0.0,0.0,0.0,0.15097569101742703,0.0,0.0,0.0,0.18367838630992997,0.0,0.0,0.0,0.36735677261985994,0.0,0.0,0.0,0.0,0.0,0.0,0.0,0.0,0.0,0.0,0.0,0.0,0.0,0.0,0.0,0.16308459182078802,0.36198480210218204,0.0,0.0,0.0,0.0,0.0,0.31171577676557943,0.0,0.0,0.4227362133418555,0.0,0.0,0.0,0.0,0.0,0.0,0.0,0.0,0.0,0.0,0.0,0.0,0.0,0.0,0.0,0.0,0.0,0.0,0.0,0.0,0.0,0.21136810667092776,0.36735677261985994,0.0,0.0,0.0,0.0
0.0,0.0,0.0,0.0,0.0,0.0,0.0,0.0,0.0,0.0,0.0,0.0,0.0,0.0,0.0,0.0,0.0,0.0,0.0,0.0,0.0,0.0,0.0,0.0,0.0,0.0,0.0,0.0,0.0,0.0,0.0,0.0,0.0,0.0,0.0,0.0,0.0,0.0,0.0,0.0,0.0,0.0,0.0,0.0,0.0,0.0,0.0,0.0,0.0,0.0,0.0,0.0,0.0,0.0,0.0,0.0,0.0,0.0,0.0,0.0,0.0,0.0,0.0,0.0,0.0,0.0,0.0,0.0,0.0
0.0,0.0,0.0,0.0,0.0,0.0,0.0,1.0,0.0,0.0,0.0,0.0,0.0,0.0,0.0,0.0,0.0,0.0,0.0,0.0,0.0,0.0,0.0,0.0,0.0,0.0,0.0,0.0,0.0,0.0,0.0,0.0,0.0,0.0,0.0,0.0,0.0,0.0,0.0,0.0,0.0,0.0,0.0,0.0,0.0,0.0,0.0,0.0,0.0,0.0,0.0,0.0,0.0,0.0,0.0,0.0,0.0,0.0,0.0,0.0,0.0,0.0,0.0,0.0,0.0,0.0,0.0,0.0,0.0
0.0,0.0,0.0,0.4990933169488243,0.0,0.0,0.0,0.0,0.0,0.0,0.0,0.0,0.0,0.0,0.0,0.0,0.0,0.0,0.0,0.0,0.0,0.0,0.0,0.0,0.0,0.0,0.2133085041974763,0.0,0.22913838833447883,0.0,0.0,0.0,0.44475409949999156,0.0,0.0,0.0,0.0,0.0,0.3829908570475865,0.0,0.0,0.0,0.1586767487619984,0.0,0.0,0.0,0.0,0.0,0.0,0.0,0.0,0.0,0.0,0.19579616109505374,0.0,0.0,0.0,0.0,0.0,0.0,0.0,0.0,0.24066753990022088,0.0,0.0,0.0,0.0,0.0,0.43240886246997406
0.0,0.0,0.0,0.0,0.41527052075278903,0.0,0.0,0.0,0.0,0.0,0.0,0.0,0.0,0.0,0.0,0.17256007440559765,0.0,0.0,0.0,0.0,0.0,0.0,0.0,0.17798893064904603,0.38162287221554503,0.0,0.0,0.0,0.1752066135159471,0.41527052075278903,0.0,0.0,0.0,0.38162287221554503,0.0,0.0,0.0,0.0,0.0,0.0,0.0,0.39714739384264464,0.0,0.19857369692132232,0.18731065427556648,0.0,0.0,0.0,0.0,0.0,0.0,0.19857369692132232,0.0,0.0,0.0,0.0,0.0,0.0,0.0,0.0,0.0,0.0,0.0,0.0,0.0,0.0,0.0,0.0,0.0
0.0,0.0,0.0,0.0,0.0,0.0,0.0,0.0,0.0,0.0,0.0,0.6066634213619525,0.0,0.0,0.0,0.0,0.0,0.0,0.0,0.0,0.0,0.0,0.0,0.0,0.6708290956808595,0.0,0.0,0.0,0.0,0.0,0.0,0.0,0.0,0.0,0.0,0.0,0.0,0.0,0.0,0.0,0.0,0.0,0.42655341701762317,0.0,0.0,0.0,0.0,0.0,0.0,0.0,0.0,0.0,0.0,0.0,0.0,0.0,0.0,0.0,0.0,0.0,0.0,0.0,0.0,0.0,0.0,0.0,0.0,0.0,0.0
0.0,0.0,0.0,0.0,0.0,0.0,0.0,0.0,0.0,0.0,0.0,0.0,0.0,0.0,0.0,0.0,0.0,0.0,0.0,0.34402282286710456,0.0,0.0,0.0,0.0,0.3567151013427621,0.0,0.0,0.0,0.0,0.0,0.0,0.0,0.0,0.0,0.0,0.0,0.0,0.0,0.0,0.0,0.0,0.0,0.0,0.0,0.0,0.3637113840908665,0.0,0.0,0.0,0.0,0.727422768181733,0.0,0.0,0.0,0.0,0.0,0.0,0.0,0.0,0.0,0.0,0.0,0.0,0.0,0.0,0.0,0.0,0.3049143801694217,0.0
0.0,0.0,0.0,0.0,0.0,0.0,0.0,0.8203420895076377,0.09073050719589398,0.0,0.10669109988212859,0.0,0.0,0.0,0.10917271883773988,0.09073050719589398,0.0,0.0,0.10669109988212859,0.0,0.0,0.0,0.09212203322891699,0.0,0.30098071821891015,0.15924545635381301,0.0,0.0,0.0,0.0,0.0,0.0,0.08940372722057373,0.0,0.0,0.0,0.0,0.0,0.30795273298167153,0.07235304161175084,0.0,0.0,0.0,0.0,0.0,0.0,0.0,0.0,0.0,0.0,0.10229462596900708,0.0,0.0,0.0,0.0,0.0,0.0,0.0,0.0,0.0,0.0,0.0,0.0,0.0,0.18146101439178797,0.0,0.0,0.0,0.0
0.0,0.0,0.0,0.0,0.0,0.0,0.0,0.0,0.0,0.0,0.0,0.0,0.0,0.0,0.0,0.0,0.0,0.0,0.0,0.0,0.0,0.0,0.0,0.0,0.912379512704265,0.0,0.0,0.0,0.0,0.0,0.0,0.3662994983728514,0.0,0.0,0.0,0.0,0.0,0.0,0.0,0.0,0.0,0.0,0.09669094589233156,0.0,0.0,0.0,0.0,0.0,0.0,0.0,0.15504568124192192,0.0,0.0,0.0,0.0,0.0,0.0,0.0,0.0,0.0,0.0,0.0,0.0,0.0,0.0,0.0,0.0,0.0,0.0
0.0,0.0,0.0,0.0,0.0,0.3840237235471372,0.0,0.0,0.0,0.0,0.0,0.0,0.0,0.0,0.0,0.33371571026884106,0.0,0.0,0.0,0.0,0.0,0.0,0.33883387959049205,0.0,0.0,0.58572041771418,0.0,0.0,0.0,0.0,0.0,0.0,0.0,0.0,0.0,0.0,0.0,0.0,0.0,0.5322431763650307,0.0,0.0,0.0,0.0,0.0,0.0,0.0,0.0,0.0,0.0,0.0,0.0,0.0,0.0,0.0,0.0,0.0,0.0,0.0,0.0,0.0,0.0,0.0,0.0,0.0,0.0,0.0,0.0,0.0
0.0,0.0,0.0,0.0,0.0,0.0,0.0,0.44869587444077874,0.0,0.0,0.0,0.0,0.0,0.0,0.0,0.0,0.0,0.0,0.0,0.0,0.0,0.0,0.0,0.0,0.0,0.0,0.0,0.0,0.0,0.0,0.0,0.0,0.0,0.0,0.0,0.0,0.0,0.0,0.46320563956443045,0.4353179345376691,0.0,0.6281805820028101,0.0,0.0,0.0,0.0,0.0,0.0,0.0,0.0,0.0,0.0,0.0,0.0,0.0,0.0,0.0,0.0,0.0,0.0,0.0,0.0,0.0,0.0,0.0,0.0,0.0,0.0,0.0
0.0,0.0,0.0,0.0,0.0,0.0,0.0,0.0,0.0,0.0,0.2566067262713957,0.0,0.0,0.0,0.0,0.2182193121094776,0.0,0.0,0.0,0.2327142743132935,0.0,0.0,0.0,0.0,0.0,0.7660143212262688,0.0,0.0,0.0,0.2625753601757793,0.0,0.0,0.2150282243212224,0.0,0.0,0.0,0.0,0.0,0.18516713845873659,0.17401898719088388,0.0,0.0,0.0,0.0,0.0,0.0,0.0,0.0,0.0,0.0,0.0,0.0,0.0,0.0,0.0,0.0,0.0,0.0,0.0,0.0,0.0,0.0,0.0,0.0,0.0,0.2566067262713957,0.0,0.0,0.0
0.0,0.0,0.0,0.0,0.0,0.0,0.0,0.0,0.0,0.0,0.0,0.0,0.0,0.16565167915798337,0.0,0.0,0.0,0.0,0.0,0.0,0.0,0.44393253663500315,0.0,0.0,0.0,0.0,0.0,0.0,0.0,0.0,0.0,0.0,0.0,0.0,0.0,0.0,0.0,0.21281959245298282,0.0,0.0,0.0,0.0,0.0,0.0,0.0,0.0,0.0,0.3476979193788645,0.0,0.4097927628539452,0.0,0.0,0.0,0.0,0.0,0.0,0.0,0.0,0.0,0.62617750620606,0.0,0.0,0.0,0.0,0.0,0.22196626831750157,0.0,0.0,0.0
0.0,0.0,0.0,0.0,0.0,0.0,0.0,0.0,0.0,0.0,0.0,0.0,0.0,0.0,0.0,0.0,0.0,0.31539343095201994,0.31539343095201994,0.0,0.0,0.0,0.0,0.0,0.0,0.0,0.2535118602724295,0.0,0.0,0.0,0.0,0.7144205203233981,0.0,0.0,0.0,0.0,0.0,0.0,0.0,0.0,0.0,0.0,0.0,0.0,0.0,0.0,0.0,0.0,0.0,0.0,0.0,0.0,0.0,0.0,0.0,0.0,0.2723252844749326,0.0,0.0,0.2965800067495168,0.0,0.0,0.0,0.0,0.0,0.0,0.0,0.2535118602724295,0.0
0.0,0.0,0.0,0.0,0.0,0.0,0.0,0.18117864324667557,0.0,0.0,0.0,0.0,0.0,0.0,0.0,0.0,0.0,0.0,0.0,0.0,0.0,0.0,0.22380418763974008,0.0,0.0,0.0,0.4166856269310754,0.0,0.0,0.795682991207554,0.0,0.0,0.0,0.0,0.0,0.0,0.0,0.0,0.0,0.0,0.22042357018608072,0.0,0.0,0.0,0.0,0.0,0.248517806896584,0.0,0.0,0.0,0.0,0.0,0.0,0.0,0.0,0.0,0.0,0.0,0.0,0.0,0.0,0.0,0.0,0.0,0.0,0.0,0.0,0.0,0.0
0.0,0.0,0.0,0.0,0.0,0.0,0.0,0.0,0.0,0.0,0.0,0.0,0.0,0.14670223324592238,0.0,0.0,0.0,0.0,0.0,0.0,0.0,0.0,0.0,0.0,0.0,0.0,0.3160119440587737,0.534815647237175,0.0,0.0,0.0,0.14842528291724702,0.0,0.18484899365489726,0.0,0.0,0.0,0.0,0.0,0.0,0.0,0.0,0.11753808888646736,0.0,0.0,0.0,0.0,0.0,0.0,0.0,0.0,0.0,0.0,0.2900677858094736,0.0,0.19236870069730486,0.0,0.0,0.0,0.0,0.0,0.2614884731602056,0.0,0.5771061020919146,0.0,0.0,0.0,0.0,0.0
0.0,0.0,0.0,0.0,0.0,0.0,0.0,0.0,0.3615297130530492,0.0,0.0,0.0,0.30677130170888217,0.31726905271395484,0.0,0.0,0.0,0.0,0.0,0.0,0.0,0.0,0.0,0.0,0.0,0.0,0.0,0.7710878015564926,0.0,0.0,0.0,0.0,0.0,0.0,0.0,0.0,0.0,0.0,0.0,0.0,0.0,0.0,0.0,0.0,0.0,0.0,0.0,0.0,0.0,0.0,0.0,0.0,0.0,0.0,0.0,0.0,0.0,0.0,0.0,0.0,0.0,0.282757113983685,0.0,0.0,0.0,0.0,0.0,0.0,0.0
0.0,0.0,0.0,0.0,0.0,0.0,0.0,0.0,0.0,0.0,0.0,0.0,0.0,0.0,0.0,0.0,0.3235229668935666,0.0,0.0,0.0,0.0,0.0,0.0,0.0,0.0,0.0,0.0,0.5867999920211953,0.0,0.0,0.0,0.24427844047247854,0.2711018924136905,0.0,0.0,0.0,0.2711018924136905,0.0,0.0,0.0,0.0,0.0,0.0,0.0,0.0,0.0,0.0,0.0,0.0,0.0,0.0,0.0,0.0,0.0,0.0,0.0,0.0,0.0,0.0,0.0,0.0,0.0,0.5867999920211953,0.0,0.0,0.0,0.0,0.0,0.0
0.7019293051925982,0.0,0.0,0.0,0.0,0.0,0.0,0.0,0.0,0.0,0.0,0.0,0.0,0.0,0.0,0.0,0.0,0.0,0.0,0.0,0.0,0.0,0.0,0.0,0.0,0.0,0.0,0.0,0.3160633032516029,0.0,0.0,0.0,0.0,0.0,0.0,0.0,0.0,0.0,0.5282805568874123,0.0,0.0,0.358216264377048,0.0,0.0,0.0,0.0,0.0,0.0,0.0,0.0,0.0,0.0,0.0,0.0,0.0,0.0,0.0,0.0,0.0,0.0,0.0,0.0,0.0,0.0,0.0,0.0,0.0,0.0,0.0
0.4651013001534591,0.0,0.0,0.0,0.0,0.0,0.0,0.11302533151294389,0.0,0.0,0.0,0.0,0.0,0.0,0.0,0.0,0.0,0.0,0.0,0.0,0.0,0.0,0.0,0.0,0.0,0.0,0.0,0.0,0.5584663191792804,0.0,0.0,0.0,0.0,0.0,0.0,0.0,0.0,0.0,0.0,0.6579327780890126,0.0,0.0,0.0,0.0,0.0,0.0,0.0,0.0,0.0,0.0,0.0,0.0,0.0,0.0,0.0,0.0,0.0,0.0,0.0,0.0,0.0,0.0,0.0,0.0,0.0,0.16169689202446455,0.0,0.0,0.0
0.0,0.0,0.0,0.0,0.0,0.0,0.0,0.0,0.0,0.0,0.13891715299762536,0.0,0.0,0.0,0.0,0.0,0.0,0.0,0.0,0.0,0.2612613081337579,0.0,0.0,0.0,0.0,0.41469111198440034,0.0,0.0,0.7196849933303998,0.2842966902151027,0.0,0.0,0.0,0.0,0.0,0.0,0.0,0.0,0.20048493722023025,0.0,0.0,0.0,0.0,0.0,0.0,0.0,0.13319272387547818,0.0,0.0,0.0,0.26638544775095635,0.0,0.0,0.0,0.0,0.0,0.0,0.0,0.0,0.0,0.0,0.0,0.0,0.0,0.0,0.0,0.0,0.0,0.11317693627734897
0.0,0.0,0.0,0.0,0.0,0.0,0.0,0.6073346767644827,0.0,0.0,0.0,0.0,0.0,0.0,0.0,0.0,0.0,0.0,0.0,0.0,0.0,0.0,0.0,0.3810673910473706,0.0,0.0,0.0,0.0,0.3751105580740494,0.0,0.0,0.0,0.0,0.0,0.0,0.0,0.0,0.0,0.0,0.29461344768516723,0.0,0.0,0.0,0.0,0.0,0.0,0.0,0.0,0.0,0.0,0.0,0.0,0.0,0.0,0.0,0.0,0.0,0.0,0.0,0.0,0.0,0.0,0.0,0.0,0.36944442057657634,0.0,0.0,0.3491962766826189,0.0
0.0,0.0,0.0,0.0,0.0,0.0,0.0,0.0,0.0,0.0,0.0,0.0,0.0,0.12390367860538914,0.0,0.0,0.0,0.0,0.16602570713828976,0.0,0.0,0.0,0.0,0.1456307745963986,0.0,0.0,0.0,0.15056718315783824,0.8601256745920893,0.0,0.0,0.0,0.0,0.0,0.0,0.0,0.0,0.0,0.0,0.2251821362881872,0.0,0.0,0.0,0.0,0.0,0.0,0.0,0.0,0.0,0.0,0.0,0.0,0.0,0.0,0.0,0.0,0.2867085581973631,0.0,0.0,0.0,0.15056718315783824,0.0,0.0,0.0,0.0,0.0,0.0,0.13345073720345302,0.0
0.0,0.0,0.0,0.0,0.0,0.0,0.0,0.0,0.0,0.0,0.0,0.0,0.0,0.0,0.0,0.0,0.0,0.0,0.0,0.0,0.0,0.0,0.0,0.0,0.0,0.0,0.0,0.0,0.0,0.0,0.0,0.0,0.0,0.0,0.0,0.0,0.0,0.0,0.0,0.0,0.0,0.0,0.0,0.0,0.0,0.0,0.0,0.0,0.0,0.0,0.0,0.0,0.0,0.0,0.0,0.0,1.0,0.0,0.0,0.0,0.0,0.0,0.0,0.0,0.0,0.0,0.0,0.0,0.0
0.0,0.0,0.0,0.0,0.0,0.0,0.27074937378900743,0.0,0.0,0.0,0.0,0.0,0.0,0.21889155917136904,0.0,0.0,0.0,0.0,0.0,0.0,0.5516192022046619,0.0,0.0,0.0,0.0,0.0,0.0,0.0,0.0,0.0,0.5145504584454428,0.0,0.0,0.0,0.0,0.0,0.0,0.0,0.21164890797158473,0.19890639835901186,0.0,0.0,0.0,0.0,0.0,0.0,0.0,0.0,0.0,0.0,0.0,0.0,0.0,0.43280452176066114,0.0,0.0,0.0,0.0,0.0,0.0,0.0,0.19508094160853218,0.0,0.0,0.0,0.0,0.0,0.0,0.0
0.0,0.0,0.0,0.0,0.0,0.0,0.0,0.0,0.0,0.0,0.0,0.0,0.0,0.0,0.0,0.0,0.0,0.0,0.0,0.0,0.0,0.0,0.0,0.0,0.0,0.0,0.0,0.3803706710112694,0.0,0.0,0.0,0.0,0.0,0.0,0.0,0.0,0.3514628838853009,0.0,0.0,0.2844334285974519,0.0,0.0,0.2507857163683608,0.0,0.0,0.40213943385530254,0.0,0.3285013443547817,0.0,0.3871679006445162,0.0,0.4104484160689705,0.0,0.0,0.0,0.0,0.0,0.0,0.0,0.0,0.0,0.0,0.0,0.0,0.0,0.0,0.0,0.0,0.0
0.0,0.0,0.0,0.3307082778330165,0.0,0.0,0.0,0.0,0.0,0.0,0.0,0.0,0.0,0.0,0.0,0.0,0.0,0.0,0.0,0.0,0.0,0.7033732282438073,0.0,0.0,0.0,0.0,0.0,0.0,0.0,0.0,0.0,0.0,0.0,0.0,0.0,0.0,0.0,0.0,0.0,0.0,0.0,0.0,0.0,0.0,0.0,0.0,0.0,0.27544884394027075,0.0,0.0,0.0,0.0,0.3441615799940561,0.0,0.0,0.0,0.30366249844735355,0.0,0.0,0.3307082778330165,0.0,0.0,0.0,0.0,0.0,0.0,0.0,0.0,0.0
0.0,0.0,0.0,0.0,0.0,0.0,0.7212452527306402,0.0,0.33222385282148403,0.0,0.0,0.110741284273828,0.09396806597915963,0.09718366454911184,0.0,0.0,0.0,0.0,0.0,0.0,0.0,0.0,0.0,0.0,0.0,0.0,0.0,0.0,0.0,0.0,0.0,0.0,0.0,0.0,0.3373191416529921,0.0,0.0,0.0,0.0,0.0,0.0,0.0,0.23359117204993807,0.0,0.0,0.0,0.0,0.0,0.0,0.0,0.0,0.0,0.0,0.0,0.0,0.0,0.0,0.0,0.0,0.0,0.35429143310712624,0.0,0.0,0.0,0.0,0.0,0.0,0.0,0.21218587217346183
0.0,0.0,0.0,0.0,0.0,0.0,0.0,0.0,0.0,0.0,0.0,0.0,0.0,0.0,0.0,0.0,0.0,0.0,0.7407507215220027,0.0,0.0,0.0,0.0,0.0,0.0,0.0,0.0,0.0,0.0,0.0,0.0,0.0,0.0,0.0,0.0,0.0,0.0,0.0,0.0,0.0,0.0,0.0,0.0,0.0,0.0,0.0,0.0,0.0,0.0,0.0,0.0,0.0,0.0,0.0,0.0,0.0,0.0,0.0,0.0,0.0,0.6717800001225346,0.0,0.0,0.0,0.0,0.0,0.0,0.0,0.0
0.0,0.0,0.0,0.0,0.0,0.0,0.0,0.0,0.0,0.0,0.0,0.27994544176528113,0.0,0.0,0.0,0.0,0.0,0.0,0.0,0.0,0.0,0.0,0.0,0.0,0.0,0.0,0.0,0.0,0.9237765584946993,0.0,0.0,0.24855830356297548,0.0,0.0,0.0,0.0,0.0,0.0,0.0,0.0,0.0,0.0,0.0,0.0,0.0,0.0,0.0,0.0,0.0,0.0,0.0,0.0,0.08053688186431576,0.0,0.0,0.0,0.0,0.0,0.0,0.0,0.0,0.0,0.0,0.0,0.0,0.0,0.0,0.0,0.0
0.0,0.0,0.0,0.0,0.0,0.0,0.0,0.0,0.0,0.0,0.0,0.0,0.0,0.0,0.0,0.0,0.0,0.0,0.0,0.0,0.0,0.0,0.0,0.0,0.0,0.0,0.0,0.0,0.0,0.0,0.0,0.0,0.0,0.0,0.0,0.47701262376581793,0.0,0.0,0.0,0.0,0.0,0.0,0.0,0.0,0.0,0.0,0.0,0.0,0.0,0.0,0.0,0.0,0.0,0.0,0.0,0.0,0.0,0.0,0.0,0.0,0.0,0.0,0.0,0.0,0.8788964425733273,0.0,0.0,0.0,0.0
0.0,0.0,0.0,0.0,0.0,0.0,0.0,0.0,0.0,0.0,0.0,0.0,0.0,0.0,0.0,0.0,0.0,0.0,0.0,0.0,0.0,0.0,0.0,0.0,0.7832957478448069,0.6216492350258662,0.0,0.0,0.0,0.0,0.0,0.0,0.0,0.0,0.0,0.0,0.0,0.0,0.0,0.0,0.0,0.0,0.0,0.0,0.0,0.0,0.0,0.0,0.0,0.0,0.0,0.0,0.0,0.0,0.0,0.0,0.0,0.0,0.0,0.0,0.0,0.0,0.0,0.0,0.0,0.0,0.0,0.0,0.0
0.0,0.0,0.3123543579454204,0.0,0.0,0.0,0.6014509935696005,0.0,0.0,0.0,0.0,0.0,0.23508169973946375,0.24312622390442637,0.0,0.0,0.0,0.0,0.0,0.0,0.0,0.0,0.0,0.0,0.0,0.0,0.0,0.0,0.0,0.0,0.0,0.0,0.0,0.0,0.0,0.0,0.5459845724910444,0.0,0.0,0.0,0.0,0.0,0.0,0.0,0.0,0.0,0.0,0.0,0.0,0.0,0.0,0.0,0.0,0.24036132197781482,0.0,0.0,0.0,0.0,0.0,0.0,0.0,0.0,0.0,0.0,0.0,0.0,0.0,0.0,0.265414718135737
0.0,0.0,0.0,0.5350116486722785,0.0,0.0,0.0,0.0,0.0,0.0,0.0,0.0,0.0,0.0,0.0,0.0,0.0,0.0,0.0,0.0,0.0,0.0,0.0,0.0,0.0,0.0,0.0,0.0,0.0,0.0,0.33270595366962913,0.0,0.0,0.0,0.0,0.0,0.0,0.0,0.0,0.0,0.0,0.0,0.0,0.0,0.0,0.0,0.0,0.0,0.0,0.35013059315533657,0.0,0.0,0.0,0.0,0.0,0.0,0.0,0.0,0.0,0.0,0.0,0.1261384372617709,0.34398360101228986,0.18559202239992376,0.0,0.189649960251208,0.5251958897330049,0.0,0.0
0.0,0.0,0.0,0.0,0.0,0.0,0.0,0.0,0.0,0.0,0.0,0.0,0.0,0.0,0.0,0.0,0.5954543281947179,0.0,0.0,0.0,0.0,0.0,0.0,0.0,0.0,0.0,0.0,0.0,0.0,0.0,0.0,0.0,0.0,0.0,0.0,0.0,0.0,0.0,0.0,0.0,0.0,0.0,0.0,0.0,0.0,0.5709171416509892,0.06343523796122102,0.0,0.0,0.0,0.0,0.0,0.0,0.0,0.0,0.0,0.0,0.0,0.0,0.5599350885081819,0.0,0.0440048593382543,0.0,0.0,0.0,0.0,0.0,0.0,0.0
0.7428075111109972,0.5285016346518663,0.0,0.0,0.0,0.2527184526162354,0.0,0.0,0.0,0.0,0.0,0.0,0.0,0.0,0.0,0.0,0.0,0.0,0.0,0.0,0.0,0.0,0.0,0.0,0.0,0.0,0.0,0.0,0.0,0.0,0.0,0.0,0.0,0.0,0.0,0.0,0.0,0.0,0.0,0.0,0.0,0.0,0.0,0.0,0.23838433509051968,0.0,0.0,0.0,0.0,0.0,0.0,0.0,0.0,0.0,0.0,0.0,0.0,0.0,0.0,0.0,0.0,0.0,0.0,0.0,0.2196117394359819,0.0,0.0,0.0,0.0
0.0,0.0,0.0,0.0,0.0,0.0,0.0,0.0,0.0,0.0,0.0,0.0,0.0,0.0,0.0,0.0,0.0,0.0,0.0,0.0,0.0,0.0,0.0,0.0,0.0,0.0,0.0,0.0,0.0,0.0,0.0,0.3515207055915585,0.0,0.0,0.0,0.21487614378639427,0.0,0.0,0.0,0.0,0.0,0.0,0.0,0.0,0.0,0.0,0.0,0.0,0.0,0.0,0.0,0.0,0.0,0.0,0.0,0.9111868284670833,0.0,0.0,0.0,0.0,0.0,0.0,0.0,0.0,0.0,0.0,0.0,0.0,0.0
0.0,0.0,0.0,0.0,0.0,0.0,0.0,0.0,0.45533796198879345,0.0,0.0,0.0,0.19318553119349693,0.19979636340940143,0.0,0.22766898099439672,0.0,0.0,0.0,0.0,0.0,0.0,0.0,0.23483160058162417,0.0,0.19979636340940143,0.0,0.24279162638537605,0.0,0.0,0.0,0.0,0.0,0.0,0.0,0.0,0.0,0.25668668648885007,0.19318553119349693,0.0,0.22766898099439672,0.2619903322717917,0.1600771999308326,0.0,0.0,0.0,0.0,0.0,0.0,0.0,0.0,0.0,0.0,0.19752422122231347,0.0,0.0,0.23116072069426982,0.0,0.2739458029977908,0.0,0.0,0.17806288580251758,0.0,0.0,0.0,0.0,0.24713031641419259,0.0,0.0
0.0,0.3494482008861961,0.0,0.0,0.3494482008861961,0.0,0.0,0.0,0.0,0.0,0.0,0.0,0.0,0.0,0.0,0.0,0.0,0.0,0.0,0.0,0.0,0.0,0.0,0.0,0.0,0.0,0.0,0.0,0.0,0.3494482008861961,0.0,0.0,0.0,0.32113386202083133,0.0,0.0,0.0,0.0,0.24642953304656406,0.4631860503071051,0.0,0.0,0.0,0.0,0.0,0.0,0.0,0.2674742574432207,0.0,0.3152420789453467,0.0,0.0,0.0,0.0,0.0,0.0,0.0,0.0,0.0,0.0,0.0,0.0,0.0,0.0,0.2904169910087182,0.0,0.0,0.0,0.0
0.0,0.0,0.0,0.0,0.0,0.0,0.0,0.0,0.0,0.0,0.0,0.0,0.0,0.0,0.0,0.0,0.0,0.0,0.0,0.0,0.0,0.0,0.0,0.0,0.0,0.0,0.0,0.0,0.0,0.0,0.0,0.0,0.0,0.5405400130071585,0.0,0.0,0.0,0.0,0.4147959426019576,0.0,0.0,0.5625293268905849,0.0,0.0,0.0,0.0,0.0,0.0,0.0,0.0,0.0,0.0,0.0,0.0,0.0,0.0,0.0,0.0,0.0,0.0,0.0,0.0,0.0,0.0,0.0,0.0,0.0,0.0,0.4683178159404144
0.0,0.0,0.0,0.0,0.0,0.0,0.0,0.0,0.6097346959553918,0.0,0.0,0.0,0.1724607960949333,0.17836242537203983,0.0,0.0,0.0,0.0,0.0,0.0,0.0,0.0,0.0,0.0,0.0,0.0,0.1921056535464259,0.0,0.0,0.0,0.0,0.0,0.0,0.0,0.41272409657721076,0.0,0.0,0.0,0.0,0.0,0.0,0.0,0.42871287253496726,0.0,0.0,0.0,0.0,0.0,0.0,0.0,0.0,0.0,0.0,0.17633403614431045,0.23899813252199403,0.0,0.0,0.0,0.0,0.22474173777981454,0.0,0.0,0.0,0.0,0.0,0.0,0.0,0.1921056535464259,0.0
0.0,0.0,0.0,0.0,0.0,0.0,0.0,0.2905616918822417,0.0,0.0,0.0,0.0,0.0,0.0,0.0,0.0,0.0,0.0,0.0,0.0,0.0,0.0,0.0,0.0,0.0,0.0,0.0,0.0,0.0,0.0,0.36462132033607925,0.0,0.0,0.0,0.0,0.3837174470677566,0.0,0.0,0.0,0.0,0.0,0.0,0.0,0.0,0.0,0.0,0.0,0.0,0.0,0.0,0.7971111069246916,0.0,0.0,0.0,0.0,0.0,0.0,0.0,0.0,0.0,0.0,0.0,0.0,0.0,0.0,0.0,0.0,0.0,0.0
0.0,0.0,0.0,0.0,0.0,0.0,0.20973308631351006,0.8999563044514602,0.0,0.0,0.0,0.0,0.0,0.0,0.0,0.0,0.0,0.0,0.0,0.0,0.0,0.0,0.0,0.0,0.0,0.0,0.0,0.0,0.0,0.0,0.0,0.0,0.0,0.0,0.0,0.0,0.0,0.0,0.0,0.0,0.0,0.0,0.0,0.0,0.0,0.0,0.0,0.0,0.0,0.0,0.0,0.0,0.0,0.05587789354719192,0.22720591836471524,0.0,0.0,0.0,0.0,0.0,0.0,0.3022347006156899,0.0,0.0,0.0,0.0,0.0,0.0,0.0
0.0,0.0,0.0,0.0,0.0,0.0,0.0,0.0,0.0,0.0,0.0,0.0,0.6909075904005548,0.0,0.0,0.0,0.0,0.0,0.0,0.0,0.0,0.0,0.0,0.0,0.0,0.0,0.0,0.0,0.0,0.0,0.0,0.7229430831862902,0.0,0.0,0.0,0.0,0.0,0.0,0.0,0.0,0.0,0.0,0.0,0.0,0.0,0.0,0.0,0.0,0.0,0.0,0.0,0.0,0.0,0.0,0.0,0.0,0.0,0.0,0.0,0.0,0.0,0.0,0.0,0.0,0.0,0.0,0.0,0.0,0.0
0.0,0.0,0.0,0.0,0.0,0.0,0.0,0.6292062527466556,0.0,0.0,0.0,0.0,0.0,0.0,0.0,0.0,0.0,0.0,0.0,0.0,0.0,0.0,0.0,0.0,0.0,0.0,0.0,0.0,0.0,0.0,0.0,0.0,0.0,0.0,0.7772383749561725,0.0,0.0,0.0,0.0,0.0,0.0,0.0,0.0,0.0,0.0,0.0,0.0,0.0,0.0,0.0,0.0,0.0,0.0,0.0,0.0,0.0,0.0,0.0,0.0,0.0,0.0,0.0,0.0,0.0,0.0,0.0,0.0,0.0,0.0
0.0,0.0,0.0,0.0,0.0,0.0,0.0,0.0,0.0,0.0,0.0,0.0,0.0,0.0,0.0,0.0,0.0,0.0,0.0,0.0,0.0,0.0,0.0,0.0,0.0,0.0,0.0,0.0,0.0,0.0,0.0,0.0,0.0,0.0,0.7602527609136421,0.0,0.0,0.0,0.0,0.0,0.0,0.0,0.0,0.0,0.0,0.0,0.0,0.0,0.0,0.0,0.0,0.0,0.0,0.6496273851395001,0.0,0.0,0.0,0.0,0.0,0.0,0.0,0.0,0.0,0.0,0.0,0.0,0.0,0.0,0.0
0.0,0.0,0.0,0.0,0.0,0.0,0.2577304068796093,0.0,0.0,0.0,0.0,0.0,0.6044153499278327,0.20836617207363414,0.0,0.0,0.0,0.2792018885282637,0.0,0.0,0.0,0.0,0.0,0.0,0.0,0.0,0.0,0.0,0.0,0.0,0.0,0.0,0.0,0.0,0.24107583182658193,0.0,0.0,0.0,0.0,0.0,0.0,0.0,0.5008300373942227,0.0,0.0,0.0,0.0,0.0,0.0,0.0,0.0,0.0,0.0,0.0,0.0,0.0,0.0,0.0,0.0,0.0,0.0,0.3714009731701593,0.0,0.0,0.0,0.0,0.0,0.0,0.0
0.0,0.0,0.0,0.0,0.0,0.0,0.0,0.0,0.0,0.0,0.0,0.0,0.0,0.0,0.0,0.0,0.0,0.0,0.0,0.0,0.0,0.0,0.0,0.0,0.0,0.0,0.621595748153959,0.35066093610162896,0.0,0.0,0.0,0.0,0.0,0.3635981192060648,0.3338625632002531,0.3569272523235267,0.0,0.0,0.0,0.0,0.0,0.0,0.23119751538372826,0.0,0.0,0.0,0.0,0.0,0.0,0.0,0.0,0.0,0.0,0.0,0.0,0.0,0.0,0.0,0.0,0.0,0.0,0.2571740185197309,0.0,0.0,0.0,0.0,0.0,0.0,0.0
0.0,0.0,0.0,0.0,0.0,0.0,0.0,0.0,0.0,0.0,0.0,0.0,0.0,0.0,0.0,0.0,0.0,0.0,0.0,0.0,0.0,0.0,0.0,0.0,0.0,0.0,0.0,0.0,0.0,0.0,0.0,0.0,0.0,0.0,0.0,0.0,0.7652692683685357,0.0,0.0,0.0,0.0,0.0,0.27302826341276876,0.0,0.0,0.0,0.0,0.0,0.0,0.0,0.0,0.0,0.0,0.0,0.0,0.0,0.3942685789585968,0.0,0.0,0.4293842124653195,0.0,0.0,0.0,0.0,0.0,0.0,0.0,0.0,0.0
0.0,0.0,0.0,0.0,0.0,0.0,0.0,0.0,0.0,0.0,0.0,0.0,0.0,0.0,0.17607651861984835,0.0,0.0,0.0,0.1720741008831014,0.46815724704859973,0.0,0.0,0.0,0.0,0.0,0.0,0.0,0.0,0.0,0.0,0.0,0.0,0.0,0.0,0.0,0.0,0.1441925895793976,0.0,0.0,0.0,0.0,0.0,0.0,0.0,0.0,0.49495007010622827,0.0,0.0,0.0,0.0,0.0,0.0,0.0,0.0,0.0,0.0,0.0,0.0,0.3521530372396967,0.0,0.15605241568286657,0.0,0.0,0.0,0.0,0.0,0.0,0.5532496385597451,0.0
0.0,0.0,0.0,0.0,0.0,0.0,0.0,0.0,0.0,0.0,0.0,0.0,0.0,0.8231987731463917,0.0,0.0,0.0,0.0,0.0,0.0,0.0,0.0,0.0,0.0,0.0,0.0,0.0,0.0,0.0,0.0,0.0,0.0,0.0,0.0,0.0,0.0,0.46216099503129543,0.0,0.0,0.0,0.0,0.0,0.32977415690432527,0.0,0.0,0.0,0.0,0.0,0.0,0.0,0.0,0.0,0.0,0.0,0.0,0.0,0.0,0.0,0.0,0.0,0.0,0.0,0.0,0.0,0.0,0.0,0.0,0.0,0.0
0.0,0.0,0.0,0.0,0.0,0.0,0.0,0.0,0.0,0.0,0.0,0.0,0.0,0.0,0.0,0.0,0.0,0.0,0.0,0.0,0.0,0.0,0.0,0.0,0.5056011927868153,0.0,0.0,0.0,0.0,0.0,0.0,0.4059746206829969,0.0,0.0,0.0,0.0,0.0,0.0,0.0,0.0,0.0,0.0,0.0,0.0,0.0,0.0,0.0,0.0,0.0,0.0,0.0,0.0,0.0,0.0,0.0,0.5261691860167204,0.0,0.5501799968195394,0.0,0.0,0.0,0.0,0.0,0.0,0.0,0.0,0.0,0.0,0.0
0.0,0.0,0.0,0.0,0.0,0.0,0.0,0.0,0.0,0.5716517783756921,0.0,0.0,0.0,0.0,0.0,0.0,0.0,0.0,0.29207542340604115,0.0,0.0,0.0,0.0,0.0,0.0,0.0,0.0,0.0,0.5043828752367814,0.0,0.0,0.0,0.0,0.0,0.0,0.0,0.0,0.0,0.0,0.0,0.0,0.28582588918784607,0.0,0.0,0.26961392743714496,0.0,0.0,0.22876002238934356,0.0,0.0,0.0,0.0,0.0,0.0,0.0,0.0,0.0,0.0,0.0,0.0,0.26488050874705976,0.0,0.0,0.0,0.0,0.0,0.0,0.0,0.23795622692879617
0.0,0.0,0.0,0.0,0.0,0.0,0.0,0.31220189377308777,0.0,0.0,0.0,0.0,0.0,0.0,0.0,0.0,0.0,0.44664390921497993,0.0,0.0,0.0,0.0,0.19282651079449564,0.0,0.0,0.33332683433374444,0.0,0.0,0.0,0.0,0.0,0.0,0.0,0.0,0.0,0.0,0.0,0.0,0.32229776585003206,0.0,0.0,0.0,0.0,0.0,0.0,0.0,0.4282388285898134,0.1749107635975945,0.0,0.0,0.2141194142949067,0.0,0.0,0.0,0.0,0.0,0.0,0.0,0.0,0.0,0.0,0.0,0.0,0.4370870750197695,0.0,0.0,0.0,0.0,0.0
0.0,0.0,0.0,0.0,0.6488266862120539,0.0,0.0,0.0,0.0,0.0,0.0,0.0,0.0,0.0,0.0,0.0,0.0,0.0,0.0,0.0,0.0,0.0,0.0,0.0,0.0,0.0,0.0,0.0,0.0,0.0,0.0,0.0,0.26566858774372965,0.0,0.0,0.0,0.0,0.0,0.0,0.0,0.0,0.0,0.0,0.0,0.14632889289314097,0.0,0.0,0.0,0.0,0.0,0.0,0.0,0.15512769063017215,0.0,0.31703906214759725,0.0,0.0,0.0,0.0,0.0,0.14375990128686963,0.10543321969923969,0.5750396051474785,0.0,0.0,0.0,0.0,0.0,0.0
0.0,0.0,0.0,0.11868877732049848,0.5166142173738142,0.0,0.1165112164582886,0.0,0.0,0.0,0.0,0.0,0.09107859192706616,0.0,0.5166142173738142,0.0,0.0,0.1262177484749595,0.0,0.0,0.0,0.0,0.0,0.11071290582073111,0.0,0.0,0.40581309659746617,0.0,0.0,0.0,0.0,0.0,0.0,0.0,0.0,0.0,0.0,0.0,0.0,0.0,0.0,0.0,0.07546945094311736,0.0,0.1165112164582886,0.0,0.0,0.0,0.0,0.1165112164582886,0.0,0.0,0.0,0.0,0.0,0.0,0.0,0.0,0.0,0.0,0.0,0.41974460543630004,0.11446571244879414,0.12351706887364568,0.0,0.0,0.0,0.0,0.0
0.0,0.0,0.0,0.0,0.0,0.0,0.548099697188768,0.0,0.0,0.0,0.0,0.0,0.42845787876119135,0.0,0.0,0.0,0.0,0.0,0.0,0.0,0.0,0.0,0.0,0.0,0.0,0.0,0.0,0.0,0.0,0.0,0.0,0.0,0.0,0.0,0.0,0.0,0.0,0.5692943592607613,0.0,0.0,0.0,0.0,0.0,0.0,0.0,0.0,0.0,0.0,0.0,0.0,0.0,0.0,0.0,0.4380804727249552,0.0,0.0,0.0,0.0,0.0,0.0,0.0,0.0,0.0,0.0,0.0,0.0,0.0,0.0,0.0
0.0,0.16498475810834462,0.1545903985991599,0.303233454409227,0.0,0.1577845366622936,0.0,0.0,0.0,0.1577845366622936,0.0,0.0,0.23269323921161286,0.0,0.0,0.0,0.3224689371806916,0.0,0.0,0.14622205309071984,0.0,0.0,0.0,0.0,0.0,0.0,0.12959956061543132,0.0,0.0,0.0,0.0,0.24348258743940016,0.13510932462343123,0.0,0.0,0.0,0.5404372984937249,0.0,0.0,0.0,0.0,0.0,0.0,0.0,0.0,0.1545903985991599,0.1545903985991599,0.0,0.0,0.0,0.0,0.0,0.0,0.11895960990198248,0.0,0.0,0.0,0.16498475810834462,0.16498475810834462,0.303233454409227,0.0,0.10723895683278296,0.14622205309071984,0.0,0.0,0.0,0.0,0.0,0.0
0.8612580779557616,0.0,0.0,0.0,0.0,0.0,0.0,0.0,0.0,0.0,0.0,0.0,0.0,0.0,0.0,0.0,0.0,0.0,0.0,0.0,0.0,0.0,0.0,0.0,0.0,0.3351872944528554,0.0,0.0,0.0,0.0,0.0,0.0,0.0,0.0,0.0,0.0,0.0,0.0,0.0,0.0,0.0,0.0,0.0,0.0,0.0,0.0,0.0,0.0,0.0,0.0,0.0,0.0,0.0,0.0,0.0,0.0,0.0,0.0,0.0,0.0,0.0,0.0,0.0,0.0,0.381947641429191,0.0,0.0,0.0,0.0
0.0,0.0,0.0,0.0,0.14380598855085858,0.0,0.0,0.0,0.23902657033610314,0.13753004539885846,0.0,0.0,0.202822864836718,0.0,0.0,0.0,0.0,0.0,0.0,0.0,0.0,0.0,0.0,0.0,0.0,0.0,0.5648155970207888,0.0,0.0,0.0,0.0,0.0,0.0,0.5286159421390216,0.24269250041283863,0.0,0.0,0.0,0.0,0.0,0.0,0.0,0.2520943164151245,0.0,0.0,0.0,0.0,0.3302154646037722,0.0,0.0,0.0,0.0,0.0,0.0,0.0,0.0,0.12134625020641931,0.0,0.0,0.1321539855347554,0.0,0.0,0.0,0.0,0.0,0.0,0.0,0.0,0.0
0.0,0.0,0.0,0.0,0.0,0.0,0.0,0.0,0.4170807925453131,0.0,0.0,0.20854039627265655,0.0,0.0,0.0,0.0,0.0,0.0,0.0,0.0,0.0,0.0,0.0,0.0,0.0,0.0,0.0,0.0,0.0,0.0,0.0,0.0,0.0,0.0,0.0,0.0,0.0,0.0,0.0,0.0,0.0,0.0,0.14662762824336928,0.0,0.0,0.23512005493456922,0.0,0.5761975645385293,0.0,0.0,0.0,0.0,0.0,0.3618567552526,0.0,0.0,0.0,0.0,0.0,0.0,0.0,0.0,0.0,0.0,0.0,0.0,0.0,0.4927773019462581,0.0
0.0,0.0,0.0,0.0,0.0,0.0,0.0,0.21972424294614226,0.0,0.307617053502131,0.0,0.0,0.0,0.0,0.0,0.2673184941598304,0.0,0.0,0.0,0.0,0.0,0.0,0.0,0.0,0.0,0.7037752280341508,0.0,0.0,0.0,0.0,0.0,0.0,0.0,0.0,0.0,0.0,0.0,0.0,0.22682960615255504,0.2131731291855059,0.0,0.0,0.0,0.307617053502131,0.0,0.0,0.0,0.0,0.0,0.0,0.0,0.0,0.0,0.0,0.0,0.0,0.0,0.0,0.0,0.0,0.0,0.0,0.0,0.0,0.0,0.31434304780385236,0.0,0.0,0.0
0.0,0.0,0.0,0.0,0.0,0.0,0.0,0.0,0.0,0.0,0.0,0.0,0.0,0.14863952646246978,0.0,0.0,0.7966828028803568,0.3983414014401784,0.0,0.0,0.0,0.0,0.0,0.0,0.0,0.0,0.0,0.0,0.0,0.0,0.0,0.0,0.0,0.0,0.0,0.0,0.16689867305878336,0.0,0.0,0.0,0.0,0.0,0.0,0.0,0.0,0.0,0.0,0.0,0.0,0.18385386290067693,0.0,0.0,0.0,0.0,0.0,0.0,0.0,0.0,0.0,0.0,0.0,0.13247079463600306,0.0,0.0,0.0,0.0,0.0,0.0,0.32453198496081764
0.0,0.0,0.0,0.0,0.0,0.0,0.0,0.0,0.0,0.0,0.0,0.0,0.0,0.0,0.0,0.0,0.0,0.0,0.0,0.0,0.0,0.0,0.0,0.0,0.0,0.0,0.0,0.0,0.0,0.0,0.0,0.0,0.0,0.0,0.0,0.0,0.0,0.0,0.0,0.0,0.0,0.0,0.2804019385618034,0.0,0.0,0.0,0.0,0.36729529540646616,0.0,0.0,0.0,0.0,0.0,0.34599664766486976,0.0,0.0,0.0,0.0,0.0,0.0,0.42529006463411867,0.0,0.42529006463411867,0.0,0.39880022669563925,0.0,0.0,0.0,0.38206064919362276
0.0,0.0,0.0,0.0,0.0,0.0,0.0,0.0,0.0,0.0,0.0,0.28173668525675566,0.0,0.0,0.0,0.0,0.33129757295734213,0.0,0.0,0.0,0.0,0.0,0.0,0.0,0.0,0.0,0.0,0.0,0.0,0.0,0.0,0.0,0.0,0.0,0.286057656715076,0.0,0.0,0.0,0.0,0.0,0.0,0.0,0.594278845058902,0.0,0.0,0.0,0.0,0.0,0.0,0.0,0.0,0.0,0.0,0.0,0.0,0.0,0.572115313430152,0.0,0.0,0.0,0.0,0.2203499440026404,0.0,0.0,0.0,0.0,0.0,0.0,0.0
0.0,0.0,0.0,0.0,0.0,0.0,0.0,0.0,0.0,0.0,0.0,0.0,0.0,0.0,0.0,0.0,0.0,0.0,0.0,0.0,0.8110830159194892,0.0,0.0,0.0,0.0,0.0,0.0,0.0,0.0,0.0,0.0,0.0,0.0,0.0,0.0,0.0,0.0,0.0,0.0,0.584931056866487,0.0,0.0,0.0,0.0,0.0,0.0,0.0,0.0,0.0,0.0,0.0,0.0,0.0,0.0,0.0,0.0,0.0,0.0,0.0,0.0,0.0,0.0,0.0,0.0,0.0,0.0,0.0,0.0,0.0
0.0,0.0,0.0,0.0,0.0,0.0,0.0,0.0,0.0,0.0,0.0,0.0,0.0,0.0,0.0,0.0,0.0,0.0,0.0,0.0,0.0,0.0,0.0,0.0,0.0,0.0,0.0,0.0,0.0,0.0,0.0,0.0,0.0,0.0,0.0,0.0,0.0,0.0,0.0,0.0,0.0,0.0,0.0,0.0,0.0,0.0,0.0,0.0,0.0,0.0,0.0,0.0,0.0,0.0,0.0,0.0,0.0,0.0,0.0,0.0,0.0,0.0,0.0,0.0,0.0,0.0,0.0,0.0,0.0
0.0,0.0,0.0,0.0,0.0,0.0,0.0,0.0,0.5533339183862895,0.0,0.0,0.0,0.46952424736976045,0.0,0.0,0.0,0.0,0.0,0.0,0.0,0.0,0.0,0.0,0.0,0.0,0.0,0.0,0.0,0.0,0.0,0.0,0.16376493361310762,0.18174744904889722,0.0,0.0,0.0,0.0,0.0,0.0,0.0,0.0,0.0,0.12968556936647874,0.0,0.0,0.0,0.0,0.16987364550590578,0.0,0.0,0.0,0.0,0.21224987333524714,0.0,0.0,0.0,0.0,0.22193552518832424,0.0,0.0,0.0,0.0,0.0,0.0,0.0,0.0,0.0,0.5230073410261353,0.0
0.0,0.0,0.0,0.0,0.0,0.0,0.0,0.0,0.0,0.0,0.0,0.0,0.0,0.0,0.0,0.0,0.0,0.0,0.0,0.0,0.0,0.0,0.0,0.0,0.0,0.0,0.0,0.0,0.0,0.0,0.0,0.0,0.0,0.0,0.0,0.0,0.0,0.0,0.0,0.0,0.0,0.0,0.0,0.0,0.0,0.0,0.0,1.0,0.0,0.0,0.0,0.0,0.0,0.0,0.0,0.0,0.0,0.0,0.0,0.0,0.0,0.0,0.0,0.0,0.0,0.0,0.0,0.0,0.0
0.0,0.0,0.0,0.0,0.0,0.0,0.0,0.0,0.0,0.0,0.0,0.0,0.0,0.0,0.0,0.0,0.0,0.0,0.0,0.0,0.0,0.0,0.0,0.0,0.0,0.0,0.0,0.0,0.0,0.0,0.0,0.0,0.0,0.0,0.0,0.0,0.0,0.0,0.0,0.5163801514364658,0.0,0.0,0.0,0.0,0.0,0.0,0.0,0.0,0.0,0.0,0.0,0.0,0.0,0.0,0.0,0.0,0.0,0.0,0.0,0.0,0.6905512677160373,0.5064488975782518,0.0,0.0,0.0,0.0,0.0,0.0,0.0
0.0,0.0,0.0,0.0,0.0,0.0,0.0,0.0,0.0,0.0,0.0,0.0,0.0,0.0,0.0,0.0,0.0,0.0,0.0,0.0,0.0,0.0,0.0,0.0,0.0,0.0,0.0,0.0,0.0,0.0,0.0,0.0,0.0,0.0,0.0,0.0,0.0,0.0,0.0,1.0,0.0,0.0,0.0,0.0,0.0,0.0,0.0,0.0,0.0,0.0,0.0,0.0,0.0,0.0,0.0,0.0,0.0,0.0,0.0,0.0,0.0,0.0,0.0,0.0,0.0,0.0,0.0,0.0,0.0
0.0,0.0,0.0,0.0,0.0,0.0,0.0,0.0,0.0,0.0,0.0,0.0,0.0,0.0,0.0,0.0,0.0,0.0,0.0,0.0,0.0,0.0,0.3813744055216531,0.0,0.0,0.0,0.0,0.0,0.0,0.0,0.0,0.0,0.3701209376853349,0.0,0.0,0.0,0.0,0.42348774554341834,0.0,0.5990662008902189,0.0,0.0,0.0,0.0,0.0,0.0,0.42348774554341834,0.0,0.0,0.0,0.0,0.0,0.0,0.0,0.0,0.0,0.0,0.0,0.0,0.0,0.0,0.0,0.0,0.0,0.0,0.0,0.0,0.0,0.0
0.0,0.0,0.0,0.0,0.0,0.0,0.0,0.6267519208889659,0.19062800883661105,0.0,0.0,0.0,0.0,0.0,0.0,0.0,0.0,0.0,0.0,0.0,0.0,0.0,0.0,0.0,0.0,0.0,0.0,0.0,0.0,0.0,0.0,0.0,0.0,0.0,0.0,0.0,0.0,0.0,0.32350979906538685,0.6080652112278594,0.0,0.0,0.0,0.0,0.0,0.0,0.0,0.0,0.0,0.0,0.21492463192182162,0.0,0.0,0.0,0.22416177931427428,0.0,0.0,0.0,0.0,0.0,0.0,0.0,0.0,0.0,0.0,0.0,0.0,0.0,0.0
0.0,0.0,0.0,0.0,0.0,0.0,0.0,0.0,0.0,0.0,0.0,0.0,0.0,0.0,0.0,0.23746257744134175,0.0,0.0,0.0,0.0,0.0,0.0,0.2411045206927438,0.0,0.0,0.4167819367520349,0.0,0.0,0.0,0.28573008134425865,0.0,0.0,0.0,0.0,0.0,0.0,0.0,0.0,0.0,0.7574581153724461,0.0,0.0,0.0,0.0,0.0,0.0,0.0,0.0,0.0,0.0,0.0,0.0,0.0,0.0,0.0,0.0,0.0,0.0,0.0,0.0,0.0,0.0,0.0,0.0,0.23746257744134175,0.0,0.0,0.0,0.0
0.0,0.0,0.0,0.0,0.0,0.0,0.0,0.0,0.0,0.0,0.0,0.0,0.15247591692923132,0.0,0.0,0.0,0.0,0.422605719396138,0.0,0.0,0.0,0.0,0.0,0.0,0.0,0.0,0.0,0.0,0.0,0.0,0.0,0.0,0.0,0.0,0.0,0.0975265108195989,0.08853251700584315,0.0,0.0,0.0,0.0,0.0,0.37903332130712714,0.0,0.0,0.0,0.0,0.08274856944787158,0.0,0.0975265108195989,0.0,0.0,0.0,0.07795016158958183,0.0,0.0,0.0,0.0,0.0,0.0,0.0,0.14054003742448914,0.7665144615570617,0.0,0.0,0.0,0.0,0.0,0.08607508061901743
0.0,0.0,0.0,0.0,0.0,0.0,0.0,0.0,0.0,0.0,0.0,0.37847634904356586,0.32115114766537356,0.3321409787362857,0.0,0.0,0.0,0.0,0.0,0.4036161972146227,0.0,0.0,0.0,0.0,0.0,0.0,0.0,0.0,0.0,0.0,0.0,0.3360420468494455,0.0,0.0,0.0,0.0,0.0,0.0,0.0,0.0,0.0,0.0,0.26611193993278154,0.0,0.0,0.0,0.0,0.34857698948203075,0.0,0.0,0.0,0.0,0.0,0.0,0.0,0.0,0.0,0.0,0.0,0.41850709639869466,0.0,0.0,0.0,0.0,0.0,0.0,0.0,0.0,0.0
0.0,0.0,0.0,0.0,0.0,0.0,0.0,0.0,0.0,0.0,0.0,0.0,0.0,0.0,0.0,0.0,0.0,0.0,0.0,0.0,0.8438539153912681,0.0,0.0,0.0,0.0,0.0,0.0,0.0,0.0,0.0,0.0,0.0,0.0,0.0,0.0,0.0,0.0,0.0,0.0,0.0,0.0,0.0,0.5365729861620192,0.0,0.0,0.0,0.0,0.0,0.0,0.0,0.0,0.0,0.0,0.0,0.0,0.0,0.0,0.0,0.0,0.0,0.0,0.0,0.0,0.0,0.0,0.0,0.0,0.0,0.0
0.0,0.0,0.0,0.0,0.2107698057141841,0.0,0.0,0.0,0.0,0.4031428905108313,0.30896815568472275,0.0,0.0,0.0,0.0,0.6130778872382573,0.0,0.0,0.0,0.0,0.0,0.0,0.0,0.0,0.0,0.07686016766341855,0.0,0.0,0.0,0.0,0.0,0.0,0.0,0.0,0.0,0.0,0.0,0.0,0.0,0.0,0.0,0.0,0.0,0.5039286131385391,0.09506918559567103,0.0,0.0,0.0,0.0,0.0,0.0,0.0,0.0,0.0,0.0,0.0,0.0,0.0,0.0,0.0,0.0,0.20549838381247024,0.0,0.0,0.0,0.10298938522824093,0.0,0.0,0.0
0.0,0.0,0.0,0.0,0.0,0.0,0.0,0.0,0.0,0.0,0.0,0.0,0.0,0.0,0.0,0.0,0.0,0.0,0.0,0.0,0.0,0.27452962058212366,0.0,0.0,0.0,0.0,0.0,0.0,0.4740831589050782,0.0,0.0,0.0,0.0,0.0,0.4740831589050782,0.0,0.0,0.0,0.0,0.0,0.0,0.0,0.0,0.0,0.0,0.0,0.0,0.0,0.0,0.0,0.0,0.0,0.2686555136897031,0.0,0.0,0.0,0.0,0.0,0.0,0.0,0.0,0.0,0.0,0.5373110273794062,0.0,0.0,0.25341745067019117,0.0,0.22366151842601406
0.0,0.7219764519357691,0.0,0.0,0.0,0.0,0.0,0.0,0.0,0.0,0.0,0.0,0.0,0.0,0.0,0.0,0.0,0.0,0.0,0.0,0.0,0.0,0.0,0.0,0.0,0.26327884564296905,0.0,0.6398704964968644,0.0,0.0,0.0,0.0,0.0,0.0,0.0,0.0,0.0,0.0,0.0,0.0,0.0,0.0,0.0,0.0,0.0,0.0,0.0,0.0,0.0,0.0,0.0,0.0,0.0,0.0,0.0,0.0,0.0,0.0,0.0,0.0,0.0,0.0,0.0,0.0,0.0,0.0,0.0,0.0,0.0
0.0,0.0,0.0,0.0,0.0,0.0,0.0,0.0,0.0,0.0,0.0,0.0,0.0,0.0,0.0,0.0,0.0,0.0,0.0,0.0,0.0,0.0,0.0,0.0,0.0,0.0,0.0,0.0,0.0,0.0,0.0,0.0,0.0,0.0,0.0,0.0,0.0,0.0,1.0,0.0,0.0,0.0,0.0,0.0,0.0,0.0,0.0,0.0,0.0,0.0,0.0,0.0,0.0,0.0,0.0,0.0,0.0,0.0,0.0,0.0,0.0,0.0,0.0,0.0,0.0,0.0,0.0,0.0,0.0
0.0,0.0,0.0,0.0,0.0,0.0,0.0,0.0,0.0,0.0,0.0,0.0,0.0,0.0,0.0,0.0,0.0,0.0,0.30231089825412727,0.0,0.0,0.0,0.0,0.0,0.0,0.0,0.4859923554253857,0.0,0.39154383043944163,0.0,0.0,0.0,0.0,0.0,0.0,0.13953113143661464,0.0,0.0,0.0,0.0,0.0,0.0,0.0,0.0,0.0,0.0,0.0,0.0,0.0,0.0,0.0,0.0,0.0,0.0,0.0,0.0,0.0,0.0,0.0,0.0,0.41124444978384445,0.5026764073990222,0.13708148326128147,0.0,0.0,0.0,0.0,0.24299617771269286,0.0
0.0,0.0,0.0,0.0,0.0,0.0,0.0,0.0,0.0,0.0,0.0,0.0,0.5463044485721477,0.0,0.0,0.0,0.0,0.0,0.0,0.0,0.0,0.0,0.0,0.0,0.0,0.0,0.0,0.0,0.0,0.0,0.0,0.0,0.0,0.711914904192854,0.0,0.0,0.0,0.0,0.0,0.0,0.0,0.0,0.0,0.0,0.0,0.0,0.0,0.296479027723014,0.0,0.0,0.0,0.0,0.0,0.0,0.0,0.0,0.32684676039204924,0.0,0.0,0.0,0.0,0.0,0.0,0.0,0.0,0.0,0.0,0.0,0.0
0.0,0.0,0.0,0.0,0.0,0.1921049985392109,0.3624177171888322,0.1372164673240571,0.0,0.0,0.0,0.333877581528311,0.0,0.0,0.0,0.0,0.0,0.0,0.0,0.0,0.0,0.0,0.0,0.0,0.0,0.0,0.0,0.0,0.6779964669112627,0.0,0.17219079763559153,0.0,0.0,0.0,0.0,0.1812088585944161,0.0,0.0,0.14165372388330383,0.0,0.0,0.0,0.0,0.0,0.0,0.0,0.0,0.0,0.0,0.0,0.0,0.0,0.0,0.0,0.0,0.0,0.0,0.0,0.0,0.0,0.0,0.0,0.0,0.0,0.1669387907641555,0.0,0.3624177171888322,0.0,0.0
0.0,0.0,0.0,0.0,0.0,0.0,0.0,0.0,0.0,0.0,0.0,0.0,0.0,0.0,0.529344791765192,0.0,0.0,0.0,0.0,0.0,0.0,0.0,0.0,0.0,0.0,0.3860660146169318,0.0,0.0,0.0,0.0,0.0,0.0,0.0,0.0,0.0,0.0,0.0,0.0,0.0,0.7016350999277432,0.14664140134906448,0.16874775516822868,0.0,0.0,0.0,0.0,0.0,0.0,0.0,0.0,0.0,0.16874775516822868,0.0,0.0,0.0,0.0,0.0,0.0,0.0,0.0,0.0,0.0,0.0,0.0,0.0,0.0,0.0,0.0,0.0
0.0,0.0,0.0,0.0,0.0,0.0,0.0,0.0,0.0,0.5264664555881541,0.0,0.0,0.3882040264479853,0.0,0.0,0.15249936951508405,0.0,0.0,0.0,0.0,0.0,0.3586517031094429,0.0,0.0,0.0,0.0,0.2882826702214409,0.0,0.0,0.0,0.15729710246209216,0.0,0.15026932456135392,0.0,0.0,0.0,0.0,0.0,0.0,0.0,0.0,0.0,0.10722440956413311,0.0,0.0,0.0,0.0,0.0,0.0,0.0,0.0,0.0,0.0,0.0,0.0,0.35097763705876933,0.0,0.1834969439226976,0.0,0.1686289473560816,0.0,0.0,0.0,0.0,0.3049987390301681,0.0,0.0,0.0,0.0
0.0,0.0,0.0,0.0,0.0,0.0,0.4188608943696096,0.0,0.0,0.0,0.0,0.0,0.0,0.0,0.0,0.0,0.0,0.0,0.0,0.0,0.0,0.0,0.0,0.0,0.0,0.0,0.3647271948460185,0.4115072535365813,0.0,0.0,0.0,0.0,0.0,0.0,0.0,0.0,0.0,0.0,0.0,0.0,0.0,0.0,0.5426293309869343,0.0,0.0,0.0,0.0,0.0,0.0,0.0,0.0,0.0,0.0,0.0,0.0,0.0,0.0,0.0,0.0,0.0,0.0,0.30179858417804734,0.0,0.0,0.0,0.0,0.0,0.0,0.3696788180775621
0.0,0.0,0.0,0.0,0.0,0.0,0.0,0.3398199151126494,0.0,0.0,0.0,0.0,0.0,0.0,0.0,0.0,0.0,0.0,0.0,0.0,0.0,0.48615494762287026,0.0,0.0,0.0,0.36281361134339574,0.0,0.0,0.41976868069403334,0.0,0.0,0.0,0.0,0.0,0.0,0.0,0.0,0.46612171572892364,0.350808888788347,0.0,0.0,0.0,0.0,0.0,0.0,0.0,0.0,0.0,0.0,0.0,0.0,0.0,0.0,0.0,0.0,0.0,0.0,0.0,0.0,0.0,0.0,0.0,0.0,0.0,0.0,0.0,0.0,0.0,0.0
0.0,0.0,0.36953015048391163,0.0,0.0,0.0,0.0,0.0,0.49163371477214907,0.0,0.0,0.0,0.0,0.0,0.0,0.0,0.0,0.0,0.0,0.0,0.0,0.0,0.0,0.0,0.0,0.0,0.0,0.0,0.0,0.0,0.33806722852793863,0.0,0.0,0.0,0.0,0.0,0.0,0.0,0.0,0.0,0.0,0.0,0.0,0.0,0.0,0.0,0.0,0.15093166821494633,0.0,0.17788632566582321,0.0,0.0,0.0,0.1421794721629817,0.5781180265522756,0.0,0.0,0.0,0.0,0.0,0.0,0.0,0.0,0.0,0.0,0.0,0.0,0.0,0.3139983106958341
0.0,0.0,0.0,0.0,0.0,0.0,0.0,0.0,0.0,0.0,0.23417308590892624,0.0,0.1689790476339563,0.0,0.11980995835428375,0.0,0.0,0.0,0.0,0.0,0.11010225417470719,0.0,0.0,0.0,0.0,0.0,0.09411365109176686,0.0,0.0,0.0,0.0,0.0,0.19622955165080752,0.0,0.0,0.0,0.19622955165080752,0.0,0.0,0.0,0.0,0.0,0.3500481198709599,0.0,0.0,0.7858318914637051,0.0,0.0,0.0,0.0,0.0,0.0,0.0,0.0,0.0,0.2291624872892209,0.0,0.0,0.0,0.0,0.0,0.0,0.0,0.0,0.0,0.0,0.1080822286512787,0.0,0.0
0.0,0.0,0.0,0.0,0.0,0.0,0.0,0.0,0.0,0.0,0.0,0.0,0.2517671522919106,0.0,0.0,0.0,0.0,0.0,0.0,0.0,0.0,0.0,0.0,0.0,0.0,0.0,0.0,0.0,0.0,0.0,0.1530209922589097,0.0,0.0,0.0,0.0,0.0,0.2923685279707686,0.0,0.0,0.0,0.0,0.0,0.20861904369577974,0.0,0.0,0.0,0.66904882254163,0.0,0.0,0.0,0.0,0.0,0.0,0.0,0.0,0.0,0.0,0.0,0.0,0.0,0.0,0.5801467818321872,0.0,0.0,0.0,0.0,0.0,0.0,0.0
0.0,0.0,0.0,0.0,0.0,0.0,0.0,0.0,0.0,0.0,0.0,0.5611283224527693,0.0,0.24621579484040584,0.0,0.0,0.0,0.0,0.0,0.0,0.0,0.0,0.0,0.2893908988341908,0.0,0.0,0.0,0.0,0.0,0.0,0.0,0.0,0.2764613856284925,0.0,0.0,0.0,0.0,0.0,0.0,0.44747177238081703,0.28056416122638467,0.0,0.0,0.0,0.0,0.0,0.0,0.0,0.0,0.0,0.0,0.32285951956303666,0.0,0.0,0.0,0.0,0.28486714978388106,0.0,0.0,0.0,0.0,0.0,0.0,0.0,0.0,0.0,0.0,0.0,0.0
0.0,0.0,0.0,0.6166205080645164,0.0,0.0,0.0,0.0,0.0,0.0,0.0,0.0,0.31545205253464664,0.0,0.0,0.0,0.2185785209251549,0.0,0.0,0.0,0.20554016935483882,0.0,0.0,0.0,0.6166205080645164,0.0,0.0,0.0,0.0,0.0,0.0,0.0,0.0,0.0,0.0,0.0,0.0,0.0,0.0,0.0,0.0,0.0,0.0,0.0,0.0,0.0,0.0,0.0,0.22366262448596372,0.0,0.0,0.0,0.0,0.0,0.0,0.0,0.0,0.0,0.0,0.0,0.0,0.0,0.0,0.0,0.0,0.0,0.0,0.0,0.0
0.0,0.0,0.0,0.0,0.0,0.0,0.0,0.27699593481399876,0.0,0.0,0.0,0.3369957506283115,0.0,0.0,0.0,0.0,0.0,0.0,0.0,0.0,0.0,0.0,0.0,0.0,0.0,0.0,0.31852602129872776,0.0,0.0,0.40549472795764024,0.0,0.0,0.0,0.0,0.0,0.0,0.0,0.0,0.0,0.0,0.0,0.0,0.23694635919900264,0.0,0.0,0.0,0.0,0.0,0.0,0.1829012149992068,0.18997388711405758,0.0,0.0,0.14618773033407753,0.39627737572886845,0.0,0.0,0.0,0.20274736397882012,0.0,0.0,0.26356878129805295,0.35938029863638765,0.0,0.0,0.0,0.0,0.0,0.0
0.0,0.0,0.0,0.0,0.0,0.0,0.0,0.0,0.0,0.0,0.0,0.0,0.0,0.0,0.0,0.0,0.6330088879486548,0.0,0.0,0.0,0.0,0.0,0.0,0.0,0.0,0.0,0.0,0.0,0.0,0.0,0.0,0.07965968404966751,0.0,0.0,0.0,0.0,0.0,0.0,0.0,0.0,0.0,0.0,0.189247684231493,0.10324406743516946,0.0,0.0,0.0,0.49578675840342085,0.10795542993145325,0.0,0.0,0.0,0.0,0.0,0.0,0.0,0.0,0.0,0.0,0.0,0.0,0.0,0.0,0.0,0.0,0.21100296264955162,0.486940468984031,0.0,0.08595291633470334
0.0,0.0,0.0,0.0,0.0,0.0,0.0,0.0,0.0,0.0,0.0,0.0,0.0,0.0,0.0,0.0,0.0,0.0,0.0,0.9476967394688464,0.0,0.0,0.0,0.0,0.0,0.0,0.0,0.0,0.0,0.0,0.22915652560666358,0.0,0.0,0.0,0.0,0.0,0.0,0.0,0.0,0.0,0.22216700198724437,0.0,0.0,0.0,0.0,0.0,0.0,0.0,0.0,0.0,0.0,0.0,0.0,0.0,0.0,0.0,0.0,0.0,0.0,0.0,0.0,0.0,0.0,0.0,0.0,0.0,0.0,0.0,0.0
0.0,0.0,0.0,0.0,0.0,0.0,0.0,0.0,0.0,0.0,0.0,0.0,0.0,0.0,0.0,0.0,0.0,0.0,0.0,0.0,0.0,0.0,0.0,0.0,0.0,0.0,0.0,0.0,0.0,0.0,0.23410076185563966,0.2015139093072134,0.0,0.0,0.0,0.0,0.0,0.25588783075365057,0.0,0.0,0.0,0.0,0.6383160420779904,0.0,0.0,0.25588783075365057,0.0,0.0,0.0,0.0,0.0,0.0,0.0,0.19690948985808626,0.0,0.2611749706246218,0.0,0.2730932337475032,0.0,0.0,0.24203601460881904,0.35501744331972157,0.0,0.0,0.0,0.0,0.0,0.0,0.0
0.0,0.0,0.0,0.0,0.0,0.0,0.0,0.0,0.5193819700531737,0.0,0.0,0.0,0.0,0.0,0.0,0.0,0.0,0.0,0.0,0.0,0.0,0.0,0.0,0.0,0.0,0.0,0.0,0.0,0.0,0.0,0.0,0.0,0.0,0.0,0.0,0.0,0.0,0.0,0.0,0.0,0.0,0.0,0.36518462505315047,0.0,0.0,0.0,0.0,0.478351167701477,0.0,0.0,0.0,0.0,0.0,0.4506126337614213,0.0,0.0,0.0,0.0,0.0,0.0,0.0,0.4062154274048471,0.0,0.0,0.0,0.0,0.0,0.0,0.0
0.0,0.0,0.0,0.0,0.0,0.0,0.0,0.0,0.0,0.0,0.0,0.0,0.0,0.0,0.0,0.0,0.0,0.0,0.0,0.0,0.0,0.0,0.0,0.0,0.0,0.0,0.0,0.0,0.0,0.0,0.0,0.0,0.0,0.0,0.0,0.0,0.0,0.0,0.0,0.0,0.0,0.0,1.0,0.0,0.0,0.0,0.0,0.0,0.0,0.0,0.0,0.0,0.0,0.0,0.0,0.0,0.0,0.0,0.0,0.0,0.0,0.0,0.0,0.0,0.0,0.0,0.0,0.0,0.0
0.0,0.0,0.0,0.0,0.0,0.0,0.0,0.0,0.0,0.0,0.0,0.0,0.0,0.0,0.0,0.0,0.0,0.0,0.0,0.0,0.0,0.0,0.0,0.0,0.0,0.0,0.0,0.0,0.0,0.0,0.0,0.0,0.0,0.0,0.0,0.0,0.0,0.0,0.0,0.0,0.0,0.0,0.0,0.0,0.0,0.0,0.0,0.0,0.0,0.0,0.0,0.0,0.0,0.0,0.0,0.0,0.0,0.0,0.0,0.0,0.0,0.0,0.0,0.0,0.0,0.0,0.0,0.0,0.0
0.0,0.0,0.0,0.0,0.0,0.0,0.0,0.0,0.0,0.0,0.0,0.0,0.0,0.47339179646360985,0.1298158721228137,0.0,0.0,0.0,0.0,0.0,0.0,0.0,0.0,0.0,0.0,0.0,0.0,0.0,0.0,0.0,0.0,0.0,0.0,0.0,0.4381644869763788,0.46843481013000265,0.0,0.0,0.0,0.0,0.0,0.0,0.0,0.0,0.0,0.0,0.0,0.2980905660324316,0.0,0.0,0.0,0.0,0.0,0.0,0.3805950330739463,0.0,0.0,0.0,0.0,0.0,0.0,0.3375176923348625,0.0,0.0,0.0,0.0,0.0,0.0,0.0
0.0,0.0,0.0,0.0,0.0,0.0,0.0,0.0,0.0,0.0,0.0,0.0,0.0,0.0,0.0,0.0,0.0,0.0,0.0,0.0,0.0,0.0,0.0,0.0,0.0,0.0,0.0,0.0,0.0,0.0,0.0,0.0,0.0,0.0,0.0,0.0,0.0,0.0,0.0,0.0,0.0,0.0,0.2870527363269756,0.0,0.0,0.0,0.0,0.0,0.0,0.0,0.0,0.0,0.0,0.0,0.0,0.0,0.0,0.0,0.0,0.0,0.0,0.957914780430491,0.0,0.0,0.0,0.0,0.0,0.0,0.0
0.0,0.0,0.27470290075761467,0.0,0.0,0.0,0.0,0.0,0.365472769627308,0.0,0.0,0.365472769627308,0.0,0.3207293763856887,0.0,0.365472769627308,0.0,0.0,0.0,0.0,0.0,0.0,0.0,0.0,0.0,0.0,0.0,0.0,0.0,0.0,0.0,0.216330941829709,0.2400855663080001,0.0,0.0,0.0,0.0,0.0,0.0,0.0,0.0,0.0,0.17131262929005273,0.0,0.0,0.0,0.0,0.0,0.0,0.0,0.27470290075761467,0.2803787965397212,0.2803787965397212,0.0,0.0,0.0,0.0,0.0,0.0,0.0,0.0,0.0,0.0,0.0,0.0,0.0,0.0,0.0,0.23342140463553798
0.7223312889829769,0.0,0.0,0.0,0.0,0.0,0.0,0.0,0.0,0.4915040381189439,0.0,0.0,0.0,0.0,0.0,0.21355792510138222,0.0,0.0,0.0,0.0,0.0,0.0,0.0,0.0,0.0,0.0,0.0,0.0,0.0,0.0,0.0,0.0,0.0,0.0,0.0,0.0,0.0,0.0,0.0,0.0,0.0,0.0,0.0,0.0,0.23181303562983815,0.0,0.0,0.0,0.0,0.0,0.0,0.0,0.0,0.3705631101545788,0.0,0.0,0.0,0.0,0.0,0.0,0.0,0.0,0.0,0.0,0.0,0.0,0.0,0.0,0.0
0.0,0.0,0.0,0.0,0.0,0.0,0.0,0.0,0.0,0.0,0.0,0.0,0.0,0.0,0.0,0.0,0.0,0.0,0.0,0.0,0.0,0.0,0.0,0.0,0.0,0.0,0.0,0.0,0.0,0.0,0.0,0.0,0.0,0.0,0.0,0.0,0.0,0.0,0.0,0.0,0.0,0.0,0.0,0.0,0.0,0.0,0.0,0.0,0.0,0.0,0.0,0.6680892505636483,0.0,0.0,0.0,0.0,0.5894721049789499,0.0,0.0,0.0,0.0,0.4540698082156408,0.0,0.0,0.0,0.0,0.0,0.0,0.0
0.0,0.0,0.0,0.0,0.0,0.0,0.0,0.0,0.0,0.0,0.0,0.0,0.424521033909636,0.43904819497579234,0.0,0.0,0.0,0.0,0.0,0.0,0.0,0.0,0.0,0.0,0.0,0.0,0.47287785114086556,0.0,0.0,0.0,0.0,0.0,0.0,0.0,0.0,0.0,0.0,0.0,0.0,0.0,0.0,0.0,0.0,0.0,0.0,0.0,0.0,0.0,0.0,0.0,0.0,0.0,0.0,0.0,0.0,0.0,0.0,0.0,0.0,0.0,0.0,0.3912893471618479,0.0,0.0,0.5002976703472088,0.0,0.0,0.0,0.0
0.5366424598713176,0.0,0.0,0.0,0.0,0.0,0.0,0.0,0.0,0.0,0.0,0.0,0.0,0.4177046086806776,0.0,0.0,0.0,0.5597065705530697,0.0,0.0,0.0,0.0,0.0,0.0,0.0,0.0,0.22494484663061393,0.0,0.0,0.0,0.0,0.0,0.0,0.0,0.0,0.0,0.0,0.0,0.0,0.18978374407207704,0.0,0.0,0.1673328358304361,0.0,0.0,0.0,0.0,0.0,0.0,0.0,0.0,0.0,0.0,0.0,0.0,0.2738652679965646,0.0,0.0,0.0,0.0,0.0,0.18613373828603166,0.0,0.0,0.0,0.0,0.0,0.0,0.0
0.0,0.0,0.2385386820601707,0.0,0.0,0.0,0.0,0.0,0.211572557249651,0.0,0.0,0.423145114499302,0.17952712169975543,0.0,0.0,0.0,0.0,0.0,0.0,0.0,0.0,0.0,0.0,0.0,0.0,0.0,0.1999768980798151,0.0,0.0,0.0,0.0,0.1878513026639884,0.2084786669919887,0.23395019751156443,0.0,0.0,0.0,0.0,0.0,0.0,0.0,0.0,0.297519164875284,0.0,0.0,0.0,0.0,0.0,0.0,0.0,0.0,0.0,0.0,0.3671181240432501,0.0,0.24346735480312512,0.0,0.0,0.0,0.0,0.0,0.16547366240207495,0.4512520330946629,0.0,0.0,0.0,0.0,0.0,0.0
0.0,0.0,0.0,0.0,0.0,0.0,0.0,0.0,0.0,0.0,0.0,0.0,0.0,0.0,0.0,0.0,0.0,0.0,0.0,0.0,0.24442179051636573,0.2599265808753579,0.0,0.0,0.0,0.19398116167005647,0.0,0.0,0.0,0.0,0.0,0.0,0.0,0.0,0.0,0.0,0.0,0.0,0.0,0.0,0.0,0.0,0.3108361000129359,0.0,0.0,0.0,0.0,0.0,0.0,0.0,0.0,0.0,0.0,0.38355030328719814,0.0,0.0,0.0,0.0,0.0,0.0,0.23572501984678979,0.691521003663466,0.0,0.0,0.0,0.0,0.23993742951008062,0.0,0.0
0.0,0.0,0.0,0.0,0.0,0.0,0.0,0.0,0.0,0.0,0.0,0.0,0.0,0.0,0.0,0.0,0.0,0.0,0.0,0.0,0.07165285906966955,0.0,0.0,0.0,0.0,0.0,0.18374316390044124,0.0,0.0,0.0,0.06683779559498731,0.0,0.0,0.21495857720900863,0.0,0.0,0.0,0.0,0.0,0.0,0.0,0.0,0.36448951987365985,0.0,0.0,0.0,0.0,0.0,0.0,0.0,0.0,0.07456771675053286,0.0,0.0,0.0,0.0,0.0,0.0,0.07797048412360809,0.0,0.0,0.8615647233693046,0.0,0.0,0.0,0.0,0.1406765148549506,0.0,0.06207923494638603
0.0,0.0,0.0,0.0,0.0,0.0,0.0,0.38595971362208004,0.0,0.0,0.5521637079400699,0.0,0.0,0.0,0.0,0.0,0.0,0.5521637079400699,0.0,0.0,0.0,0.0,0.0,0.0,0.0,0.0,0.0,0.0,0.0,0.0,0.16144493499903892,0.13897178177304398,0.0,0.0,0.0,0.0,0.0,0.0,0.0,0.0,0.0,0.0,0.0,0.0,0.0,0.0,0.0,0.0,0.0,0.0,0.0,0.0,0.0,0.0,0.0,0.0,0.0,0.0,0.0,0.0,0.3338347841007325,0.24483375280778333,0.0,0.0,0.1565206886419953,0.0,0.0,0.0,0.0
0.0,0.26284380427877047,0.0,0.0,0.0,0.0,0.0,0.17955021423576056,0.0,0.0,0.0,0.0,0.0,0.5750980923772098,0.0,0.0,0.0,0.0,0.0,0.0,0.0,0.0,0.0,0.0,0.0,0.0,0.0,0.0,0.0,0.0,0.0,0.0,0.0,0.0,0.0,0.0,0.0,0.0,0.0,0.17419689562406138,0.0,0.0,0.0,0.0,0.0,0.0,0.0,0.0,0.0,0.0,0.0,0.0,0.0,0.0,0.0,0.0,0.2217926413261902,0.0,0.0,0.0,0.0,0.0,0.6988565697428493,0.0,0.0,0.0,0.0,0.0,0.0
0.0,0.0,0.0,0.0,0.0,0.0,0.0,0.420058128670504,0.0,0.0,0.0,0.0,0.0,0.0,0.0,0.0,0.0,0.0,0.0,0.0,0.0,0.0,0.0,0.0,0.0,0.0,0.0,0.0,0.0,0.0,0.0,0.9074972002920088,0.0,0.0,0.0,0.0,0.0,0.0,0.0,0.0,0.0,0.0,0.0,0.0,0.0,0.0,0.0,0.0,0.0,0.0,0.0,0.0,0.0,0.0,0.0,0.0,0.0,0.0,0.0,0.0,0.0,0.0,0.0,0.0,0.0,0.0,0.0,0.0,0.0
0.0,0.0,0.29631585918798664,0.0,0.0,0.0,0.0,0.0,0.0,0.0,0.0,0.0,0.0,0.0,0.0,0.0,0.30905108288741023,0.0,0.0,0.0,0.0,0.0,0.0,0.0,0.0,0.0,0.0,0.0,0.0,0.0,0.0,0.0,0.0,0.0,0.0,0.0,0.0,0.0,0.0,0.0,0.0,0.0,0.36958218349958866,0.0,0.0,0.0,0.0,0.0,0.0,0.0,0.0,0.0,0.6048766413869637,0.0,0.0,0.0,0.0,0.0,0.0,0.0,0.5605511556529942,0.0,0.0,0.0,0.0,0.0,0.0,0.0,0.0
0.0,0.0,0.0,0.0,0.0,0.0,0.0,0.4003992234118294,0.0,0.0,0.0,0.24356465183373374,0.0,0.0,0.0,0.0,0.0,0.0,0.0,0.0,0.0,0.0,0.0,0.0,0.0,0.21374598980901433,0.0,0.0,0.0,0.0,0.2512273599389871,0.0,0.0,0.0,0.0,0.0,0.0,0.27460835091342656,0.413347188878726,0.0,0.24356465183373374,0.0,0.0,0.2802822931120057,0.0,0.0,0.0,0.0,0.0,0.0,0.27460835091342656,0.0,0.0,0.0,0.0,0.0,0.0,0.0,0.0,0.0,0.0,0.0,0.0,0.0,0.0,0.0,0.0,0.4604312032597561,0.0
0.0,0.0,0.0,0.0,0.0,0.0,0.0,0.0,0.4052665851432563,0.0,0.0,0.6078998777148845,0.17194182576809047,0.17782569581791638,0.0,0.0,0.0,0.0,0.0,0.0,0.0,0.0,0.0,0.20900827252743362,0.0,0.0,0.0,0.2160929716837454,0.0,0.0,0.0,0.0,0.0,0.0,0.0,0.0,0.0,0.0,0.0,0.0,0.0,0.0,0.2849485243528168,0.0,0.2199545563499869,0.0,0.0,0.0,0.24382126983292096,0.0,0.0,0.0,0.0,0.0,0.0,0.0,0.0,0.24382126983292096,0.0,0.0,0.0,0.1584821466559732,0.0,0.0,0.20263329257162815,0.0,0.0,0.0,0.0
0.0,0.0,0.0,0.0,0.0,0.0,0.0,0.0,0.0,0.0,0.0,0.0,0.0,0.0,0.0,0.0,0.0,0.0,0.0,0.0,0.0,0.0,0.0,0.7459183724852495,0.0,0.0,0.0,0.0,0.0,0.0,0.0,0.0,0.0,0.0,0.0,0.0,0.0,0.0,0.0,0.0,0.0,0.0,0.0,0.0,0.0,0.0,0.0,0.6660373725167055,0.0,0.0,0.0,0.0,0.0,0.0,0.0,0.0,0.0,0.0,0.0,0.0,0.0,0.0,0.0,0.0,0.0,0.0,0.0,0.0,0.0
0.0,0.0,0.0,0.0,0.0,0.0,0.0,0.0,0.371466866675013,0.0,0.0,0.0,0.0,0.0,0.0,0.0,0.0,0.0,0.0,0.0,0.0,0.43681237766869574,0.0,0.0,0.4107562339716656,0.0,0.0,0.0,0.0,0.0,0.0,0.0,0.0,0.4107562339716656,0.0,0.0,0.3660347929940486,0.0,0.0,0.0,0.0,0.0,0.0,0.0,0.0,0.0,0.0,0.0,0.0,0.0,0.0,0.0,0.0,0.0,0.0,0.0,0.0,0.0,0.44697256795322615,0.0,0.0,0.0,0.0,0.0,0.0,0.0,0.0,0.0,0.0
0.0,0.0,0.0,0.0,0.0,0.0,0.0,0.0,0.0,0.0,0.0,0.0,0.0,0.0,0.0,0.0,0.0,0.0,0.0,0.0,0.0,0.0,0.0,0.0,0.0,0.0,0.0,0.0,0.0,0.0,0.0,0.0,0.0,0.0,0.0,0.0,0.0,0.0,0.0,0.0,0.0,0.0,0.0,0.0,0.0,0.0,0.0,0.0,0.0,0.6935696670756651,0.7203895591362711,0.0,0.0,0.0,0.0,0.0,0.0,0.0,0.0,0.0,0.0,0.0,0.0,0.0,0.0,0.0,0.0,0.0,0.0
0.0,0.0,0.0,0.0,0.0,0.0,0.0,1.0,0.0,0.0,0.0,0.0,0.0,0.0,0.0,0.0,0.0,0.0,0.0,0.0,0.0,0.0,0.0,0.0,0.0,0.0,0.0,0.0,0.0,0.0,0.0,0.0,0.0,0.0,0.0,0.0,0.0,0.0,0.0,0.0,0.0,0.0,0.0,0.0,0.0,0.0,0.0,0.0,0.0,0.0,0.0,0.0,0.0,0.0,0.0,0.0,0.0,0.0,0.0,0.0,0.0,0.0,0.0,0.0,0.0,0.0,0.0,0.0,0.0
0.0,0.0,0.0,0.0,0.0,0.0,0.0,0.0,0.0,0.0,0.0,0.0,0.0,0.0,0.0,0.0,0.0,0.0,0.0,0.0,0.0,0.0,0.0,0.0,0.0,0.0,0.0,0.3588894449395944,0.0,0.0,0.0,0.0,0.0,0.0,0.0,0.0,0.0,0.0,0.0,0.0,0.0,0.0,0.0,0.0,0.0,0.0,0.0,0.0,0.0,0.0,0.0,0.0,0.0,0.8759283732967108,0.0,0.0,0.0,0.0,0.0,0.0,0.0,0.0,0.0,0.0,0.0,0.0,0.0,0.0,0.3224094464570292
0.5897316302900077,0.0,0.0,0.0,0.0,0.0,0.0,0.0,0.0,0.0,0.0,0.0,0.0,0.0,0.0,0.13076603345195553,0.0,0.0,0.0,0.0,0.0,0.0,0.1327715809288442,0.0,0.0,0.3442705874167707,0.0,0.0,0.0,0.0,0.0,0.0,0.0,0.0,0.0,0.0,0.0,0.5897316302900077,0.0,0.0,0.0,0.0,0.0,0.15047915796129135,0.14194402365250633,0.0,0.0,0.0,0.0,0.0,0.0,0.0,0.0,0.0,0.0,0.0,0.0,0.15734601122369668,0.0,0.2891938326178104,0.0,0.0,0.0,0.0,0.0,0.0,0.0,0.0,0.0
0.0,0.24579076653979565,0.23030547189351702,0.0,0.0,0.23506403051416247,0.0,0.0,0.0,0.23506403051416247,0.0,0.0,0.0,0.0,0.0,0.0,0.0,0.0,0.24020366536788157,0.0,0.0,0.0,0.20740296113897524,0.2106965629080654,0.45175071960774293,0.358524210094625,0.0,0.0,0.0,0.0,0.0,0.0,0.2012829842382126,0.0,0.0,0.0,0.0,0.0,0.0,0.0,0.20427008825683016,0.0,0.0,0.0,0.0,0.0,0.0,0.0,0.0,0.22173126670298535,0.0,0.0,0.0,0.0,0.0,0.0,0.0,0.0,0.0,0.0,0.0,0.0,0.0,0.0,0.4085401765136603,0.0,0.0,0.0,0.0
0.0,0.0,0.0,0.0,0.0,0.0,0.0,0.0,0.6356968376763962,0.0,0.0,0.0,0.0,0.0,0.0,0.0,0.0,0.0,0.0,0.0,0.0,0.0,0.0,0.0,0.0,0.0,0.0,0.0,0.0,0.0,0.0,0.0,0.0,0.0,0.0,0.0,0.0,0.0,0.2697061117596061,0.0,0.6356968376763962,0.0,0.0,0.0,0.345018368229829,0.0,0.0,0.0,0.0,0.0,0.0,0.0,0.0,0.0,0.0,0.0,0.0,0.0,0.0,0.0,0.0,0.0,0.0,0.0,0.0,0.0,0.0,0.0,0.0
0.0,0.0,0.0,0.0,0.0,0.0,0.0,0.5300811919410083,0.0,0.0,0.0,0.0,0.0,0.2829743976152415,0.0,0.0,0.0,0.0,0.0,0.0,0.0,0.0,0.0,0.0,0.0,0.0,0.0,0.0,0.0,0.0,0.0,0.0,0.0,0.0,0.0,0.0,0.0,0.0,0.0,0.0,0.0,0.0,0.0,0.0,0.0,0.0,0.0,0.2969773979606691,0.0,0.0,0.0,0.0,0.0,0.0,0.0,0.0,0.0,0.0,0.0,0.0,0.0,0.0,0.0,0.7421211796904882,0.0,0.0,0.0,0.0,0.0
0.0,0.0,0.0,0.0,0.0,0.0,0.24345749841566458,0.09217644803701426,0.0,0.0,0.0,0.11214269739136731,0.09515721672051614,0.0,0.0,0.0,0.13186995309748642,0.0,0.0,0.11959164471142093,0.0,0.0,0.0,0.0,0.0,0.0,0.2119929830045669,0.0,0.0,0.0,0.1156707822336309,0.09956939625380717,0.11050280040549443,0.24800764848942397,0.0,0.0,0.0,0.0,0.0,0.0,0.0,0.0,0.15769815380816046,0.0,0.0,0.0,0.0,0.20656700978997009,0.1349372283963992,0.0,0.0,0.0,0.0,0.2918829636507825,0.13186995309748642,0.0,0.0,0.0,0.0,0.0,0.0,0.08770826940046252,0.7175498682685256,0.0,0.0,0.0,0.12172874920783229,0.10599649150228345,0.0
0.0,0.0,0.0,0.0,0.0,0.0,0.0,0.0,0.0,0.34408982154100715,0.0,0.0,0.0,0.2624062286342815,0.0,0.2990132435860862,0.0,0.0,0.0,0.3188748480532762,0.0,0.0,0.0,0.0,0.0,0.0,0.0,0.3188748480532762,0.0,0.0,0.0,0.0,0.2946406814104001,0.0,0.0,0.0,0.0,0.0,0.0,0.0,0.0,0.0,0.0,0.0,0.0,0.33712418080478374,0.0,0.0,0.0,0.0,0.0,0.0,0.0,0.0,0.0,0.0,0.0,0.0,0.0,0.0,0.0,0.0,0.0,0.0,0.0,0.0,0.0,0.5652504437668825,0.0
0.0,0.0,0.0,0.0,0.0,0.0,0.0,0.0,0.0,0.0,0.0,0.0,0.0,0.0,0.0,0.0,0.0,0.0,0.0,0.0,0.859443494300314,0.0,0.19728925479553117,0.0,0.0,0.0,0.0,0.0,0.0,0.0,0.0,0.0,0.0,0.0,0.0,0.42183772239769185,0.0,0.0,0.0,0.0,0.0,0.0,0.0,0.0,0.0,0.0,0.0,0.0,0.0,0.0,0.0,0.0,0.0,0.0,0.0,0.0,0.0,0.0,0.0,0.0,0.0,0.0,0.0,0.0,0.0,0.0,0.21091886119884592,0.0,0.0
0.0,0.0,0.0,0.0,0.0,0.6233496789894296,0.0,0.0,0.0,0.0,0.0,0.0,0.0,0.0,0.0,0.0,0.0,0.0,0.0,0.0,0.0,0.0,0.0,0.0,0.0,0.0,0.0,0.0,0.0,0.6517951516700315,0.0,0.0,0.0,0.0,0.0,0.0,0.0,0.0,0.0,0.43197020494846133,0.0,0.0,0.0,0.0,0.0,0.0,0.0,0.0,0.0,0.0,0.0,0.0,0.0,0.0,0.0,0.0,0.0,0.0,0.0,0.0,0.0,0.0,0.0,0.0,0.0,0.0,0.0,0.0,0.0
0.0,0.0,0.0,0.0,0.0,0.0,0.0,0.0,0.0,0.0,0.0,0.0,0.0,0.0,0.0,0.0,0.0,0.0,0.0,0.0,0.0,0.0,0.0,0.0,0.0,0.0,0.0,0.0,0.7673200355517719,0.0,0.0,0.0,0.0,0.0,0.0,0.0,0.0,0.0,0.6412643472397539,0.0,0.0,0.0,0.0,0.0,0.0,0.0,0.0,0.0,0.0,0.0,0.0,0.0,0.0,0.0,0.0,0.0,0.0,0.0,0.0,0.0,0.0,0.0,0.0,0.0,0.0,0.0,0.0,0.0,0.0
0.0,0.0,0.1409653336564278,0.0,0.0,0.2158169270987243,0.0,0.1541533877327821,0.0,0.0,0.0,0.0,0.0,0.0,0.0,0.0,0.0,0.0,0.0,0.0,0.0,0.0,0.0,0.0,0.0,0.0,0.0,0.0,0.0,0.6769960656400298,0.0,0.0,0.0,0.0,0.0,0.0,0.0,0.0,0.10609222953785122,0.049852426533863105,0.0,0.0,0.0,0.0,0.0,0.0,0.0,0.0,0.0,0.0,0.0,0.0,0.0,0.0,0.0,0.0,0.0,0.0,0.0,0.0,0.0,0.0,0.0,0.0,0.0,0.6616071819770375,0.0,0.0,0.0
0.0,0.0,0.0,0.0,0.12863353463871924,0.0,0.0,0.0,0.0,0.0,0.0,0.0,0.0,0.0,0.0,0.32071160170109425,0.0,0.25141909880853086,0.0,0.0,0.0,0.0,0.3256303281212611,0.11026713494831615,0.0,0.6567123316528576,0.0,0.0,0.0,0.0,0.0,0.0,0.0,0.0,0.0,0.0,0.0,0.0,0.09071187602271263,0.25575146199888815,0.4276154689347923,0.0,0.0,0.0,0.0,0.0,0.0,0.0,0.0,0.0,0.0,0.0,0.0,0.0,0.0,0.0,0.0,0.0,0.0,0.0,0.0,0.0,0.0,0.0,0.10690386723369807,0.0,0.0,0.0,0.0
0.0,0.0,0.0,0.0,0.0,0.0,0.1569648864204984,0.0,0.1446040140350979,0.0,0.0,0.0,0.1227018416916875,0.25380142707561615,0.0,0.0,0.0,0.0,0.0,0.15420916629085824,0.0,0.0,0.0,0.0,0.31979702929579257,0.0,0.0,0.15420916629085824,0.0,0.0,0.14915335377736608,0.0,0.0,0.0,0.14682179343728965,0.0,0.0,0.0,0.0,0.0,0.0,0.0,0.10167307625480608,0.0,0.0,0.3260692348473241,0.6521384696946482,0.0,0.0,0.0,0.0,0.0,0.0,0.0,0.0,0.0,0.0,0.1739967498801414,0.1739967498801414,0.0,0.0,0.22619337887185434,0.0,0.16640322945804611,0.0,0.0,0.0,0.0,0.0
0.0,0.0,0.0,0.0,0.0,0.0,0.0,0.0,0.0,0.0,0.0,0.0,0.0,0.0,0.0,0.0,0.0,0.0,0.0,0.0,0.0,0.0,0.0,0.0,0.0,0.0,0.0,0.0,0.0,0.0,0.0,0.6331355027322051,0.0,0.0,0.0,0.7740409777137371,0.0,0.0,0.0,0.0,0.0,0.0,0.0,0.0,0.0,0.0,0.0,0.0,0.0,0.0,0.0,0.0,0.0,0.0,0.0,0.0,0.0,0.0,0.0,0.0,0.0,0.0,0.0,0.0,0.0,0.0,0.0,0.0,0.0
0.0,0.0,0.0,0.0,0.0,0.0,0.0,0.0,0.0,0.0,0.0,0.0,0.0,0.0,0.0,0.0,0.0,0.0,0.0,0.0,0.0,0.0,0.0,0.0,0.4310325384948739,0.0,0.0,0.0,0.0,0.0,0.0,0.0,0.0,0.0,0.0,0.0,0.0,0.0,0.0,0.0,0.0,0.0,0.0,0.8971341174117685,0.0,0.0,0.0,0.0,0.046903663211534226,0.0,0.0,0.0,0.0,0.0,0.0,0.0,0.0,0.0,0.0,0.0,0.0,0.0,0.0,0.0,0.0,0.0,0.08462489297961359,0.0,0.0
0.0,0.0,0.0,0.0,0.0,0.0,0.0,0.2518805408919497,0.0,0.0,0.12011555309028235,0.0,0.08667525428227764,0.0,0.0,0.0,0.0,0.0,0.0,0.0,0.0,0.0,0.0,0.0,0.0,0.0,0.0,0.0,0.41485330961317557,0.0,0.10536031641800148,0.0,0.6039179362831232,0.22590116375415098,0.0,0.0,0.0,0.0,0.5200515256936658,0.08145689397298465,0.0,0.0,0.0,0.0,0.0,0.0,0.0,0.0940771951772271,0.0,0.0,0.0,0.0,0.0,0.08862186518619151,0.0,0.0,0.0,0.0,0.0,0.0,0.0,0.0,0.0,0.0,0.0,0.0,0.11087829861650075,0.0,0.09785911965997311
0.0,0.0,0.0,0.0,0.0,0.0,0.0,0.0,0.0,0.0,0.4827199967508823,0.0,0.0,0.0,0.0,0.0,0.0,0.0,0.0,0.0,0.0,0.0,0.0,0.0,0.0,0.0,0.0,0.0,0.0,0.0,0.0,0.0,0.0,0.0,0.0,0.0,0.0,0.2314141553041727,0.0,0.0,0.0,0.0,0.0,0.0,0.0,0.0,0.0,0.0,0.0,0.0,0.0,0.0,0.0,0.7123065310714781,0.0,0.0,0.0,0.0,0.0,0.4539254335841978,0.0,0.0,0.0,0.0,0.0,0.0,0.0,0.0,0.0
0.0,0.0,0.0,0.0,0.0,0.28700627043313565,0.0,0.05125060101006367,0.124703886135629,0.0,0.0,0.0,0.0,0.0,0.0,0.249407772271258,0.0,0.0,0.0,0.0,0.06894679341013205,0.0,0.06330822948866632,0.0,0.0,0.05471844000024745,0.0,0.0,0.06330822948866632,0.0,0.0,0.0,0.3072007576058114,0.0,0.3165411474433316,0.0,0.0,0.0,0.10581584886874758,0.6463932289174111,0.3117597153390725,0.0,0.0,0.0,0.13536367889983186,0.0,0.0,0.0,0.0,0.0,0.0,0.0,0.28700627043313565,0.0,0.0,0.0,0.0,0.0,0.0,0.0,0.0,0.0,0.0,0.0,0.0,0.0,0.0,0.0,0.0
0.0,0.0,0.0,0.0,0.0,0.0,0.0,0.0,0.0,0.0,0.0,0.0,0.0,0.0,0.0,0.0,0.0,0.0,0.0,0.0,0.0,0.0,0.0,0.0,0.0,0.0,0.0,0.0,0.0,0.0,0.0,0.0,0.0,0.0,0.0,0.8393077380873264,0.0,0.0,0.0,0.0,0.0,0.0,0.5436566202914631,0.0,0.0,0.0,0.0,0.0,0.0,0.0,0.0,0.0,0.0,0.0,0.0,0.0,0.0,0.0,0.0,0.0,0.0,0.0,0.0,0.0,0.0,0.0,0.0,0.0,0.0
0.0,0.0,0.0,0.0,0.0,0.0,0.0,0.0,0.0,0.0,0.0,0.0,0.0,0.0,0.0,0.0,0.0,0.0,0.0,0.0,0.0,0.0,0.0,0.0,0.0,0.0,0.0,0.0,0.0,0.0,0.0,0.0,0.0,0.0,0.0,0.0,0.0,0.0,0.0,0.0,0.0,0.0,0.3591716284893113,0.0,0.0,0.0,0.0,0.0,0.6146631764114017,0.0,0.0,0.0,0.0,0.4431930108294986,0.0,0.0,0.0,0.0,0.0,0.0,0.5447613018598755,0.0,0.0,0.0,0.0,0.0,0.0,0.0,0.0
0.0,0.0,0.0,0.0,0.0,0.0,0.0,0.0,0.0,0.0,0.0,0.0,0.0,0.24650364571928582,0.0,0.0,0.0,0.0,0.0,0.0,0.0,0.0,0.0,0.5794584514518912,0.0,0.0,0.0,0.0,0.5704003759214947,0.0,0.0,0.0,0.0,0.31060161686216065,0.28520018796074736,0.0,0.0,0.3166934720300696,0.0,0.0,0.0,0.0,0.0,0.0,0.0,0.0,0.0,0.0,0.0,0.0,0.0,0.0,0.0,0.0,0.0,0.0,0.0,0.0,0.0,0.0,0.0,0.0,0.0,0.0,0.0,0.0,0.0,0.0,0.0
0.0,0.0,0.0,0.0,0.0,0.0,0.0,0.09233870559184627,0.0,0.0,0.0,0.0,0.0,0.0,0.0,0.0,0.0,0.0,0.0,0.0,0.0,0.0,0.0,0.0,0.0,0.0,0.0,0.0,0.0,0.0,0.0,0.0,0.0,0.0,0.0,0.0,0.0,0.0,0.0,0.08958561218380404,0.0,0.0,0.0,0.0,0.0,0.0,0.0,0.10346531412408455,0.0,0.24388605494219273,0.0,0.0,0.0,0.0,0.0,0.0,0.0,0.0,0.0,0.0,0.0,0.0,0.0,0.0,0.0,0.0,0.0,0.9556476874440778,0.0
