title_pl,adore,afraid,alleluia,amen,away,bless,blood,bread,christ,come,cross,day,earth,exalted,father,fear,forever,gave,glory,god,good,grace,great,hand,hands,heart,hearts,heaven,holy,honor,hope,jesus,joy,king,know,lead,let,life,light,like,live,look,lord,love,mercy,mountains,new,night,peace,people,power,praise,rejoice,salvation,savior,sing,sky,son,song,soul,spirit,strength,throne,time,today,voice,want,water,way,world,worship
Abba Ojcze,0.0,0.0,0.0,0.0,0.0,0.0,0.0,0.0,0.08686466328388545,0.0,0.0,0.0,0.0,0.0,0.9723284208409204,0.0,0.0,0.0,0.0,0.048825497360656916,0.0,0.0,0.0,0.0,0.0,0.0,0.0,0.0,0.0,0.0,0.0,0.0,0.0,0.0,0.0,0.0,0.0,0.19782543328339025,0.0,0.07425052896311556,0.0,0.0,0.0,0.0,0.0,0.0,0.0,0.0,0.0,0.0,0.0,0.0,0.0,0.0,0.0,0.0,0.0,0.0,0.0,0.0,0.0,0.0,0.0,0.0,0.0,0.0,0.0,0.0,0.0,0.0,0.0
Alleluja (Niech zabrzmi Panu),0.0,0.0,0.9313540255887471,0.04969882347719993,0.0,0.0,0.0,0.0,0.0,0.0,0.0,0.0,0.0,0.0,0.04260278542857828,0.0,0.0,0.0,0.11559125848034409,0.025671599960441768,0.0,0.0,0.0,0.0,0.0,0.0,0.0,0.07913930441444818,0.0,0.0,0.0,0.0,0.0,0.0,0.0,0.0,0.13945613364037315,0.0,0.0,0.0,0.0,0.0,0.16325802202165213,0.0,0.0,0.0,0.0,0.0,0.0,0.040699362483982024,0.0,0.07087003055249354,0.0,0.0,0.0,0.0,0.0,0.04330476599270676,0.0,0.0,0.03504741999355299,0.04330476599270676,0.0,0.0,0.0,0.0,0.0,0.0,0.0,0.0,0.22416999707479673
"Alleluja, Alleluja, Amen Amen, Alleluja",0.0,0.0,0.6668443532312509,0.7116816782330964,0.0,0.0,0.0,0.0,0.08175213281999788,0.0,0.0,0.0,0.0,0.0,0.0,0.0,0.0,0.0,0.0,0.0,0.0,0.0,0.0,0.0,0.0,0.0,0.0,0.0,0.0,0.0,0.0,0.060769264727889814,0.0,0.0,0.0,0.0,0.07488736776229579,0.0,0.0,0.0,0.0,0.0,0.14611480585487108,0.0,0.0,0.0,0.0,0.0,0.0,0.0,0.0,0.0,0.08693804393740164,0.0,0.0,0.0,0.0,0.0,0.0,0.0,0.06273439926147036,0.0,0.0,0.0,0.0,0.0,0.0,0.0,0.0,0.0,0.0
"Blisko, blisko, blisko jesteś",0.0,0.0,0.0,0.0,0.0,0.0,0.0,0.0,0.0,0.4719573111647745,0.0,0.0,0.0,0.0,0.0,0.0,0.0,0.0,0.0,0.0,0.0,0.6330482552241732,0.0,0.0,0.0,0.0,0.0,0.0,0.0,0.0,0.0,0.0,0.0,0.0,0.0,0.0,0.0,0.0,0.0,0.0,0.0,0.0,0.27180324496384556,0.0,0.0,0.0,0.0,0.0,0.0,0.0,0.0,0.0,0.0,0.0,0.0,0.0,0.0,0.0,0.0,0.5501174411185942,0.0,0.0,0.0,0.0,0.0,0.0,0.0,0.0,0.0,0.0,0.0
Bo góry mogą ustąpić,0.0,0.0,0.0,0.0,0.0,0.0,0.0,0.0,0.0,0.0,0.0,0.0,0.0,0.0,0.0,0.0,0.0,0.0,0.0,0.0,0.0,0.0,0.0,0.0,0.0,0.0,0.0,0.0,0.0,0.0,0.0,0.0,0.0,0.0,0.0,0.0,0.0,0.0,0.0,0.0,0.0,0.0,0.22036930928270537,0.632443481873165,0.0,0.5366766185801822,0.0,0.0,0.0,0.0,0.0,0.0,0.0,0.0,0.0,0.0,0.0,0.0,0.0,0.0,0.0,0.0,0.0,0.0,0.0,0.0,0.0,0.0,0.5132551186610347,0.0,0.0
Bo jak śmierć potężna jest miłość,0.0,0.0,0.0,0.0,0.0,0.0,0.0,0.0,0.0,0.0,0.0,0.0,0.0,0.0,0.0,0.0,0.0,0.0,0.0,0.0,0.0,0.0,0.5929665365142676,0.0,0.0,0.0,0.0,0.0,0.0,0.0,0.0,0.0,0.0,0.0,0.0,0.0,0.0,0.0,0.0,0.0,0.0,0.0,0.2649508562424432,0.7603891966293774,0.0,0.0,0.0,0.0,0.0,0.0,0.0,0.0,0.0,0.0,0.0,0.0,0.0,0.0,0.0,0.0,0.0,0.0,0.0,0.0,0.0,0.0,0.0,0.0,0.0,0.0,0.0
Boże Twa łaska,0.0,0.0,0.0,0.0,0.0,0.0,0.0,0.0,0.0,0.0,0.0,0.0,0.0,0.0,0.0,0.0,0.0,0.0,0.0,0.16062445856668142,0.0,0.594778769587715,0.0,0.0,0.0,0.0,0.2973893847938575,0.0,0.0,0.0,0.0,0.0,0.0,0.0,0.0,0.0,0.0,0.0,0.0,0.0,0.0,0.0,0.0,0.36644929812255667,0.0,0.0,0.0,0.0,0.0,0.0,0.4434262104286294,0.0,0.0,0.0,0.0,0.0,0.0,0.0,0.0,0.0,0.0,0.0,0.0,0.0,0.0,0.0,0.44842575771269616,0.0,0.0,0.0,0.0
Była cicha i piękna jak wiosna,0.0,0.0,0.0,0.0,0.0,0.0,0.0,0.0,0.0,0.0,0.0,0.0,0.0,0.0,0.0,0.0,0.0,0.0,0.0,0.266061851200256,0.43463547273129505,0.0,0.0,0.0,0.0,0.0,0.0,0.0,0.0,0.0,0.0,0.0,0.0,0.0,0.0,0.0,0.14453309156718988,0.17966637596842766,0.0,0.4046089493487333,0.0,0.0,0.0,0.0,0.0,0.0,0.2463011267138733,0.0,0.0,0.21090519760834112,0.0,0.0,0.0,0.0,0.0,0.0,0.0,0.0,0.0,0.0,0.0,0.0,0.0,0.0,0.19966567634557364,0.0,0.0,0.0,0.0,0.6151530251616912,0.0
Bóg nasz Pan,0.0,0.0,0.0,0.0,0.0,0.0,0.0,0.0,0.0,0.0,0.0,0.0,0.0,0.0,0.0,0.0,0.0,0.0,0.0,0.2231596626117418,0.36455096819125404,0.0,0.0,0.0,0.0,0.0,0.0,0.0,0.0,0.0,0.0,0.0,0.0,0.0,0.0,0.0,0.0,0.0,0.0,0.0,0.0,0.0,0.17739742151420457,0.0,0.0,0.0,0.0,0.0,0.0,0.0,0.0,0.0,0.0,0.0,0.0,0.0,0.0,0.0,0.0,0.0,0.0,0.0,0.0,0.4222045736091166,0.0,0.0,0.0,0.0,0.0,0.0,0.7794714936657328
Bóg tak umiłował świat,0.0,0.0,0.0,0.0,0.0,0.0,0.0,0.0,0.0,0.0,0.0,0.0,0.0,0.0,0.0,0.0,0.0,0.3486102039684944,0.0,0.1921800186078527,0.0,0.0,0.0,0.0,0.0,0.0,0.0,0.0,0.0,0.0,0.0,0.7624490723504791,0.0,0.0,0.0,0.0,0.0,0.2595508324177568,0.0,0.0,0.0,0.0,0.0,0.0,0.0,0.0,0.0,0.0,0.0,0.0,0.0,0.0,0.0,0.0,0.0,0.0,0.0,0.3241835626572251,0.0,0.0,0.0,0.0,0.0,0.0,0.0,0.0,0.0,0.0,0.0,0.2962221485691819,0.0
Będziemy tańczyć,0.0,0.0,0.0,0.0,0.0,0.0,0.0,0.0,0.0,0.5818523259691073,0.0,0.22276476664066713,0.0,0.0,0.23318300275525874,0.0,0.0,0.0,0.0,0.14051148778389538,0.0,0.0,0.0,0.0,0.48217429293291686,0.0,0.0,0.0,0.0,0.0,0.0,0.0,0.0,0.0,0.0,0.0,0.0,0.0,0.0,0.0,0.0,0.0,0.22339499293252799,0.0,0.0,0.0,0.26015107089792944,0.0,0.0,0.0,0.0,0.0,0.0,0.0,0.0,0.43316277219152166,0.0,0.0,0.0,0.0,0.0,0.0,0.0,0.0,0.0,0.0,0.0,0.0,0.0,0.0,0.0
Będę śpiewał Ci,0.0,0.0,0.0,0.0,0.0,0.0,0.0,0.0,0.0,0.0,0.0,0.0,0.2505660816771076,0.0,0.0,0.0,0.0,0.0,0.25379363703699953,0.0,0.0,0.0,0.0,0.0,0.0,0.0,0.0,0.0,0.6708609888199957,0.0,0.0,0.0,0.0,0.0,0.0,0.0,0.0,0.0,0.0,0.0,0.0,0.0,0.268838541917428,0.0,0.0,0.0,0.0,0.0,0.0,0.0,0.0,0.0,0.0,0.0,0.0,0.5212777894446872,0.0,0.0,0.2806176523373789,0.0,0.0,0.0,0.0,0.0,0.0,0.0,0.0,0.0,0.0,0.0,0.0
"Błogosław, duszo moja Pana",0.0,0.0,0.0,0.0,0.0,0.8530827120845919,0.0,0.0,0.0,0.0,0.0,0.0,0.05689688131206421,0.0,0.06372079234445191,0.06965109894422505,0.06177723877572603,0.0,0.0,0.0,0.06272471100597707,0.0,0.06831130370204959,0.0,0.0,0.0,0.0,0.0,0.20311287573217535,0.0,0.0,0.0,0.0,0.0,0.0,0.0,0.0,0.05185734813264086,0.0,0.23356565223585765,0.0,0.0,0.24418428079656232,0.0,0.07264460164906224,0.0,0.0,0.0,0.0,0.12174770261165715,0.0,0.0,0.0,0.0,0.0,0.0,0.07433430417040011,0.0,0.0,0.24710895510290412,0.0,0.0,0.0,0.0,0.0,0.0,0.05359755608841818,0.0,0.0,0.0,0.0
Błogosławcie Pana wszystkie Jego dzieła,0.0,0.0,0.0,0.0,0.0,0.9243809638852885,0.0,0.0,0.0,0.0,0.0,0.0,0.0,0.0,0.0,0.0,0.0,0.0,0.0,0.0,0.0,0.0,0.0,0.0,0.0,0.0,0.0,0.0,0.06602654344783043,0.0,0.0,0.0,0.0,0.0,0.0,0.0,0.0,0.0,0.0,0.0,0.0,0.0,0.3571998961280941,0.0,0.0,0.0,0.0,0.09445923956798821,0.0,0.0,0.0,0.0,0.0,0.0,0.0,0.0,0.0,0.0,0.0,0.0,0.06816168596178517,0.0,0.0,0.0,0.0,0.0,0.0,0.0,0.0,0.0,0.0
Błogosławione jest Imię Twe,0.0,0.0,0.0,0.0,0.0,0.0,0.0,0.0,0.0,0.0,0.0,0.0,0.0,0.18426690548249436,0.0,0.0,0.3062785276730713,0.0,0.14285813365898337,0.3807274259251052,0.0,0.0,0.0,0.0,0.0,0.0,0.0,0.0,0.0,0.18426690548249436,0.0,0.0,0.0,0.0,0.0,0.0,0.0,0.0,0.0,0.0,0.0,0.0,0.22699016099639513,0.0,0.0,0.0,0.0,0.0,0.0,0.0,0.0,0.78828835217893,0.0,0.0,0.0,0.0,0.0,0.0,0.0,0.0,0.0,0.0,0.0,0.0,0.0,0.0,0.0,0.0,0.0,0.0,0.0
Cała ziemio wołaj,0.0,0.0,0.42290868995678094,0.0,0.0,0.0,0.0,0.0,0.0,0.0,0.0,0.0,0.44910764760300403,0.0,0.0,0.0,0.0,0.0,0.0,0.02331389012143258,0.0,0.0,0.0,0.0422908689956781,0.04000156379422341,0.0,0.0,0.0,0.03083160262052504,0.27080655155830197,0.0,0.0,0.47481148590049616,0.03593552895511268,0.0,0.0,0.1773076463502877,0.0,0.0,0.0,0.03932760551130612,0.0,0.2779954010015169,0.0,0.0,0.045134425259717,0.04316468053640874,0.0,0.0,0.0,0.0,0.16090310963763663,0.39697622009373806,0.090268850519434,0.0,0.07187105791022536,0.0,0.0,0.03869009566522362,0.0,0.0,0.0,0.0,0.0,0.0,0.045134425259717,0.0,0.0,0.0,0.0,0.0
Chcę wywyższać Imię Twe,0.0,0.0,0.0,0.0,0.0,0.0,0.0,0.0,0.0,0.0,0.2299099905607919,0.0,0.0,0.0,0.0,0.0,0.0,0.0,0.0,0.0,0.0,0.0,0.0,0.0,0.0,0.0,0.0,0.3746190846809168,0.0,0.0,0.0,0.0,0.0,0.1873095423404584,0.0,0.2299099905607919,0.0,0.0,0.0,0.0,0.0,0.0,0.09660113143065893,0.0,0.0,0.0,0.0,0.0,0.0,0.0,0.0,0.16773754945991626,0.2299099905607919,0.0,0.0,0.1873095423404584,0.0,0.0,0.0,0.0,0.0,0.0,0.0,0.0,0.3647803222382645,0.0,0.6785150353717334,0.0,0.0,0.0,0.0
Chlebie najcichszy,0.0,0.0,0.0,0.0,0.0,0.23786174209363967,0.0,0.9514469683745587,0.0,0.0,0.0,0.0,0.0,0.0,0.0,0.0,0.0,0.0,0.0,0.0,0.0,0.0,0.0,0.0,0.0,0.0,0.0,0.0,0.0,0.0,0.0,0.0,0.0,0.0,0.0,0.0,0.0,0.0,0.0,0.19537261327791156,0.0,0.0,0.0,0.0,0.0,0.0,0.0,0.0,0.0,0.0,0.0,0.0,0.0,0.0,0.0,0.0,0.0,0.0,0.0,0.0,0.0,0.0,0.0,0.0,0.0,0.0,0.0,0.0,0.0,0.0,0.0
Chrystus Pan karmi nas,0.08040945972478336,0.0,0.0,0.0,0.07389421459015502,0.0,0.0,0.0,0.5172595021310851,0.0,0.0,0.0,0.0,0.0,0.0,0.0,0.33413068492965814,0.0,0.0,0.04153497685990279,0.0,0.0,0.07389421459015502,0.0,0.0,0.0,0.0769002512196222,0.06402112027742783,0.4394255595191205,0.0,0.0,0.0,0.0769002512196222,0.0,0.0,0.0,0.3158833189092211,0.056095518652424216,0.0,0.0,0.0,0.08040945972478336,0.26414084736875637,0.0,0.07858166206994925,0.0,0.0,0.0,0.0,0.06584891793226194,0.17199464098036113,0.401320828954176,0.0,0.0,0.07858166206994925,0.0,0.0,0.0,0.0,0.0,0.0,0.0,0.0,0.07858166206994925,0.0,0.0,0.0,0.0,0.0,0.0,0.0
"Chrystus Pan, Boży Syn",0.0,0.0,0.0,0.0,0.0,0.0,0.3079529489215554,0.0,0.2830007982787969,0.0,0.0,0.0,0.0,0.3079529489215554,0.0,0.0,0.0,0.0,0.0,0.0,0.0,0.0,0.0,0.0,0.0,0.0,0.0,0.0,0.0,0.0,0.0,0.2103645475118602,0.0,0.24518872344342946,0.5118628086866905,0.0,0.0,0.0,0.0,0.0,0.0,0.0,0.12645115567909965,0.0,0.0,0.0,0.0,0.0,0.0,0.0,0.0,0.2195689291197556,0.0,0.0,0.3009528312766338,0.0,0.0,0.2683329193080384,0.0,0.0,0.0,0.0,0.2830007982787969,0.0,0.23874923943894574,0.0,0.0,0.0,0.0,0.0,0.0
Chwal Adonai,0.0,0.0,0.0,0.0,0.0,0.0,0.0,0.0,0.0,0.0,0.0,0.24870764191499306,0.0,0.30370198545072,0.0,0.0,0.0,0.0,0.0,0.15687526046284694,0.0,0.0,0.0,0.0,0.0,0.0,0.0,0.0,0.0,0.0,0.0,0.0,0.0,0.0,0.0,0.0,0.1704390635697539,0.0,0.0,0.23856533369343225,0.0,0.0,0.1247056317426697,0.0,0.0,0.30370198545072,0.0,0.0,0.0,0.24870764191499306,0.0,0.4330760263896316,0.0,0.0,0.0,0.0,0.0,0.0,0.0,0.0,0.0,0.0,0.27909427275301973,0.0,0.0,0.0,0.0,0.0,0.0,0.0,0.5479475643630154
Chwalcie Pana niebios,0.0,0.0,0.2303383346543449,0.0,0.0,0.0,0.0,0.0,0.0,0.0,0.0,0.0,0.12543982877610577,0.0,0.0,0.0,0.0,0.07677944488478163,0.0,0.3386125817015146,0.0,0.0,0.0,0.0,0.0,0.0,0.0,0.26096507641841216,0.0,0.0,0.0,0.0,0.0,0.26096507641841216,0.0,0.0,0.0,0.057164617115508624,0.0,0.0,0.07139961394773761,0.0,0.2355281120710321,0.0,0.0,0.0,0.0,0.0,0.0,0.0,0.0,0.7010904281664443,0.08007931350742234,0.0,0.0,0.19572380731380914,0.0,0.0,0.0,0.0680997453250969,0.0,0.0,0.0,0.0,0.0,0.0,0.17724877278440543,0.0,0.0,0.19572380731380914,0.0
Chwalcie łąki umajone,0.0,0.0,0.0,0.0,0.0,0.0,0.0,0.0,0.0,0.0,0.0,0.0,0.21083114540335546,0.27544543970784996,0.0,0.0,0.0,0.0,0.0,0.0,0.0,0.0,0.0,0.25809184317980777,0.0,0.0,0.0,0.21930660504077612,0.0,0.0,0.0,0.0,0.0,0.0,0.0,0.0,0.15458134966978287,0.0,0.0,0.0,0.0,0.0,0.0,0.0,0.0,0.27544543970784996,0.0,0.0,0.0,0.0,0.0,0.785564943467759,0.0,0.0,0.0,0.0,0.0,0.0,0.0,0.0,0.0,0.0,0.0,0.0,0.0,0.0,0.0,0.0,0.0,0.21930660504077612,0.0
"Chwalę Ciebie, Panie",0.39400732587823256,0.0,0.0,0.0,0.0,0.0,0.0,0.0,0.0,0.0,0.0,0.0,0.0,0.0,0.0,0.0,0.0,0.0,0.0,0.0,0.0,0.0,0.7241650917240433,0.0,0.34919928836617503,0.0,0.0,0.0,0.0,0.0,0.0,0.0,0.0,0.0,0.0,0.0,0.0,0.0,0.0,0.0,0.0,0.0,0.16178666863821925,0.0,0.0,0.0,0.0,0.0,0.0,0.0,0.0,0.28092527417381274,0.0,0.0,0.0,0.0,0.0,0.0,0.0,0.0,0.0,0.0,0.0,0.0,0.3054653307144105,0.0,0.0,0.0,0.0,0.0,0.0
Chwała Bogu Ojcu,0.0,0.0,0.614414836437508,0.0,0.0,0.0,0.0,0.0,0.0,0.0,0.0,0.0,0.0,0.0,0.28105084341408615,0.0,0.0,0.0,0.5083708394553909,0.1693557063954622,0.0,0.0,0.0,0.0,0.0,0.0,0.0,0.0,0.0,0.0,0.0,0.0,0.0,0.0,0.0,0.0,0.18399859814143782,0.0,0.0,0.0,0.0,0.0,0.13462677475696685,0.0,0.0,0.0,0.0,0.0,0.0,0.0,0.0,0.2337650186388888,0.0,0.0,0.0,0.26104124447652377,0.0,0.285681813610609,0.0,0.0,0.0,0.0,0.0,0.0,0.0,0.0,0.0,0.0,0.0,0.0,0.0
Ciebie całą duszą pragnę,0.0,0.0,0.0,0.0,0.0,0.0,0.0,0.0,0.0,0.0,0.0,0.0,0.0,0.0,0.0,0.0,0.0,0.0,0.1242298777242017,0.7449339481370946,0.0,0.0,0.0,0.15014370234991578,0.0,0.10316927654850316,0.0,0.0,0.0,0.0,0.0,0.0,0.30649192605382836,0.0,0.0,0.0,0.0,0.11178652398461188,0.0,0.12587171021000867,0.0,0.1602390746007609,0.06579711686208632,0.09441640902928401,0.0,0.0,0.0,0.0,0.0,0.0,0.11424966747823535,0.11424966747823535,0.0,0.0,0.0,0.12758057451537844,0.0,0.0,0.0,0.2663407610602054,0.0,0.13962333799827784,0.0,0.1565966598180909,0.0,0.0,0.23107562206495807,0.1565966598180909,0.0,0.0,0.0
Do Ciebie Panie,0.0,0.0,0.0,0.0,0.0,0.0,0.0,0.0,0.0,0.24852193547812515,0.0,0.28544320521360705,0.0,0.0,0.0,0.326600543629249,0.0,0.0,0.0,0.0,0.0,0.0,0.0,0.0,0.0,0.44883856304608255,0.0,0.0,0.0,0.0,0.0,0.4762076739474668,0.0,0.0,0.0,0.0,0.19561390323335873,0.0,0.0,0.0,0.0,0.0,0.14312537788839647,0.0,0.0,0.0,0.0,0.0,0.0,0.0,0.0,0.0,0.3406373589211133,0.0,0.0,0.0,0.0,0.0,0.0,0.2896792738937671,0.0,0.0,0.0,0.0,0.0,0.0,0.2513239736489172,0.0,0.0,0.0,0.0
Do mnie wróć,0.0,0.0,0.0,0.0,0.0,0.0,0.0,0.0,0.0,0.6250946675807786,0.0,0.0,0.33552776469331885,0.0,0.0,0.0,0.0,0.0,0.0,0.45286223579804735,0.0,0.0,0.0,0.0,0.0,0.0,0.0,0.0,0.0,0.0,0.0,0.0,0.0,0.0,0.0,0.0,0.0,0.0,0.0,0.0,0.0,0.0,0.5399940472542033,0.0,0.0,0.0,0.0,0.0,0.0,0.0,0.0,0.0,0.0,0.0,0.0,0.0,0.0,0.0,0.0,0.0,0.0,0.0,0.0,0.0,0.0,0.0,0.0,0.0,0.0,0.0,0.0
Dobry jest Pan,0.0,0.17153300773487531,0.0,0.0,0.1576343993137027,0.0,0.0,0.0,0.0,0.0,0.0,0.0,0.0,0.0,0.0,0.0,0.14255646427340216,0.0,0.0,0.0,0.4342285217397833,0.0,0.0,0.0,0.15202561043456292,0.22088165893728706,0.0,0.0,0.0,0.0,0.0,0.0,0.0,0.0,0.0,0.0,0.2887955292710404,0.0,0.0,0.2694867415435371,0.0,0.34306601546975063,0.3521730696385073,0.0,0.16763386912186196,0.0,0.0,0.16763386912186196,0.0,0.0,0.0,0.0,0.0,0.0,0.0,0.0,0.0,0.0,0.0,0.4276693928202065,0.0,0.0,0.0,0.0,0.0,0.0,0.0,0.16763386912186196,0.0,0.0,0.0
Dotknij Panie moich oczu,0.0,0.0,0.0,0.0,0.0,0.0,0.0,0.0,0.0,0.0,0.0,0.0,0.0,0.0,0.0,0.0,0.0,0.0,0.0,0.0,0.0,0.0,0.0,0.0,0.0,0.2952055089156731,0.0,0.0,0.3132064406034058,0.0,0.0,0.0,0.0,0.0,0.0,0.0,0.5146287026951027,0.0,0.0,0.0,0.0,0.0,0.5648097578543507,0.0,0.0,0.0,0.0,0.0,0.0,0.0,0.0,0.0,0.0,0.0,0.0,0.0,0.0,0.0,0.0,0.0,0.3233347973529177,0.0,0.0,0.0,0.35546768866663025,0.0,0.0,0.0,0.0,0.0,0.0
Duchu miłości,0.0,0.0,0.0,0.0,0.0,0.0,0.0,0.0,0.0,0.0,0.0,0.0,0.0,0.0,0.0,0.0,0.0,0.0,0.0,0.0,0.0,0.0,0.0,0.0,0.0,0.36418175411951076,0.0,0.0,0.0,0.0,0.0,0.7727773872476049,0.0,0.0,0.0,0.0,0.0,0.0,0.0,0.0,0.0,0.0,0.0,0.3332846231773711,0.0,0.0,0.0,0.0,0.0,0.0,0.0,0.0,0.0,0.0,0.0,0.0,0.0,0.0,0.0,0.0,0.3988835916388631,0.0,0.0,0.0,0.0,0.0,0.0,0.0,0.0,0.0,0.0
Duchu święty (o przyjdź i rozpal nas),0.0,0.0,0.0,0.0,0.0,0.0,0.0,0.0,0.0,0.5285825707575316,0.0,0.0,0.0,0.0,0.0,0.0,0.0,0.0,0.0,0.0,0.0,0.0,0.0,0.0,0.0,0.0,0.0,0.0,0.506424263969593,0.0,0.0,0.0,0.0,0.0,0.0,0.0,0.0,0.0,0.0,0.0,0.0,0.0,0.0,0.4368228749190964,0.0,0.0,0.0,0.0,0.0,0.0,0.0,0.0,0.0,0.0,0.0,0.0,0.0,0.0,0.0,0.0,0.5228008289029682,0.0,0.0,0.0,0.0,0.0,0.0,0.0,0.0,0.0,0.0
Duchu święty ogarnij mnie,0.0,0.0,0.0,0.0,0.0,0.0,0.0,0.0,0.0,0.0,0.0,0.0,0.0,0.0,0.0,0.0,0.0,0.0,0.0,0.0,0.0,0.0,0.0,0.0,0.0,0.22338623239519792,0.0,0.0,0.7110233848815941,0.0,0.0,0.0,0.0,0.0,0.0,0.0,0.1947134513169377,0.0,0.0,0.0,0.0,0.0,0.0,0.4088683490849138,0.0,0.0,0.0,0.0,0.0,0.0,0.0,0.0,0.0,0.0,0.0,0.0,0.0,0.0,0.0,0.0,0.4893441348587132,0.0,0.0,0.0,0.0,0.0,0.0,0.0,0.0,0.0,0.0
Duchu święty powiej wiatrem,0.0,0.0,0.0,0.0,0.0,0.0,0.0,0.0,0.0,0.36268123748051284,0.0,0.0,0.0,0.0,0.0,0.0,0.0,0.0,0.0,0.0,0.0,0.0,0.0,0.0,0.0,0.0,0.48647349910302423,0.0,0.17373877697426218,0.0,0.0,0.0,0.0,0.0,0.0,0.0,0.0,0.17743104092669465,0.22541231009638485,0.0,0.0,0.0,0.0,0.14986065526943576,0.0,0.0,0.48647349910302423,0.0,0.0,0.0,0.36268123748051284,0.0,0.0,0.0,0.0,0.0,0.0,0.0,0.0,0.0,0.35871415758304154,0.0,0.0,0.0,0.0,0.0,0.0,0.0,0.0,0.0,0.0
Duchu święty przyjdź (Niech wiara zagości),0.0,0.0,0.0,0.0,0.0,0.0,0.0,0.0,0.0,0.7551067965594517,0.0,0.0,0.0,0.0,0.0,0.0,0.0,0.0,0.0,0.0,0.0,0.0,0.0,0.0,0.0,0.0,0.0,0.0,0.24115084682545077,0.0,0.33078004399624367,0.0,0.0,0.0,0.0,0.0,0.3962343405726813,0.0,0.0,0.0,0.0,0.0,0.0,0.208007818136046,0.0,0.0,0.0,0.0,0.0,0.0,0.0,0.0,0.0,0.0,0.0,0.0,0.0,0.0,0.0,0.0,0.248949095809059,0.0,0.0,0.0,0.0,0.0,0.0,0.0,0.0,0.0,0.0
"Duchu święty, cudownym wiatrem jesteś",0.0,0.0,0.0,0.0,0.0,0.0,0.0,0.0,0.0,0.0,0.0,0.0,0.0,0.0,0.0,0.0,0.0,0.0,0.0,0.0,0.0,0.0,0.0,0.0,0.0,0.0,0.0,0.0,0.6957675466506662,0.0,0.0,0.0,0.0,0.0,0.0,0.0,0.0,0.0,0.0,0.0,0.0,0.0,0.0,0.0,0.0,0.0,0.0,0.0,0.0,0.0,0.0,0.0,0.0,0.0,0.0,0.0,0.0,0.0,0.0,0.0,0.7182670262706711,0.0,0.0,0.0,0.0,0.0,0.0,0.0,0.0,0.0,0.0
"Duszo ma, Pana chwal",0.32688040207226915,0.0,0.0,0.0,0.07509865959402666,0.0,0.0,0.0,0.0,0.11653205479049643,0.0,0.13384445588488023,0.0,0.0,0.0,0.0,0.06791537526077042,0.0,0.0,0.3799078175704531,0.06895698756559138,0.0,0.07509865959402666,0.0,0.0,0.05261515439305917,0.0,0.0,0.0,0.0,0.0,0.0,0.0,0.0,0.06791537526077042,0.0,0.0,0.0,0.0,0.0,0.0,0.0,0.03355577918285845,0.04815129178480295,0.0,0.0,0.07815369337191606,0.0,0.0,0.0,0.17479808218574466,0.17479808218574466,0.0,0.0,0.0,0.3903878276703425,0.0,0.0,0.3502601937015935,0.475407626825393,0.0,0.07120630997349238,0.0,0.15972502104136854,0.0,0.0,0.0,0.0,0.0,0.0,0.2948833539689959
Dzielmy się wiarą jak chlebem,0.0,0.0,0.0,0.0,0.0,0.0,0.0,0.49056898957352707,0.0,0.0,0.0,0.0,0.0,0.0,0.0,0.12015951823098042,0.0,0.0,0.0,0.33120456869397014,0.0,0.0,0.0,0.0,0.11365499806804442,0.0,0.0,0.0,0.0,0.0,0.36047855469294127,0.0,0.0,0.0,0.0,0.0,0.5037778099640587,0.0,0.22730999613608885,0.0,0.0,0.0,0.0,0.0,0.0,0.0,0.0,0.0,0.0,0.42006933166295257,0.0,0.0,0.0,0.0,0.0,0.0,0.0,0.0,0.0,0.0,0.0,0.0,0.0,0.0,0.0,0.0,0.0,0.0,0.0,0.10210232017372503,0.0
"Dzięki, o Panie! Składamy dzięki",0.0,0.0,0.0,0.0,0.0,0.0,0.0,0.0,0.0,0.0,0.0,0.0,0.0,0.0,0.0,0.0,0.0,0.0,0.0,0.0,0.0,0.0,0.0,0.0,0.0,0.0,0.0,0.6391785160958096,0.0,0.0,0.0,0.0,0.15355241598070923,0.6391785160958096,0.0,0.0,0.0,0.11201006860394747,0.0,0.0,0.0,0.0,0.32964347181413195,0.09460521783613438,0.0,0.0,0.0,0.0,0.0,0.0,0.0,0.0,0.0,0.0,0.0,0.12783570321916193,0.0,0.0,0.0,0.0,0.1132259529962512,0.0,0.0,0.0,0.0,0.0,0.0,0.0,0.0,0.0,0.0
Gdy kiedyś Pan,0.0,0.0,0.19113784121505364,0.0,0.0,0.0,0.0,0.0,0.0,0.14544356146509982,0.0,0.0,0.0,0.0,0.0,0.0,0.0,0.0,0.0,0.316108422500681,0.0,0.0,0.0,0.0,0.0,0.0,0.0,0.0,0.0,0.0,0.0,0.0,0.0,0.0,0.0,0.0,0.5723998306952934,0.0,0.0,0.0,0.0,0.0,0.6700950451259916,0.0,0.0,0.0,0.0,0.0,0.0,0.0,0.0,0.0,0.0,0.0,0.0,0.0,0.0,0.0,0.17486378354179696,0.0,0.0,0.0,0.18746115019163295,0.0,0.0,0.0,0.0,0.0,0.0,0.0,0.0
Gdy klęczę przed Tobą,0.0,0.0,0.0,0.0,0.0,0.0,0.0,0.0,0.0,0.0,0.0,0.42480396742953164,0.0,0.0,0.0,0.0,0.0,0.0,0.0,0.2679500819638511,0.0,0.0,0.0,0.0,0.45974405135807356,0.0,0.0,0.0,0.0,0.0,0.0,0.0,0.0,0.0,0.0,0.0,0.29111767476028194,0.3618829227092288,0.0,0.0,0.0,0.0,0.0,0.30565120761721437,0.0,0.0,0.0,0.0,0.0,0.0,0.0,0.0,0.0,0.0,0.0,0.0,0.0,0.0,0.0,0.0,0.0,0.0,0.47670571535098194,0.0,0.0,0.0,0.0,0.0,0.0,0.0,0.0
Gdy schodzimy się,0.0,0.0,0.0,0.0,0.0,0.702189774108218,0.0,0.0,0.0,0.349002986718771,0.0,0.0,0.0,0.0,0.0,0.0,0.0,0.0,0.0,0.0,0.0,0.0,0.0,0.0,0.0,0.0,0.23406325803607264,0.0,0.1671863493521413,0.0,0.0,0.0,0.0,0.0,0.20340041933310216,0.0,0.13735173183167154,0.0,0.0,0.0,0.0,0.0,0.0,0.0,0.0,0.0,0.0,0.0,0.0,0.0,0.0,0.1745014933593855,0.0,0.0,0.0,0.0,0.0,0.0,0.0,0.0,0.1725927611316205,0.42651294356131353,0.0,0.0,0.0,0.0,0.0,0.0,0.0,0.0,0.0
GLORIA!!! (Na niedzielę i święta),0.0,0.0,0.0,0.5181337225325001,0.19046059809508592,0.09910429336170902,0.0,0.0,0.38092119619017184,0.0,0.0,0.0,0.0,0.0,0.3553233378168699,0.0,0.0,0.0,0.1606791331149944,0.2676385620470685,0.0,0.0,0.09523029904754296,0.09709805876899909,0.0,0.0,0.0,0.08250646499449286,0.14157612904554434,0.0,0.0,0.2831522580910887,0.0,0.08250646499449286,0.0,0.0,0.0,0.0,0.0,0.0,0.0,0.0,0.17020420357069055,0.0,0.2025423835974094,0.0,0.0,0.0,0.0,0.0,0.0,0.2216560685566415,0.0,0.0,0.0,0.0,0.0,0.1805890605639273,0.0,0.0,0.07307718338543935,0.0,0.0,0.0,0.0,0.0,0.0,0.0,0.0,0.16501292998898573,0.0
Godzien o godzien jest Bóg,0.0,0.0,0.0,0.5129326261928613,0.0,0.0,0.0,0.0,0.0,0.0,0.0,0.0,0.0,0.0,0.0,0.0,0.0,0.0,0.0,0.1324759849931143,0.0,0.0,0.0,0.0,0.0,0.0,0.0,0.0,0.0,0.5129326261928613,0.0,0.0,0.0,0.0,0.0,0.0,0.0,0.0,0.0,0.0,0.0,0.0,0.21061958846227805,0.1511156275700935,0.0,0.0,0.0,0.0,0.0,0.0,0.3657184249677021,0.0,0.0,0.0,0.0,0.0,0.0,0.0,0.0,0.0,0.0,0.4469407079122641,0.23568591108506654,0.0,0.0,0.0,0.0,0.0,0.0,0.0,0.0
Gwiazdo zaranna,0.0,0.0,0.0,0.0,0.0,0.0,0.0,0.0,0.0,0.0,0.0,0.0,0.0,0.0,0.4836263224716845,0.0,0.0,0.0,0.43739687195212185,0.0,0.0,0.0,0.0,0.0,0.0,0.0,0.0,0.0,0.0,0.0,0.5286360008899028,0.0,0.0,0.0,0.0,0.0,0.0,0.0,0.0,0.0,0.0,0.0,0.23166289483788274,0.0,0.0,0.0,0.0,0.0,0.0,0.0,0.0,0.0,0.0,0.0,0.0,0.0,0.0,0.49159519763467596,0.0,0.0,0.0,0.0,0.0,0.0,0.0,0.0,0.0,0.0,0.0,0.0,0.0
Idź w pokoju,0.0,0.0,0.0,0.0,0.0,0.0,0.0,0.0,0.0,0.0,0.0,0.0,0.0,0.0,0.0,0.0,0.0,0.0,0.0,0.41667262075601624,0.0,0.0,0.0,0.0,0.0,0.0,0.0,0.0,0.0,0.0,0.0,0.0,0.0,0.0,0.0,0.0,0.45269911321441136,0.0,0.0,0.0,0.0,0.0,0.0,0.0,0.0,0.0,0.0,0.0,0.7883193769071002,0.0,0.0,0.0,0.0,0.0,0.0,0.0,0.0,0.0,0.0,0.0,0.0,0.0,0.0,0.0,0.0,0.0,0.0,0.0,0.0,0.0,0.0
"Ja wierzę, że to Jezus",0.0,0.0,0.0,0.0,0.0,0.0,0.0,0.0,0.0,0.0,0.0,0.0,0.0,0.0,0.0,0.0,0.0,0.26360804986052594,0.0,0.29064094711326377,0.0,0.0,0.0,0.0,0.0,0.0,0.0,0.0,0.0,0.0,0.0,0.19217998669409866,0.0,0.0,0.0,0.0,0.0,0.39252831956407364,0.0,0.0,0.4902747870032624,0.0,0.11552032746626507,0.0,0.0,0.0,0.0,0.0,0.0,0.0,0.40117742628940933,0.0,0.0,0.0,0.0,0.0,0.0,0.4902747870032624,0.0,0.0,0.0,0.0,0.0,0.0,0.0,0.0,0.0,0.0,0.0,0.0,0.0
Jak Dawid,0.0,0.0,0.0,0.0,0.0,0.0,0.0,0.0,0.0,0.0,0.0,0.0,0.0,0.0,0.0,0.0,0.0,0.0,0.0,0.2767550618858406,0.0,0.0,0.0,0.0,0.0,0.0,0.0,0.0,0.0,0.0,0.0,0.18299824797232797,0.0,0.42658430180769463,0.0,0.0,0.6013679078121218,0.0,0.0,0.2104352320925028,0.0,0.0,0.3300034185947614,0.0,0.0,0.0,0.0,0.0,0.0,0.0,0.0,0.1910052326464856,0.0,0.0,0.0,0.21329215090384732,0.0,0.0,0.22964163776242627,0.0,0.0,0.0,0.0,0.0,0.0,0.0,0.0,0.0,0.0,0.0,0.24166854231518048
Jak dobrze jest dziękować Ci,0.0,0.0,0.0,0.0,0.0,0.0,0.0,0.0,0.0,0.0,0.0,0.0,0.0,0.0,0.0,0.0,0.0,0.0,0.0,0.0,0.45597434288728,0.0,0.0,0.0,0.0,0.0,0.0,0.0,0.0,0.0,0.0,0.0,0.0,0.0,0.0,0.0,0.0,0.0,0.0,0.0,0.0,0.0,0.2218857711616355,0.0,0.5280865223609076,0.0,0.0,0.5280865223609076,0.0,0.0,0.0,0.0,0.0,0.0,0.0,0.43023639198241354,0.0,0.0,0.0,0.0,0.0,0.0,0.0,0.0,0.0,0.0,0.0,0.0,0.0,0.0,0.0
Jak ożywczy deszcz,0.0,0.0,0.0,0.0,0.0,0.0,0.0,0.0,0.0,0.13468963091907882,0.0,0.3093991673983534,0.0,0.0,0.0,0.0,0.0,0.0,0.0,0.0,0.0,0.0,0.0,0.0,0.0,0.0,0.5419878058865929,0.0,0.1290434096318692,0.0,0.35401065579795477,0.0,0.0,0.0,0.0,0.0,0.0,0.0,0.5022708270614136,0.14839092809236396,0.0,0.0,0.0,0.0,0.0,0.0,0.0,0.0,0.0,0.0,0.26937926183815764,0.0,0.0,0.0,0.0,0.0,0.0,0.0,0.0,0.0,0.1332163688034845,0.0,0.0,0.0,0.29291072349042185,0.0,0.0,0.0,0.0,0.0,0.0
Jak wielki jest Bóg,0.0,0.0,0.0,0.0,0.07807317398825082,0.0,0.0,0.0,0.0,0.0,0.0,0.0,0.13005519945690527,0.0,0.07282666612653639,0.0,0.1412107469793835,0.0,0.06586522378610518,0.4827230713883951,0.0,0.0,0.7807317398825083,0.07960442959870197,0.0,0.0,0.0,0.0,0.0,0.0849568775338287,0.0,0.0,0.0,0.06764172391661481,0.0,0.0,0.0,0.0,0.07529525272277242,0.0,0.0,0.0,0.03488485947175296,0.0,0.0,0.0,0.0,0.0,0.0,0.0,0.06057383339496023,0.0,0.16605142389294617,0.0,0.0,0.0,0.0,0.07402665583746286,0.0,0.0,0.05991126469291417,0.0,0.0,0.08302571194647308,0.0,0.1699137550676574,0.06125679199576677,0.0,0.0,0.0,0.0
Jeden chleb,0.0,0.0,0.0,0.0,0.0,0.0,0.1482572335673567,0.5671481214015408,0.5449782584917625,0.10570667409628902,0.0,0.0,0.0,0.0,0.0,0.0,0.0,0.0,0.0,0.0,0.0,0.0,0.0,0.0,0.0,0.0,0.0,0.0,0.0,0.0,0.0,0.0,0.0,0.0,0.0,0.14488717953697144,0.33281078514072193,0.0,0.0,0.3493790435314823,0.0,0.0,0.06087715213649065,0.2620693293615509,0.0,0.0,0.0,0.0,0.0,0.0,0.0,0.0,0.0,0.0,0.0,0.0,0.1482572335673567,0.0,0.0,0.0,0.0,0.0,0.0,0.0,0.0,0.0,0.0,0.0,0.0,0.0,0.0
Jeden jest tylko Pan,0.0,0.0,0.0,0.0,0.0,0.0,0.0,0.0,0.0,0.33009379365678915,0.0,0.0,0.0,0.0,0.0,0.0,0.0,0.0,0.0,0.2391429989268869,0.0,0.0,0.0,0.0,0.0,0.0,0.0,0.0,0.0,0.0,0.0,0.0,0.0,0.0,0.0,0.0,0.5196397274637752,0.0,0.0,0.0,0.0,0.0,0.380206269236148,0.0,0.0,0.0,0.0,0.0,0.0,0.0,0.0,0.33009379365678915,0.0,0.0,0.0,0.3686098766695895,0.0,0.0,0.0,0.0,0.0,0.0,0.0,0.0,0.0,0.0,0.0,0.0,0.0,0.0,0.4176497409784024
"Jedyny Pan, prawdziwy Bóg",0.0,0.0,0.0,0.0,0.0,0.0,0.0,0.0,0.0,0.0,0.0,0.0,0.0,0.0,0.0,0.0,0.0,0.0,0.0,0.5324207953077864,0.0,0.0,0.0,0.0,0.0,0.0,0.0,0.0,0.0,0.0,0.0,0.0,0.0,0.0,0.0,0.0,0.0,0.0,0.0,0.0,0.0,0.0,0.8464798265309245,0.0,0.0,0.0,0.0,0.0,0.0,0.0,0.0,0.0,0.0,0.0,0.0,0.0,0.0,0.0,0.0,0.0,0.0,0.0,0.0,0.0,0.0,0.0,0.0,0.0,0.0,0.0,0.0
Jest jedno ciało,0.0,0.0,0.0,0.0,0.0,0.0,0.0,0.0,0.0,0.0,0.0,0.0,0.17508537986505868,0.0,0.0,0.0,0.0,0.0,0.35468132837883337,0.0,0.0,0.0,0.0,0.21433317319771394,0.0,0.0,0.0,0.0,0.3125135700145301,0.22874452136130874,0.0,0.15625678500726506,0.0,0.5463715549761877,0.0,0.0,0.12837256219999005,0.0,0.0,0.0,0.0,0.0,0.09392671569697497,0.0,0.0,0.0,0.0,0.0,0.0,0.3746469449273729,0.16309371211803997,0.32618742423607994,0.0,0.0,0.0,0.0,0.0,0.0,0.0,0.0,0.16130976048259807,0.0,0.0,0.0,0.0,0.0,0.0,0.0,0.0,0.0,0.0
Jest zakątek na tej Ziemii,0.0,0.0,0.0,0.0,0.0,0.0,0.0,0.0,0.0,0.0,0.0,0.0,0.1881678292170523,0.0,0.0,0.0,0.0,0.0,0.0,0.0,0.6223244105521317,0.0,0.0,0.0,0.0,0.3165615368819526,0.0,0.0,0.0,0.0,0.0,0.0,0.23510767546163758,0.0,0.0,0.0,0.4138938336054149,0.0,0.0,0.0,0.0,0.24583640314813607,0.0,0.0,0.0,0.0,0.0,0.0,0.2402482646046741,0.0,0.0,0.0,0.2402482646046741,0.0,0.0,0.19573221842785438,0.0,0.0,0.0,0.0,0.0,0.0,0.0,0.0,0.19059162928481788,0.0,0.0,0.0,0.0,0.0,0.0
Jesteś blisko mnie (Twoja miłość),0.0,0.0,0.0,0.0,0.0,0.0,0.0,0.0,0.0,0.17744153706873594,0.0,0.20380285941957513,0.0,0.0,0.0,0.0,0.0,0.0,0.0,0.0,0.20999945272167497,0.0,0.0,0.0,0.0,0.0,0.0,0.0,0.17000314573158382,0.0,0.0,0.0,0.0,0.0,0.20682735919377107,0.0,0.0,0.0,0.0,0.5864753104175796,0.0,0.0,0.0,0.5865537506569345,0.0,0.0,0.0,0.0,0.0,0.0,0.0,0.0,0.0,0.0,0.0,0.0,0.0,0.0,0.0,0.0,0.35100129210997116,0.0,0.0,0.0,0.0,0.0,0.0,0.0,0.0,0.0,0.0
Jesteś Królem,0.0,0.0,0.0,0.0,0.0,0.0,0.0,0.0,0.0,0.0,0.0,0.0,0.0,0.0,0.0,0.0,0.0,0.0,0.0,0.1712269592463076,0.0,0.0,0.0,0.0,0.2937882137175137,0.0,0.3170194659317281,0.0,0.0,0.0,0.0,0.0,0.0,0.7917766601595562,0.0,0.0,0.37206328780883496,0.0,0.0,0.0,0.0,0.0,0.13611429910099948,0.0,0.0,0.0,0.0,0.0,0.0,0.0,0.0,0.0,0.0,0.0,0.0,0.0,0.0,0.0,0.0,0.0,0.0,0.0,0.0,0.0,0.0,0.0,0.0,0.0,0.0,0.0,0.0
Jesteś życiem mym,0.0,0.0,0.0,0.0,0.0,0.0,0.0,0.0,0.0,0.0,0.0,0.0,0.0,0.0,0.0,0.0,0.0,0.0,0.0,0.0,0.0,0.0,0.0,0.0,0.0,0.0,0.0,0.0,0.0,0.0,0.0,0.7502092942913261,0.0,0.0,0.0,0.0,0.4108889918601879,0.2553842005743102,0.0,0.0,0.0,0.36607747078096664,0.15031815545343818,0.21570094749846605,0.0,0.0,0.0,0.0,0.0,0.0,0.0,0.0,0.0,0.0,0.0,0.0,0.0,0.0,0.0,0.0,0.0,0.0,0.0,0.0,0.0,0.0,0.0,0.0,0.0,0.0,0.0
Jezu mój Jezu,0.5022086720654085,0.0,0.0,0.0,0.0,0.0,0.0,0.0,0.0,0.0,0.0,0.0,0.0,0.0,0.0,0.0,0.0,0.0,0.0,0.0,0.0,0.0,0.0,0.0,0.0,0.0,0.0,0.0,0.0,0.0,0.0,0.68612364600206,0.0,0.0,0.0,0.0,0.0,0.0,0.0,0.0,0.0,0.0,0.0,0.0,0.0,0.0,0.0,0.0,0.0,0.0,0.0,0.0,0.0,0.0,0.0,0.0,0.0,0.0,0.0,0.0,0.3541556323230805,0.0,0.0,0.0,0.3893514866967608,0.0,0.0,0.0,0.0,0.0,0.0
Jezu Tyś jest,0.0,0.0,0.0,0.0,0.0,0.0,0.0,0.0,0.0,0.0,0.0,0.0,0.0,0.0,0.0,0.0,0.0,0.0,0.0,0.0,0.0,0.0,0.0,0.0,0.0,0.0,0.0,0.0,0.0,0.0,0.0,0.4365622340235834,0.0,0.0,0.0,0.0,0.1793285729600587,0.0,0.5664049407155234,0.0,0.0,0.0,0.0,0.1882812334587657,0.0,0.0,0.0,0.0,0.0,0.0,0.0,0.0,0.0,0.0,0.0,0.0,0.0,0.0,0.0,0.5311255482848154,0.0,0.27843099063206617,0.0,0.0,0.24773399932091986,0.0,0.0,0.0,0.0,0.0,0.0
Jezus Chrystus moim Panem jest,0.0,0.0,0.6102285865100182,0.0,0.0,0.0,0.0,0.0,0.5984903459188643,0.0,0.0,0.0,0.0,0.0,0.0,0.0,0.0,0.0,0.0,0.0,0.0,0.0,0.0,0.0,0.0,0.0,0.0,0.0,0.0,0.0,0.0,0.44487913664967,0.0,0.0,0.0,0.0,0.0,0.0,0.0,0.0,0.0,0.0,0.267419019184776,0.0,0.0,0.0,0.0,0.0,0.0,0.0,0.0,0.0,0.0,0.0,0.0,0.0,0.0,0.0,0.0,0.0,0.0,0.0,0.0,0.0,0.0,0.0,0.0,0.0,0.0,0.0,0.0
Jezus Chrystus to Panów Pan,0.0,0.0,0.5413700963332498,0.0,0.0,0.0,0.0,0.0,0.17698546817111258,0.0,0.0,0.0,0.14741222361109435,0.0,0.0,0.0,0.0,0.0,0.0,0.09948122956307345,0.0,0.0,0.0,0.0,0.0,0.0,0.0,0.0,0.0,0.0,0.0,0.5262383449719097,0.0,0.15333822827652446,0.0,0.0,0.0,0.0,0.0,0.0,0.0,0.0,0.5535677633183665,0.0,0.0,0.0,0.0,0.0,0.0,0.0,0.0,0.0,0.0,0.19259025829977564,0.0,0.0,0.0,0.0,0.0,0.0,0.0,0.0,0.0,0.0,0.0,0.0,0.0,0.0,0.0,0.0,0.0
Jezus daje nam zbawienie,0.0,0.0,0.0,0.0,0.0,0.0,0.1373406914991593,0.0,0.0,0.0,0.0,0.22494208900898355,0.0,0.0,0.0,0.0,0.0,0.2573759235237554,0.21295451629395334,0.0,0.0,0.0,0.0,0.2573759235237554,0.0,0.08842624570781278,0.0,0.0,0.0,0.0,0.0,0.562909610510913,0.0,0.2186982715602739,0.0,0.0,0.0,0.38324830675878235,0.0,0.0,0.0,0.0,0.0,0.0,0.0,0.0,0.0,0.0,0.1342187827748045,0.0,0.1958464672128773,0.0,0.0,0.1373406914991593,0.0,0.0,0.0,0.0,0.23546215387716482,0.0,0.0,0.23934194375350282,0.0,0.0,0.21295451629395334,0.0,0.0,0.0,0.0,0.0,0.0
Jezus najwyższe Imię,0.0,0.0,0.0,0.0,0.3203515959781061,0.0,0.0,0.0,0.0,0.0,0.0,0.0,0.0,0.0,0.29882400742297915,0.0,0.2897095497290383,0.0,0.0,0.36013093040591854,0.0,0.0,0.0,0.0,0.0,0.0,0.0,0.0,0.23812872240115376,0.0,0.0,0.23812872240115376,0.0,0.27754903642906786,0.0,0.0,0.0,0.243189389415581,0.0,0.0,0.0,0.0,0.1431403366402113,0.0,0.0,0.0,0.0,0.0,0.3406729606416896,0.0,0.0,0.0,0.0,0.0,0.3406729606416896,0.0,0.0,0.3037478320789417,0.0,0.0,0.0,0.0,0.0,0.0,0.0,0.0,0.0,0.0,0.0,0.0,0.0
Jezus Namaszczony Pan (Twe imię jak miód),0.0,0.0,0.0,0.0,0.0,0.0,0.0,0.0,0.0,0.0,0.0,0.0,0.0,0.1712686938247815,0.0,0.0,0.0,0.0,0.0,0.0,0.0,0.0,0.0,0.0,0.0,0.0,0.0,0.0,0.1169946948245496,0.0,0.0,0.8189628637718472,0.0,0.0,0.0,0.0,0.0,0.0,0.0,0.4036072372023777,0.0,0.0,0.14065216353106072,0.20183060954840276,0.0,0.0,0.0,0.0,0.0,0.0,0.0,0.0,0.0,0.0,0.0,0.0,0.0,0.0,0.0,0.14233680009926553,0.12077802700858907,0.0,0.0,0.0,0.0,0.0,0.0,0.16737556336487178,0.0,0.0,0.0
Już teraz we mnie kwitną Twe ogrody,0.0,0.0,0.0,0.0,0.0,0.0,0.0,0.0,0.0,0.0,0.0,0.0,0.0,0.0,0.0,0.0,0.0,0.0,0.0,0.0,0.0,0.0,0.0,0.0,0.0,0.0,0.0,0.0,0.0,0.0,0.0,0.0,0.0,0.0,0.0,0.0,0.0,0.0,0.0,0.0,0.0,0.0,0.0,0.0,0.0,0.0,0.0,0.0,0.0,0.0,0.0,0.0,0.0,0.0,0.0,0.0,0.0,0.0,0.0,0.0,0.0,0.0,0.0,0.0,0.0,0.0,0.0,0.0,0.0,0.0,0.0
Każdy dzień upewnia mnie,0.0,0.0,0.0,0.0,0.328321115191775,0.0,0.0,0.0,0.0,0.0,0.0,0.5851497384362836,0.0,0.0,0.0,0.0,0.0,0.0,0.0,0.18454502829135822,0.0,0.0,0.0,0.0,0.0,0.0,0.0,0.0,0.0,0.0,0.33476050434409305,0.0,0.3416773069311142,0.0,0.2969167740785831,0.0,0.0,0.0,0.0,0.0,0.0,0.0,0.14670129802584825,0.42102178393523576,0.0,0.0,0.0,0.0,0.0,0.0,0.0,0.0,0.0,0.0,0.0,0.0,0.0,0.0,0.0,0.0,0.0,0.0,0.0,0.0,0.0,0.0,0.0,0.0,0.0,0.0,0.0
Każdy spragniony,0.0,0.0,0.0,0.0,0.0,0.0,0.0,0.0,0.0,0.5919107916160518,0.0,0.0,0.0,0.0,0.0,0.0,0.0,0.0,0.0,0.0,0.0,0.0,0.0,0.0,0.0,0.2672524546468075,0.0,0.0,0.0,0.0,0.0,0.28354887539161927,0.0,0.0,0.0,0.0,0.46589843303451406,0.0,0.0,0.0,0.0,0.0,0.3408852243295205,0.0,0.40565217791558783,0.0,0.0,0.0,0.0,0.0,0.0,0.0,0.0,0.0,0.0,0.0,0.0,0.0,0.0,0.0,0.0,0.0,0.0,0.0,0.0,0.0,0.0,0.0,0.0,0.0,0.0
Kiedy masz chwile smutne (Matce która pod krzyżem),0.0,0.0,0.0,0.0,0.0,0.0,0.0,0.0,0.0,0.0,0.7813042301596876,0.0,0.0,0.0,0.0,0.12485143884305058,0.0,0.0,0.0,0.06882745131075708,0.0,0.0,0.0,0.0,0.0,0.08579002928446462,0.0,0.0,0.0,0.0,0.0,0.0,0.0,0.0,0.0,0.0,0.0,0.09295566943071193,0.0,0.0,0.0,0.0,0.0,0.0,0.0,0.0,0.0,0.0,0.0,0.0,0.0,0.0,0.0,0.0,0.0,0.0,0.0,0.5805163444194349,0.0,0.0,0.0,0.0,0.0,0.0,0.0,0.0,0.0,0.0,0.12743111220348763,0.0,0.0
"Kiedy w jasną, spokojną - O Boże",0.0,0.0,0.0,0.0,0.0,0.0,0.0,0.0,0.0,0.23305646564941057,0.0,0.0,0.0,0.0,0.1400994824102742,0.0,0.0,0.0,0.0,0.50652714336686,0.0,0.0,0.0,0.0,0.0,0.0,0.0,0.0,0.0,0.0,0.0,0.0,0.0,0.0,0.4074788868174855,0.0,0.0,0.34204789513347694,0.0,0.0,0.0,0.32686968119622556,0.20132807181325446,0.0,0.0,0.0,0.0,0.1597197824521451,0.1597197824521451,0.1338400661147638,0.0,0.0,0.0,0.0,0.0,0.0,0.16343484059811278,0.0,0.0,0.13582629560582848,0.0,0.0,0.0,0.0,0.0,0.0,0.35352620032651677,0.0,0.0,0.0,0.0
Kiedyś wino i chleb,0.0,0.0,0.0,0.0,0.0,0.0,0.6548016770996916,0.6262249944265732,0.0,0.0,0.0,0.2681151076305236,0.0,0.0,0.0,0.0,0.0,0.0,0.0,0.0,0.0,0.0,0.0,0.0,0.0,0.0,0.0,0.0,0.0,0.0,0.0,0.0,0.0,0.0,0.0,0.0,0.0,0.0,0.0,0.0,0.0,0.3274008385498458,0.0,0.0,0.0,0.0,0.0,0.0,0.0,0.0,0.0,0.0,0.0,0.0,0.0,0.0,0.0,0.0,0.0,0.0,0.0,0.0,0.0,0.0,0.0,0.0,0.0,0.0,0.0,0.0,0.0
Kocham więc nie muszę się bać,0.0,0.18105749554219833,0.0,0.0,0.0,0.0,0.0,0.0,0.0,0.0,0.0,0.0,0.0,0.0,0.0,0.33930104484989254,0.0,0.0,0.0,0.0,0.0,0.0,0.0,0.0,0.0,0.0,0.0,0.0,0.0,0.0,0.0,0.8039296544126867,0.0,0.0,0.0,0.0,0.0,0.18946491158710424,0.0,0.0,0.0,0.0,0.0,0.32004925015053953,0.0,0.0,0.0,0.0,0.0,0.0,0.0,0.0,0.0,0.0,0.0,0.0,0.0,0.0,0.0,0.0,0.0,0.0,0.0,0.0,0.0,0.0,0.0,0.0,0.2597337478708235,0.0,0.0
Kto spożywa moje ciało,0.0,0.0,0.0,0.0,0.0,0.0,0.3002570909197573,0.5743066997647207,0.0,0.0,0.0,0.0,0.0,0.0,0.0,0.0,0.49907116793166817,0.0,0.0,0.0,0.0,0.0,0.0,0.0,0.0,0.0,0.0,0.23906136663171265,0.0,0.0,0.0,0.0,0.0,0.0,0.0,0.0,0.0,0.0,0.0,0.0,0.5232543609768181,0.0,0.0,0.0,0.0,0.0,0.0,0.0,0.0,0.0,0.0,0.0,0.0,0.0,0.0,0.0,0.0,0.0,0.0,0.0,0.0,0.0,0.0,0.0,0.0,0.0,0.0,0.0,0.0,0.0,0.0
Kto spragniony jest,0.0,0.0,0.0,0.0,0.0,0.0,0.0,0.0,0.0,0.28410332423326184,0.0,0.0,0.0,0.0,0.0,0.0,0.0,0.0,0.0,0.0,0.0,0.0,0.0,0.0,0.0,0.0,0.0,0.0,0.0,0.0,0.0,0.0,0.0,0.0,0.0,0.0,0.22362034187413804,0.0,0.0,0.0,0.0,0.0,0.0,0.0,0.0,0.0,0.0,0.0,0.0,0.0,0.0,0.0,0.0,0.7969293000316214,0.0,0.0,0.0,0.0,0.0,0.0,0.0,0.0,0.0,0.0,0.0,0.0,0.2873065358830463,0.3894070993827636,0.0,0.0,0.0
Laudato si,0.0,0.0,0.0,0.0,0.0,0.0,0.0,0.0,0.0,0.0,0.0,0.0,0.2675107960947541,0.0,0.0,0.0,0.0,0.0,0.0,0.36105964980369387,0.0,0.0,0.0,0.0,0.0,0.0,0.0,0.0,0.0,0.0,0.0,0.0,0.0,0.0,0.0,0.0,0.39227771430498554,0.24381653550111387,0.0,0.0,0.0,0.0,0.0,0.0,0.0,0.0,0.0,0.34155150108388066,0.0,0.0,0.0,0.2491888745957623,0.0,0.0,0.0,0.2782647904846137,0.34949593768959253,0.0,0.2995946261862769,0.0,0.0,0.0,0.0,0.0,0.0,0.0,0.0,0.34155150108388066,0.0,0.0,0.0
Maryjo śliczna Pani,0.0,0.0,0.0,0.0,0.0,0.0,0.0,0.0,0.0,0.0,0.0,0.0,0.1582783354358057,0.0,0.0,0.19375859885362468,0.0,0.0,0.0,0.3204426953878232,0.0,0.0,0.0,0.0,0.0,0.13313868084984856,0.0,0.0,0.0,0.0,0.0,0.14125716179478776,0.0,0.0,0.0,0.20208606099773604,0.0,0.0,0.0,0.0,0.36036439643354173,0.0,0.0,0.24368642621679762,0.0,0.0,0.0,0.0,0.0,0.16934165166993642,0.0,0.0,0.0,0.0,0.0,0.0,0.20678655241820929,0.0,0.0,0.0,0.0,0.0,0.1900314954365982,0.0,0.16031712730448694,0.0,0.0,0.0,0.0,0.6585646409978526,0.0
Matko która nas znasz,0.0,0.0,0.0,0.0,0.0,0.0,0.0,0.0,0.03694644026729652,0.2579873037904641,0.039290121694575415,0.0,0.0,0.0,0.0,0.0,0.0,0.0,0.0,0.0,0.0,0.0,0.0,0.0,0.0,0.05177036899051034,0.0,0.0,0.0,0.0,0.0,0.0,0.03844943144715963,0.0,0.3007121874053261,0.35361109525117873,0.2030641817673473,0.0,0.03563184913619052,0.0,0.0,0.0,0.0,0.0,0.0,0.0,0.0,0.0,0.35361109525117873,0.13169545824631101,0.0,0.0,0.0,0.0,0.0,0.0,0.0,0.665598749084602,0.0,0.0,0.0,0.0,0.0,0.0,0.0,0.0,0.0,0.0,0.0,0.2880898400998064,0.0
"Memu Bogu, Królowi",0.0,0.0,0.6830956733814129,0.4860171371527064,0.0,0.0,0.0,0.0,0.0,0.0,0.0,0.0,0.0,0.0,0.0,0.0,0.40391575687787756,0.0,0.0,0.12552447569133476,0.0,0.0,0.0,0.0,0.0,0.0,0.0,0.0,0.0,0.0,0.0,0.0,0.0,0.1934807278959639,0.0,0.0,0.0,0.0,0.0,0.0,0.0,0.0,0.0,0.0,0.0,0.0,0.0,0.0,0.0,0.0,0.0,0.0,0.0,0.0,0.0,0.1934807278959639,0.0,0.0,0.20831160941091184,0.0,0.0,0.0,0.0,0.0,0.0,0.0,0.0,0.0,0.0,0.0,0.0
Miłość Twa,0.0,0.0,0.0,0.0,0.0,0.0,0.0,0.0,0.0,0.0,0.0,0.0,0.0,0.0,0.0,0.0,0.0,0.0,0.0,0.0,0.0,0.0,0.0,0.0,0.0,0.0,0.0,0.4579545329652124,0.0,0.0,0.0,0.0,0.0,0.0,0.0,0.0,0.0,0.0,0.0,0.0,0.0,0.0,0.0,0.6778214107516236,0.0,0.5751832585040121,0.0,0.0,0.0,0.0,0.0,0.0,0.0,0.0,0.0,0.0,0.0,0.0,0.0,0.0,0.0,0.0,0.0,0.0,0.0,0.0,0.0,0.0,0.0,0.0,0.0
"Mój Jezu, mój Zbawco",0.0,0.0,0.0,0.0,0.0,0.0,0.0,0.0,0.0,0.0,0.0,0.0,0.18550846054194337,0.0,0.0,0.0,0.0,0.0,0.0,0.0,0.0,0.0,0.22272441819571895,0.0,0.4295993232733904,0.0,0.0,0.0,0.0,0.24236200674119512,0.0,0.16555897276101467,0.0,0.0,0.0,0.0,0.13601476267121237,0.0,0.0,0.0,0.0,0.24236200674119512,0.2985549183969971,0.1428050581211114,0.0,0.24236200674119512,0.0,0.0,0.0,0.0,0.0,0.1728029118273995,0.23685284514430519,0.0,0.23685284514430519,0.0,0.0,0.0,0.0,0.0,0.0,0.21118065284312426,0.0,0.0,0.0,0.0,0.34950246444051347,0.0,0.23178490774942073,0.1929659425316905,0.0
Mój Pan mocą moją jest,0.0,0.0,0.0,0.41087357972315897,0.0,0.0,0.0,0.0,0.0,0.0,0.0,0.0,0.0,0.0,0.0,0.0,0.34146596950728236,0.0,0.0,0.21223404167317092,0.0,0.0,0.0,0.0,0.0,0.26453928343349753,0.0,0.0,0.0,0.0,0.0,0.0,0.0,0.3271329885352561,0.0,0.0,0.0,0.0,0.0,0.0,0.0,0.0,0.33742452654503857,0.0,0.0,0.0,0.0,0.0,0.0,0.0,0.2929508297268975,0.0,0.0,0.41087357972315897,0.0,0.0,0.0,0.0,0.35220871905042134,0.0,0.0,0.0,0.0,0.0,0.0,0.0,0.0,0.0,0.0,0.0,0.0
Mój zbawiciel,0.0,0.0,0.0,0.0,0.0,0.0,0.0,0.0,0.0,0.0,0.0,0.0,0.0,0.0,0.0,0.0,0.0,0.0,0.0,0.0,0.0,0.0,0.0,0.0,0.0,0.0,0.0,0.0,0.0,0.0,0.0,0.0,0.0,0.0,0.37455781168833086,0.0,0.0,0.31441312725284776,0.0,0.0,0.39270753551262527,0.0,0.1850623540246891,0.26555757678776765,0.0,0.0,0.43102281703292783,0.0,0.0,0.0,0.0,0.0,0.0,0.0,0.4404470572636643,0.0,0.0,0.0,0.0,0.0,0.0,0.0,0.0,0.0,0.34941156555580827,0.0,0.0,0.0,0.0,0.0,0.0
Mów do mnie Panie,0.0,0.0,0.0,0.0,0.0,0.0,0.0,0.0,0.0,0.0,0.0,0.0,0.0,0.0,0.0,0.0,0.0,0.0,0.0,0.0,0.0,0.33440759056480335,0.0,0.0,0.0,0.0,0.0,0.0,0.2388601471725166,0.0,0.0,0.0,0.0,0.0,0.0,0.0,0.0,0.0,0.0,0.0,0.0,0.0,0.43073999891462217,0.0,0.0,0.0,0.0,0.0,0.0,0.0,0.0,0.0,0.0,0.0,0.0,0.0,0.0,0.0,0.0,0.0,0.0,0.0,0.0,0.0,0.2710897779317963,0.0,0.7563668283982895,0.0,0.0,0.0,0.0
Nasz Bóg jest potężny w mocy swej,0.0,0.0,0.0,0.0,0.0,0.0,0.0,0.0,0.0,0.0,0.0,0.0,0.0,0.0,0.0,0.0,0.0,0.0,0.0,0.26215341802023673,0.0,0.0,0.0,0.0,0.0,0.0,0.0,0.40407764190702555,0.0,0.0,0.0,0.0,0.0,0.0,0.0,0.0,0.0,0.0,0.0,0.0,0.0,0.0,0.0,0.29903894117739316,0.0,0.0,0.0,0.0,0.0,0.0,0.7237110570889044,0.0,0.0,0.0,0.0,0.0,0.0,0.0,0.0,0.0,0.0,0.0,0.0,0.0,0.3934651982551048,0.0,0.0,0.0,0.0,0.0,0.0
Nasz Bóg jest wielki,0.0,0.0,0.0,0.0,0.0,0.0,0.0,0.0,0.0,0.0,0.0,0.0,0.0,0.0,0.0,0.0,0.0,0.0,0.0,0.9278220636312454,0.0,0.0,0.247601014330774,0.0,0.0,0.0,0.0,0.0,0.0,0.0,0.0,0.0,0.0,0.0,0.0,0.0,0.0,0.0,0.1591940824749529,0.21164539861025966,0.0,0.0,0.0,0.0,0.0,0.0,0.0,0.0,0.0,0.0,0.0,0.0,0.0,0.0,0.0,0.0,0.0,0.0,0.0,0.0,0.0,0.0,0.0,0.0,0.0,0.0,0.0,0.08776915912489583,0.0,0.0,0.0
Nic nie musisz mówić nic,0.0,0.0,0.0,0.0,0.0,0.0,0.0,0.0,0.0,0.0,0.0,0.0,0.0,0.0,0.0,0.0,0.0,0.0,0.0,0.0,0.0,0.0,0.0,0.0,0.0,0.0,0.0,0.0,0.0,0.0,0.0,0.0,0.0,0.0,0.0,0.0,0.4299592076666985,0.0,0.0,0.0,0.0,0.0,0.0,0.902848314913765,0.0,0.0,0.0,0.0,0.0,0.0,0.0,0.0,0.0,0.0,0.0,0.0,0.0,0.0,0.0,0.0,0.0,0.0,0.0,0.0,0.0,0.0,0.0,0.0,0.0,0.0,0.0
Nie bój się (Zostań tu),0.0,0.9682287680300246,0.0,0.0,0.0,0.0,0.0,0.0,0.0,0.0,0.0,0.0,0.0,0.0,0.0,0.0,0.0,0.0,0.0,0.2500660967805527,0.0,0.0,0.0,0.0,0.0,0.0,0.0,0.0,0.0,0.0,0.0,0.0,0.0,0.0,0.0,0.0,0.0,0.0,0.0,0.0,0.0,0.0,0.0,0.0,0.0,0.0,0.0,0.0,0.0,0.0,0.0,0.0,0.0,0.0,0.0,0.0,0.0,0.0,0.0,0.0,0.0,0.0,0.0,0.0,0.0,0.0,0.0,0.0,0.0,0.0,0.0
"Nie bój się, wypłyń na głębię",0.0,0.7363072608033953,0.0,0.0,0.0,0.0,0.0,0.0,0.6766473362751091,0.0,0.0,0.0,0.0,0.0,0.0,0.0,0.0,0.0,0.0,0.0,0.0,0.0,0.0,0.0,0.0,0.0,0.0,0.0,0.0,0.0,0.0,0.0,0.0,0.0,0.0,0.0,0.0,0.0,0.0,0.0,0.0,0.0,0.0,0.0,0.0,0.0,0.0,0.0,0.0,0.0,0.0,0.0,0.0,0.0,0.0,0.0,0.0,0.0,0.0,0.0,0.0,0.0,0.0,0.0,0.0,0.0,0.0,0.0,0.0,0.0,0.0
Nie ma za trudnych spraw (Zanim powiem słowo),0.21945779325917153,0.0,0.0,0.0,0.0,0.0,0.0,0.0,0.0,0.0,0.0,0.0,0.0,0.0,0.0,0.0,0.0,0.0,0.0,0.11335947780203268,0.18518269342557972,0.0,0.0,0.0,0.0,0.0,0.0,0.0,0.0,0.0,0.0,0.0,0.0,0.0,0.9119273158384085,0.0,0.0,0.0,0.0,0.0,0.0,0.0,0.2703402420167382,0.0,0.0,0.0,0.0,0.0,0.0,0.0,0.0,0.0,0.0,0.0,0.0,0.0,0.0,0.0,0.0,0.0,0.0,0.0,0.0,0.0,0.0,0.0,0.0,0.0,0.0,0.0,0.0
Nie zabraknie mi nigdy chleba,0.0,0.0,0.0,0.0,0.0,0.0,0.0,0.8001604514854739,0.0,0.0,0.0,0.0,0.0,0.0,0.0,0.0,0.0,0.0,0.0,0.0,0.0,0.0,0.0,0.0,0.0,0.0,0.0,0.3330754301406049,0.0,0.0,0.0,0.2857686975356053,0.0,0.0,0.0,0.0,0.0,0.0,0.0,0.0,0.0,0.0,0.0,0.0,0.0,0.0,0.0,0.0,0.0,0.0,0.0,0.0,0.0,0.0,0.0,0.0,0.0,0.0,0.0,0.0,0.0,0.0,0.0,0.0,0.0,0.0,0.0,0.4088279115031378,0.0,0.0,0.0
Niech oblicze Twe,0.0,0.0,0.0,0.0,0.0,0.0,0.0,0.0,0.0,0.0,0.0,0.0,0.0,0.0,0.0,0.0,0.0,0.0,0.0,0.0,0.0,0.0,0.0,0.0,0.0,0.0,0.0,0.0,0.0,0.0,0.0,0.0,0.0,0.0,0.0,0.0,0.9391280774324462,0.0,0.0,0.0,0.0,0.0,0.34356724840711683,0.0,0.0,0.0,0.0,0.0,0.0,0.0,0.0,0.0,0.0,0.0,0.0,0.0,0.0,0.0,0.0,0.0,0.0,0.0,0.0,0.0,0.0,0.0,0.0,0.0,0.0,0.0,0.0
Niech Twój święty duch (i niech spłynie),0.0,0.0,0.0,0.0,0.0,0.34033956935844933,0.0,0.0,0.0,0.38060072051026517,0.0,0.0,0.0,0.0,0.30505891236777727,0.0,0.0,0.0,0.0,0.0,0.0,0.0,0.0,0.0,0.0,0.0,0.0,0.0,0.48619446399699245,0.0,0.0,0.0,0.0,0.0,0.0,0.0,0.29957433080990453,0.0,0.0,0.0,0.0,0.0,0.0,0.0,0.0,0.0,0.0,0.0,0.0,0.0,0.12686690683675506,0.0,0.0,0.0,0.0,0.0,0.0,0.0,0.0,0.1478771416411015,0.5019168449656349,0.0,0.0,0.17389051793847388,0.0,0.0,0.0,0.0,0.0,0.0,0.0
Niechaj Cię Panie,0.0,0.0,0.0,0.0,0.0,0.4015474549330231,0.0,0.0,0.0,0.0,0.0,0.0,0.0,0.0,0.0,0.0,0.0,0.0,0.32551716365952704,0.0,0.0,0.0,0.0,0.0,0.0,0.0,0.0,0.0,0.0,0.0,0.0,0.0,0.0,0.0,0.0,0.0,0.7069017001269485,0.0,0.0,0.0,0.0,0.0,0.0,0.0,0.0,0.0,0.0,0.0,0.0,0.0,0.29936621035017014,0.0,0.0,0.0,0.0,0.0,0.0,0.0,0.0,0.0,0.0,0.0,0.0,0.0,0.0,0.0,0.0,0.0,0.0,0.0,0.37877179944931977
Niechaj miłość Twa,0.0,0.0,0.0,0.0,0.0,0.0,0.0,0.0,0.4604567769265168,0.0,0.0,0.0,0.0,0.0,0.0,0.0,0.0,0.0,0.0,0.0,0.0,0.4791882831128201,0.0,0.0,0.0,0.0,0.0,0.0,0.0,0.0,0.0,0.0,0.0,0.0,0.0,0.0,0.5623893396275611,0.0,0.0,0.39359111011241,0.0,0.0,0.0,0.29523281427305476,0.0,0.0,0.0,0.0,0.0,0.0,0.0,0.0,0.0,0.0,0.0,0.0,0.0,0.0,0.0,0.0,0.0,0.0,0.0,0.0,0.0,0.0,0.0,0.0,0.0,0.0,0.0
Niechaj zstąpi Duch Twój,0.0,0.0,0.0,0.0,0.0,0.0,0.0,0.0,0.0,0.0,0.0,0.0,0.2134771467695211,0.0,0.0,0.0,0.0,0.2613309821046732,0.0,0.0,0.0,0.0,0.0,0.0,0.0,0.17957015806506843,0.0,0.0,0.0,0.0,0.0,0.5715597610566645,0.0,0.0,0.0,0.0,0.15652139729238362,0.19456881402114046,0.0,0.0,0.0,0.0,0.11452245349026867,0.0,0.0,0.0,0.0,0.0,0.0,0.0,0.0,0.596568034621327,0.0,0.0,0.0,0.0,0.0,0.0,0.23908046673029895,0.0,0.19668088472287212,0.0,0.0,0.0,0.0,0.0,0.0,0.0,0.0,0.0,0.0
Niepojęta łaska,0.0,0.0,0.0,0.0,0.21994622847740178,0.0,0.0,0.0,0.0,0.0,0.0,0.0,0.0,0.0,0.20516586849056706,0.0,0.0,0.0,0.0,0.24725782825896359,0.4039174447108582,0.6866811015665389,0.0,0.0,0.0,0.46229206348298274,0.0,0.0,0.0,0.0,0.0,0.0,0.0,0.0,0.0,0.0,0.0,0.0,0.0,0.0,0.0,0.0,0.0,0.0,0.0,0.0,0.0,0.0,0.0,0.0,0.0,0.0,0.0,0.0,0.0,0.0,0.0,0.0,0.0,0.0,0.0,0.0,0.0,0.0,0.0,0.0,0.0,0.0,0.0,0.0,0.0
"Niepojęty, niezmierzony",0.0,0.0,0.0,0.0,0.0,0.0,0.0,0.0,0.0,0.0,0.0,0.0,0.0,0.0,0.0,0.0,0.0,0.20145560558528264,0.0,0.44422959040561855,0.0,0.0,0.0,0.0,0.0,0.0,0.0,0.0,0.0,0.0,0.0,0.0,0.0,0.0,0.35736323583110874,0.0,0.0,0.0,0.0,0.0,0.0,0.0,0.0,0.0,0.0,0.2150010910007354,0.0,0.21011387385908364,0.0,0.0,0.30658942852101567,0.0,0.0,0.0,0.0,0.0,0.6450032730022062,0.0,0.1843030620436455,0.0,0.0,0.0,0.0,0.0,0.0,0.0,0.0,0.0,0.0,0.0,0.0
O Panie Ty nam dajesz,0.0,0.0,0.0,0.0,0.0,0.0,0.1735352828674324,0.16596190166740613,0.0,0.0,0.0,0.0,0.0,0.0,0.0,0.0,0.0,0.16260222372709884,0.0,0.5378310449749691,0.1464323987246599,0.0,0.0,0.0,0.0,0.0,0.0,0.0,0.11854301569636581,0.0,0.0,0.0,0.16596190166740613,0.0,0.0,0.0,0.0,0.0,0.0,0.0,0.0,0.0,0.07125678499437262,0.20450165840069318,0.0,0.0,0.0,0.0,0.0,0.0,0.0,0.12372979819524942,0.0,0.0,0.0,0.0,0.0,0.0,0.1487577753964447,0.0,0.0,0.0,0.0,0.6783625211349903,0.0,0.0,0.0,0.0,0.0,0.13816686811302017,0.0
O piękności niestworzona,0.0,0.0,0.0,0.0,0.0,0.0,0.5468658526111354,0.0,0.0,0.0,0.0,0.0,0.0,0.0,0.0,0.0,0.0,0.0,0.0,0.0,0.0,0.0,0.0,0.0,0.0,0.0,0.0,0.0,0.0,0.0,0.0,0.0,0.0,0.0,0.0,0.0,0.0,0.0,0.0,0.0,0.0,0.0,0.0,0.6444509262541126,0.5344349753694195,0.0,0.0,0.0,0.0,0.0,0.0,0.0,0.0,0.0,0.0,0.0,0.0,0.0,0.0,0.0,0.0,0.0,0.0,0.0,0.0,0.0,0.0,0.0,0.0,0.0,0.0
"O stworzycielu, Duchu przyjdź",0.0,0.0,0.0,0.1450693661018022,0.13331499684085477,0.0,0.0,0.0,0.0,0.10343374036391613,0.0,0.0,0.0,0.0,0.37306873546797004,0.0,0.0,0.0,0.1124691318722129,0.1498692513229756,0.0,0.2774765739176216,0.0,0.13592971488601271,0.12857151651575452,0.0,0.2774765739176216,0.0,0.0990977734251595,0.0,0.0,0.0,0.0,0.0,0.12056324423472453,0.0,0.4884818953228944,0.1012037807480857,0.12857151651575452,0.0,0.0,0.0,0.0,0.17095616211729753,0.0,0.0,0.0,0.0,0.14177177589218387,0.0,0.10343374036391613,0.0,0.0,0.0,0.0,0.0,0.0,0.25281061048179143,0.0,0.0,0.10230236142915664,0.37921591572268715,0.0,0.0,0.0,0.0,0.0,0.0,0.1387382869588108,0.0,0.0
O wychwalajcie Go,0.0,0.0,0.493697666808632,0.0,0.0,0.0,0.0,0.0,0.0,0.0,0.0,0.0,0.0,0.0,0.0,0.0,0.43788653887397794,0.0,0.0,0.0,0.0,0.0,0.0,0.0,0.0,0.0,0.0,0.0,0.0,0.0,0.0,0.0,0.0,0.0,0.0,0.0,0.0,0.0,0.0,0.0,0.0,0.0,0.0,0.0,0.0,0.0,0.0,0.0,0.0,0.0,0.0,0.7513441241273411,0.0,0.0,0.0,0.0,0.0,0.0,0.0,0.0,0.0,0.0,0.0,0.0,0.0,0.0,0.0,0.0,0.0,0.0,0.0
Oczekuję Ciebie Panie,0.0,0.0,0.0,0.0,0.0,0.0,0.0,0.0,0.0,0.0,0.0,0.0,0.0,0.24077642891529197,0.0,0.0,0.0,0.0,0.1866687410517199,0.12437147864984768,0.0,0.0,0.0,0.0,0.0,0.4650687738246239,0.0,0.0,0.0,0.0,0.0,0.0,0.0,0.0,0.0,0.0,0.0,0.0,0.0,0.0,0.0,0.24077642891529197,0.2966017159755875,0.0,0.0,0.0,0.0,0.0,0.47060661857920744,0.0,0.0,0.0,0.0,0.0,0.0,0.0,0.0,0.0,0.0,0.0,0.0,0.0,0.0,0.0,0.0,0.0,0.5208239303877887,0.0,0.0,0.1917035230471074,0.0
Oczyść serce me,0.0,0.0,0.0,0.0,0.0,0.0,0.1214923384123429,0.0,0.0,0.5197406175496289,0.0,0.0,0.0,0.0,0.0,0.0,0.0,0.0,0.0,0.0,0.0,0.0,0.0,0.0,0.0,0.46933408813362504,0.0,0.0,0.4149608062818161,0.0,0.0,0.0,0.0,0.0,0.0,0.0,0.0,0.0,0.0,0.19087040350771114,0.0,0.0,0.09977398594296558,0.0,0.0,0.0,0.0,0.0,0.0,0.0,0.0,0.0,0.0,0.0,0.0,0.0,0.0,0.0,0.0,0.0,0.0,0.0,0.0,0.0,0.0,0.0,0.5256005954484942,0.0,0.0,0.0,0.0
Oddajmy cześć,0.0,0.0,0.0,0.0,0.0,0.0,0.0,0.0,0.0,0.0,0.0,0.0,0.22245068187376474,0.0,0.0,0.0,0.0,0.0,0.4506321624716641,0.15012097916879072,0.0,0.27794263736692726,0.0,0.0,0.0,0.0,0.0,0.23139324950024498,0.0,0.0,0.0,0.0,0.0,0.0,0.0,0.0,0.32620158253395115,0.0,0.0,0.0,0.0,0.0,0.2386728345800059,0.0,0.0,0.2906260636435123,0.0,0.0,0.0,0.0,0.0,0.0,0.0,0.0,0.0,0.0,0.0,0.0,0.0,0.0,0.0,0.0,0.2670778386755739,0.0,0.0,0.0,0.0,0.0,0.0,0.0,0.5243556227580655
Odnów mnie,0.0,0.0,0.0,0.0,0.0,0.0,0.0,0.0,0.0,0.0,0.0,0.0,0.0,0.0,0.0,0.0,0.0,0.0,0.0,0.0,0.34199727904049554,0.0,0.0,0.0,0.0,0.0,0.0,0.0,0.0,0.0,0.0,0.0,0.0,0.0,0.0,0.1980420132871761,0.45490924831023927,0.2827445782560706,0.0,0.15918530404701717,0.0,0.0,0.0,0.0,0.0,0.0,0.3876090215619801,0.0,0.0,0.0,0.0,0.0,0.0,0.0,0.0,0.0,0.0,0.0,0.0,0.16841566289496362,0.0,0.0,0.0,0.0,0.0,0.0,0.0,0.5941260398615282,0.0,0.0,0.0
Ofiaruję Tobie,0.0,0.0,0.0,0.0,0.0,0.0,0.0,0.0,0.0,0.0,0.0,0.0,0.0,0.0,0.0,0.0,0.49680568878341724,0.0,0.0,0.0,0.0,0.0,0.0,0.0,0.0,0.3848835100788793,0.0,0.0,0.0,0.0,0.0,0.0,0.0,0.0,0.49680568878341724,0.0,0.0,0.4170310306526859,0.0,0.0,0.0,0.0,0.245462856173507,0.3522300449509283,0.0,0.0,0.0,0.0,0.0,0.0,0.0,0.0,0.0,0.0,0.0,0.0,0.0,0.0,0.0,0.0,0.0,0.0,0.0,0.0,0.0,0.0,0.0,0.0,0.0,0.0,0.0
Oto ja poślij mnie,0.0,0.0,0.0,0.0,0.0,0.0,0.0,0.3319751558263047,0.0,0.0,0.0,0.0,0.0,0.0,0.0,0.0,0.0,0.0,0.0,0.0,0.0,0.0,0.0,0.0,0.0,0.0,0.0,0.0,0.0,0.0,0.0,0.0,0.0,0.0,0.28848562764530894,0.0,0.0,0.0,0.0,0.0,0.0,0.0,0.42760685551063676,0.0,0.0,0.0,0.0,0.0,0.0,0.0,0.0,0.0,0.0,0.0,0.0,0.0,0.0,0.0,0.0,0.0,0.24479069996680838,0.0,0.0,0.0,0.0,0.0,0.7508651203020809,0.0,0.0,0.0,0.0
Oto jest dzień,0.0,0.0,0.0,0.0,0.0,0.0,0.0,0.0,0.0,0.0,0.0,0.4145790532727438,0.0,0.0,0.0,0.0,0.0,0.4743561650901856,0.0,0.0,0.0,0.0,0.0,0.0,0.0,0.0,0.0,0.0,0.0,0.0,0.0,0.0,0.4841572853158043,0.0,0.0,0.0,0.2841105527412501,0.0,0.0,0.0,0.0,0.0,0.2078759717537201,0.0,0.0,0.0,0.0,0.0,0.0,0.0,0.0,0.0,0.4947433016146323,0.0,0.0,0.0,0.0,0.0,0.0,0.0,0.0,0.0,0.0,0.0,0.0,0.0,0.0,0.0,0.0,0.0,0.0
Oto stoję u drzwi,0.0,0.0,0.0,0.0,0.0,0.0,0.0,0.0,0.0,0.5805421179793828,0.0,0.0,0.0,0.0,0.0,0.0,0.0,0.0,0.0,0.0,0.0,0.0,0.0,0.0,0.0,0.0,0.0,0.0,0.0,0.0,0.0,0.0,0.0,0.0,0.0,0.0,0.0,0.0,0.0,0.0,0.0,0.0,0.0,0.0,0.0,0.0,0.0,0.0,0.0,0.0,0.0,0.0,0.0,0.0,0.0,0.0,0.0,0.0,0.0,0.0,0.0,0.0,0.0,0.0,0.0,0.8142302188275821,0.0,0.0,0.0,0.0,0.0
Otwórz me oczy o Panie,0.0,0.0,0.0,0.0,0.0,0.0,0.0,0.0,0.0,0.0,0.0,0.0,0.0,0.2699585793436424,0.0,0.0,0.0,0.0,0.41858605818858935,0.0,0.0,0.0,0.0,0.0,0.0,0.1738117334884623,0.0,0.0,0.5532310821128323,0.0,0.0,0.0,0.0,0.0,0.0,0.0,0.0,0.0,0.0,0.0,0.0,0.0,0.11084996738312479,0.15906556944227843,0.0,0.0,0.0,0.0,0.0,0.0,0.19247913157108004,0.0,0.0,0.0,0.0,0.0,0.0,0.0,0.0,0.0,0.0,0.0,0.0,0.0,0.0,0.0,0.5839478929439752,0.0,0.0,0.0,0.0
Oświeć drogę mą,0.0,0.0,0.0,0.0,0.0,0.0,0.0,0.0,0.0,0.0,0.0,0.0,0.0,0.0,0.0,0.0,0.0,0.0,0.0,0.0,0.0,0.0,0.0,0.0,0.0,0.4001465281197758,0.0,0.0,0.0,0.0,0.0,0.0,0.0,0.0,0.0,0.0,0.6975712933360391,0.0,0.0,0.0,0.0,0.0,0.0,0.0,0.0,0.0,0.594371135526596,0.0,0.0,0.0,0.0,0.0,0.0,0.0,0.0,0.0,0.0,0.0,0.0,0.0,0.0,0.0,0.0,0.0,0.0,0.0,0.0,0.0,0.0,0.0,0.0
Pa-a-an jest pasterzem moim,0.0,0.7333755705819931,0.0,0.0,0.0,0.0,0.0,0.0,0.0,0.0,0.0,0.0,0.0,0.0,0.0,0.0,0.0,0.0,0.0,0.0,0.0,0.0,0.0,0.0,0.0,0.0,0.0,0.0,0.0,0.0,0.0,0.0,0.0,0.0,0.0,0.0,0.0,0.0,0.0,0.0,0.0,0.0,0.3011375236758482,0.0,0.0,0.0,0.0,0.0,0.0,0.0,0.0,0.0,0.0,0.0,0.0,0.0,0.0,0.0,0.0,0.6094886908777832,0.0,0.0,0.0,0.0,0.0,0.0,0.0,0.0,0.0,0.0,0.0
Pan - jest moim pasterzem,0.0,0.0,0.0,0.0,0.0,0.0,0.0,0.0,0.0,0.0,0.0,0.0,0.0,0.0,0.0,0.0,0.0,0.0,0.0,0.0,0.0,0.0,0.0,0.0,0.0,0.0,0.0,0.0,0.0,0.0,0.0,0.0,0.0,0.0,0.0,0.0,0.0,0.0,0.0,0.0,0.0,0.0,0.3873651977712945,0.0,0.0,0.0,0.0,0.0,0.0,0.0,0.0,0.0,0.0,0.0,0.0,0.0,0.0,0.0,0.0,0.0,0.0,0.0,0.0,0.0,0.0,0.0,0.0,0.9219263547353476,0.0,0.0,0.0
Pan blisko jest,0.0,0.0,0.0,0.0,0.0,0.0,0.0,0.0,0.0,0.0,0.0,0.0,0.0,0.0,0.0,0.0,0.0,0.0,0.0,0.0,0.0,0.0,0.0,0.0,0.0,0.5094302152656102,0.0,0.0,0.0,0.0,0.0,0.0,0.0,0.0,0.0,0.0,0.0,0.0,0.0,0.0,0.0,0.0,0.6497872337245822,0.0,0.0,0.0,0.0,0.0,0.0,0.0,0.5641430728662626,0.0,0.0,0.0,0.0,0.0,0.0,0.0,0.0,0.0,0.0,0.0,0.0,0.0,0.0,0.0,0.0,0.0,0.0,0.0,0.0
Pan mnie strzeże,0.0,0.0,0.0,0.0,0.0,0.0,0.0,0.0,0.0,0.0,0.0,0.0,0.0,0.0,0.0,0.0,0.0,0.0,0.0,0.6906418336266029,0.0,0.0,0.0,0.0,0.0,0.0,0.0,0.0,0.0,0.0,0.0,0.0,0.0,0.0,0.0,0.32666313601470276,0.0,0.0,0.0,0.0,0.0,0.0,0.5490153508986134,0.0,0.0,0.0,0.0,0.0,0.0,0.0,0.2383266329590372,0.0,0.0,0.0,0.0,0.0,0.0,0.0,0.0,0.0,0.0,0.0,0.0,0.0,0.0,0.0,0.24101372100775528,0.0,0.0,0.0,0.0
Pan wywyższony,0.0,0.0,0.0,0.0,0.0,0.0,0.0,0.0,0.0,0.0,0.0,0.0,0.11435177588465743,0.746988191181683,0.0,0.0,0.12416035466880494,0.0,0.11582474734471843,0.0,0.0,0.14287766577856426,0.0,0.0,0.0,0.0,0.0,0.11894874308854743,0.0,0.0,0.0,0.0,0.0,0.4757949723541897,0.0,0.0,0.16768539410596536,0.0,0.0,0.0,0.0,0.0,0.24538169323424833,0.0,0.0,0.0,0.0,0.0,0.0,0.0,0.0,0.10651977698362287,0.14600166152239327,0.0,0.0,0.0,0.0,0.0,0.0,0.0,0.0,0.0,0.0,0.0,0.0,0.0,0.0,0.0,0.0,0.0,0.13477368590741537
Panie dobry jak chleb,0.0,0.0,0.0,0.0,0.0,0.0,0.0,0.8249430239352861,0.0,0.0,0.10537253277090658,0.0,0.16506026200214594,0.0,0.0,0.0,0.0,0.10103039371714627,0.0,0.0,0.3639340854508373,0.0,0.0,0.0,0.0,0.069421710441885,0.0,0.08584786089734807,0.0,0.0,0.0,0.0,0.0,0.0,0.0,0.0,0.1210221479768786,0.1504403628480644,0.0,0.0,0.0,0.0,0.2656458519933411,0.0,0.0,0.0,0.0,0.0,0.0,0.08829881018003378,0.0,0.0,0.0,0.0,0.0,0.0,0.0,0.0,0.0,0.0,0.0,0.0,0.0,0.0,0.0,0.0,0.0,0.0,0.10311787799191076,0.0,0.0
Panie mój przychodzę dziś,0.38704986536266495,0.0,0.0,0.0,0.0,0.0,0.0,0.0,0.0,0.27596463924517856,0.0,0.0,0.0,0.0,0.0,0.0,0.0,0.0,0.0,0.0,0.0,0.0,0.0,0.0,0.34303305717883203,0.2492004818247501,0.0,0.0,0.26439613608728224,0.0,0.0,0.0,0.0,0.0,0.0,0.0,0.0,0.0,0.0,0.0,0.0,0.0,0.15892980714081778,0.4561166930583004,0.0,0.0,0.0,0.0,0.0,0.0,0.0,0.0,0.0,0.0,0.0,0.0,0.0,0.0,0.0,0.0,0.27294608283909677,0.0,0.3556888195255987,0.0,0.30007136253733874,0.0,0.0,0.0,0.0,0.0,0.0
Panie pozostań,0.0,0.0,0.0,0.0,0.0,0.0,0.0,0.0,0.0,0.0,0.0,0.8939208186612375,0.0,0.0,0.0,0.0,0.0,0.0,0.0,0.0,0.0,0.0,0.0,0.0,0.0,0.0,0.0,0.0,0.0,0.0,0.0,0.0,0.0,0.0,0.0,0.0,0.0,0.0,0.0,0.0,0.0,0.0,0.448224910021769,0.0,0.0,0.0,0.0,0.0,0.0,0.0,0.0,0.0,0.0,0.0,0.0,0.0,0.0,0.0,0.0,0.0,0.0,0.0,0.0,0.0,0.0,0.0,0.0,0.0,0.0,0.0,0.0
Panu chwała i cześć,0.0,0.0,0.0,0.0,0.0,0.0,0.0,0.0,0.0,0.0,0.0,0.0,0.08325611652226558,0.0,0.0,0.0,0.0,0.0,0.08432854309862681,0.33711264794969775,0.0,0.0,0.0,0.0,0.0,0.0,0.0,0.0,0.0,0.7614037435493114,0.0,0.0,0.0,0.0,0.0,0.0,0.06104336641369731,0.0,0.0,0.0,0.09477778527723793,0.0,0.04466377256997728,0.0,0.0,0.0,0.10402496593046329,0.0,0.0,0.0,0.0,0.4653232306642712,0.0,0.0,0.0,0.17320606240074757,0.0,0.0,0.09324141481891543,0.0,0.0,0.0,0.0,0.0,0.0,0.10877196336418735,0.0,0.0,0.0,0.0,0.0
Pewnej nocy łzy,0.0,0.0,0.0,0.0,0.0,0.0,0.0,0.0,0.0,0.0,0.0,0.0,0.0,0.0,0.0,0.0,0.0,0.28066345876869886,0.0,0.0,0.0,0.0,0.0,0.28066345876869886,0.0,0.0,0.0,0.0,0.0,0.0,0.0,0.40922801712790335,0.0,0.0,0.0,0.0,0.0,0.2089624271561656,0.0,0.23529185037904587,0.26099775317982055,0.0,0.0,0.3529849804945072,0.0,0.0,0.0,0.29272596511401644,0.0,0.4905899810639495,0.0,0.0,0.0,0.0,0.0,0.0,0.0,0.0,0.0,0.0,0.0,0.0,0.0,0.0,0.0,0.0,0.0,0.0,0.0,0.2384862285581165,0.0
Podnieś mnie Jezu,0.0,0.0,0.0,0.5245720221537251,0.0,0.0,0.0,0.0,0.0,0.0,0.0,0.0,0.0,0.0,0.4496732062863248,0.0,0.0,0.0,0.0,0.0,0.0,0.0,0.0,0.0,0.0,0.0,0.0,0.0,0.0,0.0,0.0,0.35833836455925483,0.0,0.0,0.0,0.5126479088072871,0.0,0.0,0.0,0.0,0.0,0.0,0.0,0.0,0.25632395440364353,0.0,0.0,0.0,0.0,0.0,0.0,0.0,0.0,0.0,0.0,0.0,0.0,0.0,0.0,0.0,0.0,0.0,0.0,0.0,0.0,0.0,0.0,0.25632395440364353,0.0,0.0,0.0
Pokój Wam nie bójcie się,0.0,0.2634656304510921,0.0,0.0,0.0,0.0,0.0,0.0,0.0,0.0,0.0,0.0,0.0,0.0,0.0,0.0,0.0,0.0,0.0,0.0,0.0,0.0,0.0,0.0,0.0,0.0,0.0,0.0,0.35994997501315723,0.0,0.0,0.0,0.0,0.0,0.0,0.25747675969986294,0.0,0.0,0.0,0.0,0.0,0.0,0.0,0.0,0.0,0.0,0.0,0.0,0.7724302790995887,0.0,0.0,0.0,0.0,0.0,0.0,0.0,0.0,0.0,0.0,0.0,0.37158990729516117,0.0,0.0,0.0,0.0,0.0,0.0,0.0,0.0,0.0,0.0
Pomódl się Miriam,0.0,0.0,0.0,0.0,0.0,0.0,0.0,0.0,0.0,0.0,0.0,0.0,0.0,0.0,0.0,0.0,0.0,0.0,0.0,0.0,0.0,0.0,0.0,0.0,0.0,0.0,0.0,0.10213180686151668,0.1752520347205014,0.0,0.0,0.43813008680125354,0.0,0.0,0.0,0.0,0.0,0.0,0.0,0.10076381334172323,0.670634248699742,0.0,0.0,0.0,0.0,0.0,0.0,0.0,0.0,0.0,0.0,0.0,0.0,0.0,0.0,0.0,0.25655169340565076,0.44708949913316126,0.0,0.0,0.1809192717201858,0.0,0.0,0.0,0.0,0.0,0.09249123893974305,0.0,0.0,0.0,0.0
Powietrzem moim jest,0.0,0.0,0.0,0.0,0.0,0.0,0.0,0.34892750664302685,0.0,0.0,0.0,0.0,0.0,0.0,0.0,0.0,0.0,0.0,0.0,0.0,0.0,0.0,0.0,0.0,0.0,0.4698146393835089,0.0,0.0,0.24923141083169173,0.0,0.0,0.0,0.0,0.0,0.0,0.0,0.20475574732767643,0.0,0.0,0.0,0.635819988137102,0.0,0.0,0.0,0.0,0.0,0.0,0.0,0.0,0.0,0.0,0.0,0.0,0.0,0.0,0.0,0.0,0.0,0.0,0.0,0.0,0.0,0.0,0.0,0.28286044623087947,0.0,0.26306937899222715,0.0,0.0,0.0,0.0
Prawda jedyna,0.0,0.0,0.0,0.0,0.0,0.0,0.0,0.0,0.0,0.0,0.3498337385337558,0.0,0.0,0.0,0.0,0.0,0.148749954618849,0.0,0.0,0.3698149377873604,0.0,0.0,0.0,0.0,0.0,0.0,0.0,0.1425061984043772,0.0,0.0,0.0,0.7335961831512738,0.0,0.0,0.0,0.0,0.0,0.0,0.0,0.0,0.1559578421890992,0.0,0.0,0.10546216435272546,0.0,0.0,0.0,0.0,0.0,0.0,0.0,0.0,0.0,0.0,0.0,0.0,0.0,0.1559578421890992,0.0,0.0,0.0,0.0,0.0,0.0,0.1387635043184622,0.0,0.0,0.0,0.0,0.2850123968087544,0.0
Przed obliczem Pana uniżmy się,0.0,0.0,0.0,0.0,0.0,0.0,0.0,0.0,0.0,0.0,0.0,0.0,0.4747955733659306,0.0,0.0,0.0,0.0,0.0,0.0,0.0,0.0,0.0,0.0,0.0,0.0,0.0,0.0,0.0,0.0,0.0,0.0,0.0,0.0,0.0,0.0,0.0,0.2320800069892515,0.0,0.0,0.0,0.0,0.0,0.5943232230977141,0.0,0.0,0.0,0.0,0.0,0.0,0.0,0.0,0.0,0.0,0.0,0.0,0.0,0.0,0.0,0.0,0.0,0.0,0.0,0.0,0.6062078359397304,0.0,0.0,0.0,0.0,0.0,0.0,0.0
Przed Tronem Twym,0.0,0.0,0.0,0.0,0.0,0.0,0.0,0.0,0.0,0.0,0.0,0.0,0.0,0.0,0.0,0.0,0.326819608831257,0.0,0.7621957653301297,0.0,0.0,0.0,0.0,0.0,0.0,0.0,0.0,0.0,0.0,0.19662507335355026,0.0,0.0,0.0,0.0,0.326819608831257,0.0,0.0,0.0,0.0,0.15445380170126277,0.0,0.0,0.1614757569175129,0.11585584475831476,0.0,0.0,0.0,0.0,0.0,0.0,0.14019270458530267,0.14019270458530267,0.0,0.0,0.0,0.0,0.0,0.0,0.0,0.0,0.0,0.0,0.18069335888988722,0.0,0.0,0.0,0.0,0.0,0.0,0.0,0.17737821153339065
Przychodzisz Panie,0.0,0.0,0.0,0.0,0.0,0.0,0.0,0.0,0.0,0.4589431038561874,0.0,0.0,0.0,0.0,0.0,0.0,0.0,0.0,0.0,0.3324904384815447,0.0,0.0,0.0,0.0,0.0,0.0,0.0,0.0,0.0,0.0,0.0,0.4397041000447678,0.0,0.0,0.0,0.0,0.0,0.0,0.0,0.0,0.0,0.0,0.5286165588749177,0.0,0.0,0.0,0.0,0.0,0.0,0.0,0.0,0.0,0.0,0.0,0.0,0.0,0.0,0.0,0.0,0.0,0.45392309241573126,0.0,0.0,0.0,0.0,0.0,0.0,0.0,0.0,0.0,0.0
Przyjaciela mam,0.0,0.0,0.0,0.0,0.0,0.0,0.0,0.0,0.0,0.40077242905709926,0.0,0.0,0.0,0.0,0.0,0.5266838637396029,0.0,0.0,0.0,0.2903475388318817,0.0,0.0,0.0,0.0,0.0,0.0,0.0,0.0,0.0,0.0,0.5266838637396029,0.0,0.0,0.44753545351691215,0.0,0.0,0.0,0.0,0.0,0.0,0.0,0.0,0.0,0.0,0.0,0.0,0.0,0.0,0.0,0.0,0.0,0.0,0.0,0.0,0.0,0.0,0.0,0.0,0.0,0.0,0.0,0.0,0.0,0.0,0.0,0.0,0.0,0.0,0.0,0.0,0.0
Przyjacielu,0.0,0.0,0.0,0.0,0.0,0.0,0.0,0.0,0.0,0.0,0.0,0.0,0.0,0.0,0.0,0.0,0.0,0.0,0.0,0.0,0.2418030134415686,0.0,0.0,0.0,0.0,0.18449911073672617,0.0,0.0,0.0,0.0,0.0,0.0,0.0,0.0,0.0,0.0,0.0,0.39981891814108755,0.0,0.0,0.4993808730773611,0.0,0.0,0.3376924620900744,0.0,0.0,0.0,0.0,0.0,0.0,0.0,0.0,0.0,0.0,0.0,0.0,0.0,0.0,0.0,0.0,0.0,0.0,0.0,0.0,0.0,0.0,0.6198538200063467,0.0,0.0,0.0,0.0
Przyjdź jak deszcz,0.0,0.0,0.0,0.0,0.1771145198200511,0.0,0.0,0.0,0.0,0.48095609587461363,0.0,0.0789155114844158,0.07375985573923645,0.0,0.0,0.09029414076366953,0.0,0.0,0.14941992092535894,0.0,0.0,0.0,0.0,0.0,0.0,0.0,0.276479379563349,0.0,0.0,0.0,0.09029414076366953,0.0,0.09215979318778299,0.0,0.0,0.0,0.16224213025745177,0.0,0.0,0.4541840014060124,0.0,0.0,0.19784693060062167,0.0,0.0,0.0,0.276479379563349,0.0,0.0,0.0,0.13741602739274675,0.0,0.0,0.0,0.0,0.0,0.0,0.0,0.0,0.0,0.0,0.0,0.0,0.09417485131532129,0.44825976277607676,0.0,0.13896536730631334,0.0,0.0,0.07672501859021776,0.0
"Przywołaj mnie, Panie",0.0,0.0,0.0,0.0,0.0,0.0,0.0,0.0,0.0,0.0,0.0,0.0,0.0,0.0,0.0,0.0,0.0,0.0,0.0,0.0,0.0,0.0,0.0,0.0,0.0,0.5666603580037212,0.0,0.0,0.0,0.0,0.0,0.0,0.0,0.0,0.7314423249949078,0.0,0.24696328159605938,0.0,0.0,0.0,0.0,0.0,0.1806963228008768,0.1296462423985469,0.0,0.0,0.0,0.0,0.0,0.0,0.0,0.0,0.0,0.0,0.0,0.0,0.0,0.0,0.0,0.18286058124872695,0.0,0.0,0.0,0.0,0.0,0.0,0.0,0.0,0.0,0.0,0.0
Raduje się Dusza ma,0.0,0.0,0.0,0.0,0.0,0.2840246809598731,0.0,0.0,0.0,0.0,0.0,0.0,0.0,0.0,0.0,0.0,0.0,0.0,0.0,0.0,0.0,0.0,0.0,0.0,0.0,0.0,0.0,0.0,0.0,0.0,0.0,0.0,0.0,0.0,0.0,0.0,0.0,0.0,0.0,0.0,0.0,0.0,0.36584334273558833,0.0,0.0,0.0,0.0,0.0,0.0,0.24320750076420164,0.21174929971615844,0.21174929971615844,0.0,0.0,0.2902348320679979,0.4729133643415277,0.0,0.0,0.0,0.24681677804931434,0.0,0.5175532620399094,0.0,0.0,0.0,0.0,0.0,0.0,0.0,0.0,0.0
Rozpięty na ramionach,0.0,0.0,0.0,0.0,0.0,0.0,0.0,0.12716187835787032,0.3665733327799325,0.0,0.1299422510956428,0.10888744782101659,0.4070947418076549,0.0,0.0,0.0,0.0,0.0,0.0,0.20604610224114164,0.0,0.0,0.0,0.0,0.0,0.0,0.0,0.10586501058107803,0.0,0.0,0.0,0.0,0.0,0.0,0.0,0.0,0.0,0.0,0.0,0.31334103919483586,0.0,0.5318587533423254,0.0,0.0,0.1299422510956428,0.0,0.0,0.0,0.0,0.10888744782101659,0.0,0.0,0.0,0.0,0.0,0.0,0.2659293766711627,0.3475739048213348,0.0,0.0,0.0,0.0,0.0,0.0,0.0,0.0,0.0,0.0,0.0,0.0,0.0
Schowaj mnie,0.0,0.0,0.0,0.0,0.0,0.0,0.0,0.0,0.0,0.0,0.0,0.0,0.0,0.0,0.0,0.0,0.0,0.0,0.0,0.35379209692794594,0.0,0.0,0.0,0.32088542806357323,0.0,0.0,0.0,0.0,0.0,0.0,0.0,0.0,0.0,0.5453275312281092,0.0,0.0,0.0,0.0,0.0,0.0,0.0,0.0,0.2812417128283418,0.0,0.0,0.0,0.0,0.0,0.0,0.0,0.0,0.0,0.0,0.0,0.0,0.0,0.0,0.0,0.0,0.2846102360137712,0.0,0.0,0.0,0.0,0.26550269420499734,0.0,0.4938522145175551,0.0,0.0,0.0,0.0
Serce wielkie nam daj,0.0,0.0,0.0,0.0,0.0863788005940333,0.0,0.0,0.0,0.0863788005940333,0.0,0.0,0.0,0.14389080866362433,0.0,0.0,0.0,0.0,0.0,0.0,0.0,0.0,0.0,0.0,0.0,0.0,0.3631090584661111,0.08989271355779191,0.0,0.0,0.0,0.0,0.0,0.0,0.0,0.0,0.0,0.15825106413294804,0.0,0.0,0.0,0.08190180335424323,0.0,0.15438400496000815,0.05538382247977478,0.0,0.0,0.6292489949045433,0.0,0.09185820237667429,0.46184540288718584,0.0,0.0,0.0,0.0,0.0,0.0,0.0,0.0,0.0,0.0,0.0,0.0,0.0,0.0,0.0,0.0,0.0,0.0,0.08989271355779191,0.3741881291331389,0.0
"Spocznij na nas, Duchu Pana",0.0,0.0,0.0,0.0,0.0,0.0,0.0,0.0,0.0,0.0,0.0,0.0,0.0,0.0,0.0,0.2984169575303204,0.0,0.0,0.0,0.0,0.0,0.0,0.0,0.0,0.0,0.0,0.0,0.0,0.0,0.0,0.0,0.0,0.0,0.0,0.0,0.0,0.0,0.0,0.0,0.0,0.0,0.0,0.1307745521186807,0.1876566055217767,0.0,0.0,0.0,0.0,0.0,0.0,0.22707604537583798,0.0,0.0,0.0,0.0,0.0,0.0,0.0,0.0,0.0,0.8983689687411404,0.0,0.0,0.0,0.0,0.0,0.0,0.0,0.0,0.0,0.0
Stoisz u naszych drzwi,0.0,0.0,0.0,0.0,0.0,0.0,0.0,0.0,0.0,0.4137272854999793,0.0,0.0,0.0,0.0,0.0,0.0,0.0,0.0,0.0,0.0,0.0,0.0,0.26662504693993877,0.0,0.0,0.0,0.2774714259410581,0.0,0.0,0.0,0.0,0.0,0.0,0.0,0.0,0.0,0.0,0.4048076125249318,0.0,0.0,0.25280592012873065,0.0,0.3574022991129717,0.3419059807923106,0.0,0.0,0.0,0.0,0.0,0.0,0.0,0.0,0.0,0.0,0.0,0.0,0.0,0.0,0.0,0.0,0.0,0.0,0.0,0.28353829124817653,0.0,0.2901333493081316,0.20919599149023022,0.0,0.0,0.0,0.0
Stoję dziś,0.0,0.0,0.0,0.0,0.0,0.0,0.0,0.0,0.0,0.0,0.0,0.0,0.0,0.0,0.0,0.0,0.0,0.36813184115986103,0.0,0.0,0.0,0.0,0.0,0.0,0.34820399009407926,0.2529569681079111,0.0,0.0,0.0,0.0,0.0,0.0,0.0,0.0,0.0,0.0,0.0,0.0,0.0,0.3086202331787442,0.0,0.0,0.16132553942888675,0.0,0.0,0.0,0.0,0.0,0.0,0.0,0.0,0.0,0.0,0.0,0.0,0.0,0.0,0.0,0.0,0.326515575446868,0.0,0.0,0.0,0.0,0.6091893685569614,0.0,0.28328292451348674,0.0,0.0,0.0,0.0
Swojego Ducha Panie,0.0,0.0,0.0,0.0,0.0,0.0,0.0,0.0,0.0,0.0,0.0,0.0,0.0,0.0,0.0,0.0,0.0,0.0,0.0,0.0,0.0,0.0,0.0,0.0,0.0,0.0,0.0,0.0,0.0,0.0,0.0,0.0,0.0,0.0,0.0,0.0,0.0,0.0,0.0,0.0,0.0,0.0,0.0,0.0,0.0,0.0,0.0,0.0,0.0,0.0,0.0,0.0,0.0,0.0,0.0,0.0,0.0,0.0,0.0,0.0,0.6728805417616751,0.0,0.0,0.0,0.7397511585111001,0.0,0.0,0.0,0.0,0.0,0.0
Ta krew,0.0,0.0,0.0,0.0,0.17915684220024614,0.0,0.9747654107443053,0.0,0.0,0.0,0.0,0.0,0.0,0.0,0.0,0.0,0.0,0.0,0.0,0.0,0.0,0.0,0.0,0.0,0.0,0.0,0.0,0.0,0.1331736457010984,0.0,0.0,0.0,0.0,0.0,0.0,0.0,0.0,0.0,0.0,0.0,0.0,0.0,0.0,0.0,0.0,0.0,0.0,0.0,0.0,0.0,0.0,0.0,0.0,0.0,0.0,0.0,0.0,0.0,0.0,0.0,0.0,0.0,0.0,0.0,0.0,0.0,0.0,0.0,0.0,0.0,0.0
Tak jest mało czasu (zabierzesz mnie),0.0,0.0,0.0,0.0,0.0,0.0,0.0,0.0,0.0,0.0,0.0,0.09761943902975224,0.0,0.0,0.0,0.0,0.0,0.0,0.0,0.0,0.0,0.0,0.0,0.0,0.0,0.230249142066756,0.0,0.47454886456659806,0.0,0.0,0.0,0.0,0.0,0.0,0.6934769996162876,0.0,0.0,0.0,0.0,0.0,0.0,0.0,0.0,0.0,0.0,0.0,0.0,0.0,0.0,0.0,0.0,0.0,0.0,0.0,0.0,0.0,0.11920509246778403,0.0,0.0,0.0,0.0,0.0,0.0,0.46598170540540573,0.0,0.0,0.0,0.0,0.0,0.0,0.0
Tak mnie skrusz,0.0,0.0,0.0,0.0,0.0,0.0,0.0,0.0,0.0,0.0,0.0,0.0,0.0,0.0,0.0,0.0,0.0,0.0,0.0,0.0,0.0,0.0,0.0,0.0,0.0,0.0,0.0,0.0,0.0,0.0,0.0,0.0,0.0,0.0,0.0,0.0,0.8070435898763578,0.0,0.0,0.0,0.0,0.0,0.590491866192483,0.0,0.0,0.0,0.0,0.0,0.0,0.0,0.0,0.0,0.0,0.0,0.0,0.0,0.0,0.0,0.0,0.0,0.0,0.0,0.0,0.0,0.0,0.0,0.0,0.0,0.0,0.0,0.0
Tchnij moc,0.0,0.0,0.0,0.0,0.0,0.0,0.0,0.0,0.0,0.0,0.0,0.0,0.0,0.0,0.0,0.0,0.0,0.0,0.0,0.0,0.0,0.0,0.0,0.0,0.0,0.29222403797965496,0.0,0.0,0.0,0.45387261584550576,0.0,0.0,0.0,0.0,0.0,0.0,0.0,0.31663214595805733,0.0,0.0,0.0,0.0,0.18636845987592685,0.26743178997775413,0.0,0.0,0.0,0.0,0.0,0.0,0.3236089297633753,0.0,0.0,0.0,0.0,0.0,0.0,0.0,0.0,0.0,0.0,0.395479128971821,0.0,0.0,0.0,0.0,0.4908863395494733,0.0,0.0,0.0,0.0
Tobie chór Aniołów,0.0,0.0,0.8258853528014618,0.0,0.0,0.0,0.0,0.0,0.0,0.0,0.0,0.0,0.0,0.0,0.0,0.0,0.0,0.0,0.0,0.0,0.0,0.0,0.0,0.0,0.0,0.0,0.0,0.0,0.0,0.0,0.0,0.0,0.0,0.0,0.0,0.0,0.0,0.0,0.0,0.0,0.0,0.0,0.0,0.0,0.0,0.0,0.2809832497334706,0.0,0.0,0.0,0.0,0.41896363486410343,0.0,0.0,0.0,0.0,0.0,0.0,0.251855653219619,0.0,0.0,0.0,0.0,0.0,0.0,0.0,0.0,0.0,0.0,0.0,0.0
Twe światło jest na drodze mej,0.0,0.0,0.0,0.0,0.0,0.0,0.0,0.0,0.0,0.0,0.0,0.0,0.0,0.0,0.0,0.0,0.0,0.0,0.0,0.0,0.0,0.0,0.0,0.0,0.0,0.0,0.0,0.0,0.0,0.0,0.0,0.0,0.0,0.0,0.537487775638798,0.0,0.0,0.0,0.5731897715693366,0.0,0.0,0.0,0.0,0.0,0.0,0.0,0.0,0.0,0.0,0.0,0.0,0.0,0.0,0.0,0.0,0.0,0.0,0.0,0.0,0.0,0.0,0.0,0.0,0.0,0.0,0.0,0.0,0.0,0.6185146536721252,0.0,0.0
Ty jesteś chlebem żywym,0.0,0.0,0.0,0.0,0.0,0.0,0.0,0.7984884948468973,0.0,0.0,0.0,0.0,0.0,0.0,0.0,0.0,0.0,0.0,0.0,0.0,0.0,0.0,0.0,0.0,0.0,0.0,0.0,0.0,0.0,0.0,0.0,0.0,0.0,0.0,0.0,0.0,0.0,0.0,0.0,0.0,0.0,0.0,0.0,0.0,0.0,0.0,0.0,0.0,0.0,0.0,0.0,0.0,0.0,0.0,0.0,0.0,0.0,0.0,0.0,0.0,0.0,0.0,0.0,0.0,0.0,0.0,0.6020100693486251,0.0,0.0,0.0,0.0
Ty jesteś dobry,0.0,0.0,0.4337755847624954,0.0,0.0,0.0,0.0,0.0,0.0,0.0,0.0,0.0,0.0,0.0,0.0,0.0,0.0,0.0,0.0,0.0,0.3906391802585069,0.442738231335007,0.0,0.0,0.0,0.0,0.0,0.0,0.0,0.0,0.0,0.0,0.0,0.0,0.0,0.0,0.0,0.0,0.0,0.0,0.0,0.0,0.1900924407473408,0.0,0.0,0.0,0.0,0.0,0.0,0.3791123305617325,0.0,0.3300752248921747,0.0,0.0,0.0,0.0,0.0,0.0,0.0,0.0,0.0,0.0,0.0,0.0,0.0,0.0,0.0,0.0,0.0,0.0,0.4176262469294971
Ty jesteś skałą,0.0,0.0,0.0,0.0,0.0,0.0,0.0,0.0,0.0,0.0,0.0,0.0,0.0,0.0,0.0,0.0,0.0,0.0,0.0,0.0,0.0,0.0,0.0,0.0,0.0,0.0,0.0,0.0,0.0,0.0,0.40548299268668875,0.0,0.0,0.0,0.0,0.0,0.0,0.0,0.0,0.0,0.0,0.0,0.3553876910963162,0.0,0.0,0.0,0.0,0.0,0.0,0.0,0.30854638827653713,0.0,0.0,0.43274688513433046,0.0,0.0,0.0,0.0,0.0,0.0,0.0,0.3770713526732114,0.0,0.0,0.0,0.43274688513433046,0.31202519088503755,0.0,0.0,0.0,0.0
Ty tylko mnie poprowadź,0.0,0.44060066912429074,0.0,0.0,0.0,0.0,0.0,0.0,0.0,0.0,0.0,0.12027223911783468,0.0,0.0,0.0,0.0,0.0,0.0,0.0,0.0,0.0,0.0,0.0,0.0,0.0,0.0,0.0,0.0,0.0,0.0,0.0,0.0,0.0,0.0,0.0,0.8611706385647356,0.0,0.0,0.0,0.0,0.0,0.0,0.12061250265419231,0.0,0.0,0.0,0.0,0.0,0.0,0.0,0.0,0.0,0.0,0.0,0.0,0.0,0.0,0.0,0.0,0.0,0.0,0.0,0.0,0.0,0.0,0.14686688970809691,0.0,0.0,0.0,0.11693378917052702,0.0
Ty wskazałeś drogę do miłości,0.0,0.0,0.0,0.0,0.0,0.0,0.0,0.0,0.0,0.0,0.0,0.15863962849737298,0.0,0.0,0.0,0.0,0.0,0.0,0.0,0.0,0.0,0.0,0.0,0.0,0.0,0.3741738195010167,0.0,0.0,0.0,0.0,0.0,0.0,0.0,0.0,0.48298167433524863,0.0,0.0,0.13514226989336875,0.0,0.0,0.0,0.0,0.6363537505759195,0.11414298769281568,0.0,0.0,0.0,0.18931466254778342,0.0,0.0,0.0,0.0,0.0,0.0,0.0,0.0,0.0,0.0,0.0,0.0,0.0,0.0,0.0,0.0,0.0,0.0,0.0,0.0,0.18526389905730772,0.30847239577253016,0.0
Ty światłość dnia,0.0,0.0,0.0,0.0,0.0,0.0,0.0,0.0,0.0,0.0,0.19136899118083503,0.1603610901463172,0.14988448598872575,0.19582020516733661,0.0,0.18348315273286292,0.16274090013680825,0.18348315273286292,0.0,0.30344891203714613,0.49571053023228484,0.0,0.0,0.0,0.0,0.0,0.0,0.15590987615981558,0.0,0.0,0.0,0.0,0.0,0.15590987615981558,0.0,0.0,0.0,0.0,0.1735507738079093,0.0,0.0,0.0,0.0,0.2307631972206831,0.0,0.0,0.0,0.0,0.0,0.0,0.0,0.0,0.0,0.0,0.0,0.0,0.0,0.0,0.0,0.0,0.0,0.0,0.1799537058357264,0.0,0.0,0.0,0.0,0.0,0.0,0.0,0.5299563862676107
"Tyś jest Bóg, wywyższamy Cię",0.5616338688190395,0.0,0.0,0.5616338688190395,0.0,0.0,0.0,0.0,0.0,0.0,0.0,0.0,0.0,0.0,0.4814433326313402,0.0,0.0,0.0,0.0,0.29010827612794704,0.0,0.0,0.0,0.0,0.0,0.0,0.0,0.0,0.0,0.0,0.0,0.0,0.0,0.0,0.0,0.0,0.0,0.0,0.0,0.0,0.0,0.0,0.23061721613447542,0.0,0.0,0.0,0.0,0.0,0.0,0.0,0.0,0.0,0.0,0.0,0.0,0.0,0.0,0.0,0.0,0.0,0.0,0.0,0.0,0.0,0.0,0.0,0.0,0.0,0.0,0.0,0.0
Ubi Caritas (Tam gdzie miłość),0.0,0.0,0.0,0.0,0.0,0.0,0.0,0.0,0.0,0.0,0.0,0.0,0.0,0.0,0.0,0.0,0.0,0.0,0.0,0.4014541420553529,0.0,0.0,0.0,0.0,0.0,0.0,0.0,0.0,0.0,0.0,0.0,0.0,0.0,0.0,0.0,0.0,0.0,0.0,0.0,0.0,0.0,0.0,0.0,0.9158791251178294,0.0,0.0,0.0,0.0,0.0,0.0,0.0,0.0,0.0,0.0,0.0,0.0,0.0,0.0,0.0,0.0,0.0,0.0,0.0,0.0,0.0,0.0,0.0,0.0,0.0,0.0,0.0
Ukaż mi Panie swą twarz,0.0,0.0,0.0,0.0,0.0,0.0,0.0,0.0,0.0,0.0,0.0,0.0,0.0,0.0,0.0,0.0,0.0,0.0,0.0,0.0,0.0,0.0,0.0,0.0,0.0,0.0,0.0,0.0,0.0,0.0,0.0,0.0,0.0,0.0,0.0,0.0,0.25124543191794846,0.0,0.0,0.0,0.0,0.0,0.3676589116785994,0.0,0.0,0.0,0.0,0.0,0.0,0.0,0.0,0.0,0.0,0.0,0.0,0.0,0.0,0.0,0.0,0.0,0.0,0.0,0.0,0.0,0.0,0.8953784996322345,0.0,0.0,0.0,0.0,0.0
Uwielbiajcie Pana ludzkich serc,0.0,0.0,0.0,0.0,0.0,0.0,0.0,0.0,0.0,0.0,0.0,0.0,0.23403611928031265,0.0,0.0,0.0,0.0,0.0,0.0,0.315878837423946,0.0,0.0,0.0,0.0,0.0,0.1968637091513776,0.292418147177469,0.0,0.4177359823247764,0.0,0.0,0.0,0.0,0.0,0.0,0.0,0.0,0.0,0.0,0.0,0.0,0.0,0.0,0.36032363719290117,0.0,0.0,0.0,0.0,0.0,0.5007894842996289,0.0,0.21800689179499003,0.0,0.0,0.0,0.24344442410578787,0.0,0.0,0.0,0.0,0.0,0.0,0.0,0.0,0.0,0.0,0.0,0.0,0.0,0.24344442410578787,0.0
Uwielbiam Imię Twoje Panie,0.0,0.0,0.0,0.0,0.0,0.0,0.0,0.0,0.0,0.0,0.0,0.0,0.0,0.0,0.0,0.0,0.27883414400244927,0.0,0.26011438487199173,0.0,0.0,0.0,0.0,0.0,0.0,0.0,0.0,0.0,0.0,0.0,0.0,0.22918960916277764,0.0,0.0,0.0,0.0,0.0,0.0,0.0,0.0,0.29234544332261686,0.0,0.13776699206714216,0.39538099217963135,0.0,0.0,0.0,0.0,0.0,0.0,0.0,0.0,0.0,0.0,0.0,0.2671301241667242,0.0,0.0,0.28760645410238733,0.0,0.0,0.29234544332261686,0.0,0.0,0.26011438487199173,0.0,0.48382961002166314,0.0,0.0,0.0,0.0
Uwielbiam Twoje Imię,0.0,0.0,0.0,0.0,0.0,0.0,0.0,0.0,0.0,0.0,0.3390971178045103,0.0,0.0,0.0,0.0,0.0,0.0,0.0,0.0,0.0,0.0,0.0,0.0,0.0,0.0,0.22340453726288412,0.0,0.0,0.2370272160156288,0.0,0.0,0.0,0.0,0.0,0.0,0.0,0.0,0.0,0.0,0.0,0.0,0.0,0.0,0.8178037057105415,0.0,0.0,0.0,0.0,0.0,0.0,0.0,0.0,0.0,0.0,0.0,0.0,0.0,0.0,0.0,0.0,0.0,0.0,0.0,0.0,0.0,0.0,0.0,0.0,0.33184146097348516,0.0,0.0
W cieniu Twoich rąk,0.0,0.26314614635440725,0.0,0.0,0.0,0.0,0.0,0.0,0.0,0.0,0.0,0.4309913051223163,0.0,0.0,0.0,0.0,0.0,0.0,0.0,0.0,0.0,0.0,0.0,0.2465674291442512,0.23322014847931782,0.16942557621199475,0.0,0.0,0.0,0.0,0.2465674291442512,0.0,0.0,0.0,0.0,0.0,0.14767892511493705,0.0,0.23322014847931782,0.4134154613577031,0.0,0.0,0.0,0.0,0.0,0.0,0.0,0.25716453783680926,0.0,0.0,0.0,0.0,0.0,0.0,0.0,0.0,0.26314614635440725,0.0,0.0,0.0,0.0,0.2292907858269123,0.0,0.0,0.0,0.26314614635440725,0.18973730226020794,0.0,0.0,0.0,0.0
W swe ramiona,0.0,0.0,0.0,0.0,0.0,0.0,0.0,0.0,0.0,0.0,0.537123797993955,0.0,0.0,0.0,0.0,0.0,0.0,0.0,0.42610630281042045,0.0,0.0,0.0,0.0,0.0,0.0,0.0,0.0,0.0,0.0,0.0,0.0,0.0,0.0,0.0,0.0,0.0,0.0,0.38342581761900746,0.0,0.0,0.0,0.0,0.0,0.0,0.0,0.0,0.0,0.0,0.0,0.0,0.3918743566225597,0.0,0.0,0.0,0.0,0.0,0.0,0.0,0.0,0.0,0.0,0.4789056016989505,0.0,0.0,0.0,0.0,0.0,0.0,0.0,0.0,0.0
W swoim wielkim (Pieśń o nadziei),0.0,0.0,0.0,0.0,0.0,0.0,0.0,0.0,0.0,0.0,0.0,0.0,0.0,0.0,0.0,0.0,0.0,0.38331399914576875,0.0,0.2113113461680019,0.0,0.0,0.5639109663552154,0.0,0.0,0.0,0.0,0.0,0.0,0.0,0.5749709987186531,0.0,0.0,0.0,0.0,0.0,0.0,0.0,0.0,0.0,0.0,0.0,0.0,0.0,0.3997882760866634,0.0,0.0,0.0,0.0,0.0,0.0,0.0,0.0,0.0,0.0,0.0,0.0,0.0,0.0,0.0,0.0,0.0,0.0,0.0,0.0,0.0,0.0,0.0,0.0,0.0,0.0
W Tobie jest światło,0.0,0.0,0.0,0.0,0.0,0.0,0.0,0.0,0.0,0.0,0.0,0.0,0.0,0.0,0.0,0.0,0.0,0.0,0.0,0.0,0.0,0.0,0.0,0.0,0.0,0.0,0.0,0.0,0.0,0.0,0.0,0.5180404235977345,0.0,0.0,0.0,0.0,0.0,0.5290497216673078,0.6721164419372764,0.0,0.0,0.0,0.0,0.0,0.0,0.0,0.0,0.0,0.0,0.0,0.0,0.0,0.0,0.0,0.0,0.0,0.0,0.0,0.0,0.0,0.0,0.0,0.0,0.0,0.0,0.0,0.0,0.0,0.0,0.0,0.0
Wejdźmy do Jego bram,0.0,0.0,0.6043637145415384,0.0,0.0,0.0,0.0,0.0,0.0,0.0,0.0,0.0,0.0,0.0,0.0,0.0,0.0,0.0,0.0,0.0,0.0,0.0,0.0,0.0,0.0,0.0,0.0,0.0,0.0,0.0,0.0,0.0,0.0,0.0,0.0,0.0,0.36197718430097026,0.0,0.14291201774913742,0.0,0.0,0.0,0.06621221757976133,0.0,0.0,0.0,0.0,0.0,0.0,0.0,0.0,0.0,0.6303383860342924,0.0,0.1575845965085731,0.12838545458563633,0.0,0.0,0.1382265870121493,0.0,0.0,0.0,0.0,0.0,0.0,0.0,0.0,0.0,0.0,0.0,0.14546585766378936
Wielbi Dusza moja Pana (Magnificat),0.0,0.0,0.0,0.22310845426357148,0.2050309012479135,0.21337161374810443,0.0,0.0,0.0,0.0,0.0,0.0,0.0,0.22310845426357148,0.19125284944930912,0.20905218925010194,0.18541942923590585,0.0,0.17297114365803706,0.11524520270131797,0.18826319117204224,0.0,0.2050309012479135,0.0,0.0,0.0,0.0,0.0,0.30481350603453555,0.0,0.0,0.0,0.0,0.0,0.0,0.0,0.0,0.0,0.0,0.0,0.0,0.0,0.09161244268712188,0.0,0.4360738952331255,0.0,0.0,0.0,0.0,0.0,0.15907522415930803,0.0,0.0,0.0,0.21803694761656275,0.0,0.0,0.1944041876023667,0.0,0.18541942923590585,0.31467045509739494,0.0,0.2050309012479135,0.0,0.0,0.0,0.0,0.0,0.0,0.0,0.0
Wielbić Pana chcę,0.0,0.0,0.0,0.0,0.0,0.0,0.0,0.0,0.0,0.0,0.0,0.0,0.0,0.0,0.0,0.0,0.0,0.0,0.0,0.0,0.0,0.0,0.0,0.0,0.0,0.0,0.0,0.0,0.0,0.0,0.0,0.0,0.0,0.0,0.0,0.0,0.0,0.24925723490575297,0.0,0.0,0.0,0.0,0.29342369418467557,0.0,0.0,0.0,0.0,0.0,0.0,0.0,0.0,0.25474945628013973,0.0,0.0,0.0,0.5689483865831292,0.0,0.0,0.3062799984518397,0.0,0.0,0.0,0.0,0.0,0.0,0.0,0.5152434171579293,0.0,0.0,0.0,0.3223206448419722
Wiele jest serc,0.0,0.0,0.0,0.0,0.0,0.0,0.0,0.0,0.18971932267305958,0.0,0.0,0.0,0.0,0.0,0.0,0.0,0.0,0.0,0.0,0.21327752709213632,0.0,0.0,0.0,0.0,0.0,0.13291996831570102,0.7897486240671736,0.0,0.0,0.0,0.0,0.0,0.0,0.0,0.0,0.40350817138045053,0.0,0.0,0.0,0.0,0.0,0.0,0.0,0.0,0.0,0.0,0.0,0.0,0.0,0.3381269339731787,0.0,0.0,0.0,0.0,0.0,0.0,0.0,0.0,0.0,0.0,0.0,0.0,0.0,0.0,0.0,0.0,0.0,0.0,0.0,0.0,0.0
Wierzę w Ciebie Panie,0.0,0.0,0.0,0.0,0.0,0.0,0.0,0.0,0.0,0.0,0.15236529009799565,0.0,0.0,0.0,0.2672968614444012,0.0,0.0,0.0,0.0,0.40266956894086414,0.0,0.0,0.0,0.292173393628019,0.0,0.3011446751566733,0.0,0.0,0.1065025877045694,0.0,0.0,0.0,0.0,0.0,0.0,0.0,0.08749706493659817,0.2175319215077442,0.13817867688389587,0.0,0.0,0.0,0.06401922499464026,0.18373040099921656,0.0,0.0,0.0,0.15236529009799565,0.15236529009799565,0.0,0.0,0.0,0.0,0.1559092838566328,0.0,0.0,0.0,0.40755180391338924,0.0,0.1295720080204769,0.10994662991819662,0.27170120260892616,0.0,0.0,0.0,0.0,0.0,0.0,0.2982102637446555,0.12413324313229637,0.0
Wszelka chwała,0.3678806054740577,0.0,0.0,0.0,0.0,0.0,0.0,0.0,0.0,0.2622970517760554,0.0,0.0,0.0,0.0,0.31535431629557276,0.0,0.0,0.0,0.2852098512738819,0.0,0.0,0.0,0.0,0.0,0.0,0.0,0.0,0.0,0.5026029942558048,0.0,0.0,0.2513014971279024,0.0,0.0,0.0,0.0,0.0,0.0,0.0,0.0,0.0,0.0,0.0,0.0,0.0,0.0,0.0,0.0,0.0,0.0,0.0,0.0,0.0,0.0,0.3595182646469226,0.0,0.0,0.0,0.0,0.0,0.25942799417468804,0.32055051646479965,0.0,0.0,0.0,0.0,0.0,0.0,0.0,0.0,0.0
Wszyscy ludzie (Nadejdzie dzień),0.19286977972188543,0.0,0.0,0.0,0.0,0.0,0.0,0.0,0.0,0.5500607952143347,0.0,0.6317797104962001,0.0,0.0,0.0,0.0,0.0,0.0,0.0,0.0,0.0,0.0,0.17724234113131676,0.0,0.17093588215930217,0.0,0.0,0.3071215602671208,0.0,0.0,0.0,0.0,0.184452607492335,0.1535607801335604,0.0,0.0,0.0,0.0,0.0,0.0,0.0,0.0,0.0,0.0,0.0,0.0,0.0,0.0,0.0,0.15794492762405002,0.0,0.0,0.0,0.0,0.0,0.0,0.0,0.0,0.0,0.0,0.0,0.0,0.0,0.0,0.0,0.0,0.0,0.0,0.0,0.1535607801335604,0.0
Wszystkie narody klaskajcie,0.0,0.0,0.0,0.0,0.0,0.0,0.0,0.0,0.0,0.0,0.0,0.0,0.20421924131369762,0.0,0.0,0.0,0.0,0.0,0.0,0.13781748031915347,0.0,0.0,0.0,0.0,0.23646481570562505,0.0,0.0,0.0,0.0,0.0,0.0,0.0,0.0,0.4248578018283369,0.0,0.0,0.0,0.0,0.0,0.0,0.0,0.0,0.1095559357012403,0.0,0.0,0.0,0.0,0.0,0.0,0.0,0.0,0.0,0.0,0.0,0.0,0.6372867027425053,0.0,0.0,0.0,0.0,0.0,0.0,0.0,0.0,0.0,0.5336143159762932,0.0,0.0,0.0,0.0,0.0
Wszystko mogę w Tym,0.0,0.0,0.0,0.0,0.0,0.0,0.0,0.0,0.0,0.0,0.0,0.0,0.0,0.0,0.0,0.0,0.0,0.0,0.0,0.0,0.0,0.0,0.0,0.0,0.0,0.0,0.0,0.0,0.0,0.0,0.0,1.0,0.0,0.0,0.0,0.0,0.0,0.0,0.0,0.0,0.0,0.0,0.0,0.0,0.0,0.0,0.0,0.0,0.0,0.0,0.0,0.0,0.0,0.0,0.0,0.0,0.0,0.0,0.0,0.0,0.0,0.0,0.0,0.0,0.0,0.0,0.0,0.0,0.0,0.0,0.0
Wykrzykujcie Bogu,0.0,0.0,0.0,0.0,0.0,0.0,0.0,0.0,0.0,0.0,0.0,0.0,0.5198643434209409,0.0,0.0,0.0,0.0,0.0,0.0,0.23388718078068,0.0,0.0,0.0,0.0,0.20064976144947494,0.0,0.0,0.0,0.0,0.0,0.0,0.0,0.0,0.7210173431715001,0.0,0.0,0.0,0.0,0.0,0.0,0.0,0.0,0.030987516822507926,0.0,0.0,0.0,0.0,0.0,0.0,0.12360038805031977,0.0,0.0,0.0,0.0,0.0,0.300423892988125,0.0,0.0,0.0,0.0,0.0,0.0,0.06935082522853406,0.0,0.0,0.0,0.0,0.0,0.0,0.060084778597625,0.0
Wykrzykujcie na cześć Pana,0.0,0.0,0.0,0.0,0.0,0.14998687235517344,0.0,0.0,0.0,0.0,0.0,0.0,0.0,0.0,0.0,0.0,0.13033823842100453,0.0,0.0,0.0810101550223769,0.2646744496841447,0.0,0.0,0.0,0.0,0.0,0.0,0.0,0.0,0.4704937830740987,0.0,0.0,0.4499606170655204,0.0,0.13033823842100453,0.0,0.0,0.0,0.0,0.0,0.0,0.0,0.4507846406681049,0.09240844985144547,0.0,0.0,0.0,0.0,0.0,0.12843226246980505,0.0,0.4472796530286297,0.0,0.0,0.0,0.0,0.0,0.0,0.0,0.0,0.0,0.0,0.0,0.0,0.12158787380027888,0.0,0.0,0.0,0.0,0.0,0.0
"Wzywam Cię, Duchu przyjdź",0.0,0.0,0.0,0.0,0.0,0.0,0.0,0.0,0.0,0.38180252113283913,0.0,0.0,0.0,0.0,0.0,0.0,0.0,0.0,0.0,0.1383022063063792,0.0,0.0,0.0,0.0,0.0,0.517160672224803,0.0,0.0,0.0,0.0,0.0,0.1828986344265287,0.0,0.0,0.0,0.0,0.0,0.0,0.0,0.21032068345686236,0.46659691562673766,0.0,0.1099412613432869,0.0,0.0,0.0,0.0,0.0,0.0,0.0,0.19090126056641957,0.0,0.0,0.0,0.2616594027764611,0.0,0.0,0.0,0.0,0.22251612695633766,0.0,0.0,0.0,0.0,0.0,0.0,0.1930536364439465,0.2616594027764611,0.0,0.0,0.0
Zaprowadź mnie tam,0.0,0.0,0.0,0.0,0.0,0.0,0.0,0.0,0.0,0.0,0.0,0.0,0.0,0.0,0.0,0.0,0.0,0.0,0.0,0.0,0.0,0.0,0.0,0.0,0.0,0.0,0.0,0.5069173209836234,0.0,0.0,0.5965676486948849,0.0,0.0,0.0,0.0,0.6222072566415814,0.0,0.0,0.0,0.0,0.0,0.0,0.0,0.0,0.0,0.0,0.0,0.0,0.0,0.0,0.0,0.0,0.0,0.0,0.0,0.0,0.0,0.0,0.0,0.0,0.0,0.0,0.0,0.0,0.0,0.0,0.0,0.0,0.0,0.0,0.0
Zaufaj Panu już dziś,0.0,0.05631487627667432,0.0,0.0,0.0,0.0,0.0,0.0,0.0,0.0,0.0,0.0,0.0,0.0,0.0,0.052766929930317834,0.0,0.0,0.0,0.0,0.04751957227842492,0.0,0.0,0.0,0.0,0.036258104078912126,0.0,0.0,0.0,0.0,0.052766929930317834,0.0,0.0,0.0,0.046801777418869095,0.0,0.0,0.0,0.0,0.0,0.0,0.0,0.462478519010703,0.033181971415021876,0.0,0.0,0.0,0.0,0.0,0.0,0.0,0.0,0.0,0.0,0.0,0.0,0.0,0.0,0.0,0.0,0.0,0.0,0.0,0.0,0.8731940335196592,0.0,0.0,0.0,0.0,0.08967456017879985,0.0
Zbawca,0.0,0.0,0.0,0.0,0.09416210945843521,0.0,0.0,0.0,0.0,0.0,0.0,0.0,0.0,0.0,0.0,0.09600891868924531,0.25546614415435037,0.0,0.07943840495821142,0.15878189080678617,0.0,0.09799264953129318,0.0,0.0,0.0,0.06597126971259251,0.0,0.0,0.0,0.0,0.09600891868924531,0.2799761650067411,0.0,0.0,0.0,0.0,0.05750351521562966,0.07148154150867715,0.09081172784968626,0.0,0.0,0.0,0.042073759631133544,0.06037427608050548,0.0,0.3073931182607406,0.0,0.0,0.0,0.0,0.43833954525621965,0.0,0.0,0.6147862365214812,0.3004057261977648,0.0,0.0,0.0,0.0,0.0,0.0,0.0,0.0,0.0,0.0,0.0,0.0,0.0,0.0,0.08158099749283984,0.0
"Ziemia, którą mi dajesz",0.0,0.0,0.0,0.0,0.0,0.0,0.0,0.0,0.0,0.0,0.0,0.0,0.0,0.0,0.0,0.0,0.0,0.0,0.4229369644846189,0.0,0.0,0.0,0.0,0.0,0.0,0.0,0.0,0.0,0.0,0.0,0.0,0.0,0.0,0.0,0.0,0.0,0.0,0.0,0.0,0.0,0.0,0.0,0.0,0.0,0.0,0.5455292160387234,0.0,0.0,0.0,0.0,0.0,0.0,0.0,0.0,0.0,0.0,0.0,0.0,0.0,0.0,0.0,0.0,0.5013272454899966,0.0,0.0,0.0,0.0,0.0,0.5217213733882529,0.0,0.0
Zmartwychwstał Pan,0.0,0.1295481610325497,0.0,0.0,0.0,0.06194722712067062,0.0,0.0,0.0,0.18473439586770316,0.2532067706184458,0.053044792573569324,0.0,0.0,0.0,0.0,0.0,0.0,0.0,0.167293123506446,0.0,0.06194722712067062,0.059525705332830955,0.06069318790848077,0.0,0.0,0.0,0.0,0.0,0.0,0.0,0.044247571539813194,0.0,0.0,0.0,0.0,0.3635153589925124,0.0,0.28703860734618547,0.0,0.2257619961918717,0.0,0.47875375970362205,0.0,0.0,0.0,0.0,0.1266033853092229,0.0,0.0,0.23091799483462894,0.0,0.0,0.06477408051627485,0.0,0.0,0.0,0.0,0.1110511702489013,0.0,0.0,0.0,0.0,0.0,0.3515255742457556,0.0,0.2802258622550636,0.0,0.0,0.0,0.23373439327419784
Łaskawość Twoja Panie,0.0,0.0,0.0,0.0,0.0,0.0,0.0,0.0,0.0,0.0,0.0,0.0,0.0,0.0,0.0,0.0,0.0,0.0,0.0,0.0,0.0,0.0,0.0,0.0,0.0,0.0,0.0,0.8887651887037318,0.0,0.0,0.0,0.0,0.0,0.0,0.0,0.0,0.0,0.0,0.0,0.0,0.0,0.0,0.45836278137346637,0.0,0.0,0.0,0.0,0.0,0.0,0.0,0.0,0.0,0.0,0.0,0.0,0.0,0.0,0.0,0.0,0.0,0.0,0.0,0.0,0.0,0.0,0.0,0.0,0.0,0.0,0.0,0.0
Łaską jesteśmy zbawieni,0.0,0.0,0.0,0.0,0.0,0.22524699848569132,0.2355257514196781,0.0,0.0,0.0,0.0,0.0,0.0,0.0,0.0,0.0,0.0,0.0,0.0,0.0,0.0,0.9009879939427653,0.0,0.0,0.0,0.0,0.0,0.1875229918430024,0.0,0.0,0.0,0.0,0.0,0.0,0.0,0.0,0.0,0.0,0.0,0.0,0.0,0.0,0.0,0.0,0.0,0.0,0.0,0.0,0.0,0.0,0.0,0.0,0.0,0.0,0.0,0.0,0.0,0.0,0.0,0.0,0.0,0.0,0.2164420762990034,0.0,0.0,0.0,0.0,0.0,0.0,0.0,0.0
Święte Imię Jezus,0.31383181383185943,0.0,0.0,0.0,0.0,0.0,0.0,0.0,0.0,0.0,0.0,0.0,0.0,0.0,0.0,0.0,0.0,0.0,0.0,0.0,0.0,0.0,0.0,0.0,0.0,0.20205933709744303,0.0,0.0,0.42876087235249993,0.0,0.0,0.42876087235249993,0.0,0.0,0.0,0.0,0.0,0.0,0.0,0.0,0.0,0.0,0.0,0.0,0.0,0.0,0.0,0.0,0.0,0.0,0.22376053071771265,0.0,0.0,0.6276636276637189,0.0,0.0,0.0,0.0,0.0,0.0,0.2213129932894622,0.0,0.0,0.0,0.0,0.0,0.0,0.0,0.0,0.0,0.0
Święty Święty... (Otwieram serce swe),0.0,0.0,0.0,0.0,0.0,0.0,0.0,0.0,0.0,0.1207616496455447,0.0,0.0,0.0,0.0,0.0,0.0,0.0,0.0,0.0,0.08748817338147374,0.0,0.0,0.0,0.0,0.1501106735311342,0.10904970057009644,0.0,0.0,0.9255943411051631,0.0,0.0,0.0,0.0,0.2697047786881035,0.0,0.0,0.09505260613159683,0.0,0.0,0.0,0.0,0.0,0.06954740919224037,0.0,0.0,0.0,0.0,0.0,0.0,0.0,0.0,0.0,0.0,0.0,0.0,0.0,0.0,0.0,0.0,0.0,0.0,0.0,0.0,0.0,0.0,0.0,0.0,0.0,0.0,0.0,0.0
